IncidentId,UnitNumber,Factor_Type,Factor
32658708,1,ENVIRON FACTOR,2
32658708,2,ENVIRON FACTOR,2
32658708,3,ENVIRON FACTOR,2
32659228,1,ENVIRON FACTOR,2
32659228,2,ENVIRON FACTOR,2
32672935,1,ENVIRON FACTOR,2
32672935,2,ENVIRON FACTOR,2
32676655,1,ENVIRON FACTOR,2
32676655,2,ENVIRON FACTOR,2
32682385,1,ENVIRON FACTOR,17
32682385,1,ENVIRON FACTOR,2
32682385,2,ENVIRON FACTOR,17
32682385,2,ENVIRON FACTOR,2
32686833,1,ENVIRON FACTOR,2
32686843,1,ENVIRON FACTOR,2
32686843,2,ENVIRON FACTOR,2
32700076,1,ENVIRON FACTOR,2
32702194,1,ENVIRON FACTOR,17
32702194,1,ENVIRON FACTOR,2
32702194,2,ENVIRON FACTOR,17
32702194,2,ENVIRON FACTOR,2
32709294,1,ENVIRON FACTOR,2
32709294,1,ENVIRON FACTOR,11
32709294,2,ENVIRON FACTOR,99
32709983,1,ENVIRON FACTOR,2
32709983,1,ENVIRON FACTOR,14
32709983,2,ENVIRON FACTOR,99
32714074,1,ENVIRON FACTOR,2
32714074,2,ENVIRON FACTOR,2
32716413,1,ENVIRON FACTOR,2
32716413,2,ENVIRON FACTOR,2
32717185,1,ENVIRON FACTOR,2
32728816,1,ENVIRON FACTOR,2
32731794,1,ENVIRON FACTOR,2
32731794,2,ENVIRON FACTOR,2
32733964,1,ENVIRON FACTOR,2
32733964,2,ENVIRON FACTOR,2
32733997,1,ENVIRON FACTOR,2
32733997,2,ENVIRON FACTOR,2
32747062,1,ENVIRON FACTOR,2
32747062,2,ENVIRON FACTOR,9
32750312,1,ENVIRON FACTOR,9
32750312,1,ENVIRON FACTOR,11
32750312,2,ENVIRON FACTOR,2
32750312,2,ENVIRON FACTOR,11
32750402,1,ENVIRON FACTOR,2
32750402,2,ENVIRON FACTOR,99
32755079,1,ENVIRON FACTOR,2
32756505,1,ENVIRON FACTOR,2
32756505,2,ENVIRON FACTOR,2
32757863,1,ENVIRON FACTOR,2
32757863,2,ENVIRON FACTOR,99
32757948,1,ENVIRON FACTOR,2
32757948,2,ENVIRON FACTOR,2
32768176,1,ENVIRON FACTOR,2
32768176,2,ENVIRON FACTOR,2
32768291,1,ENVIRON FACTOR,17
32768291,1,ENVIRON FACTOR,2
32768291,2,ENVIRON FACTOR,17
32768291,2,ENVIRON FACTOR,2
32770298,1,ENVIRON FACTOR,2
32770298,2,ENVIRON FACTOR,2
32770580,1,ENVIRON FACTOR,2
32770580,2,ENVIRON FACTOR,99
32774475,1,ENVIRON FACTOR,2
32774475,2,ENVIRON FACTOR,2
32774475,3,ENVIRON FACTOR,2
32774475,4,ENVIRON FACTOR,2
32774475,5,ENVIRON FACTOR,2
32774475,6,ENVIRON FACTOR,2
32774475,7,ENVIRON FACTOR,2
32774475,8,ENVIRON FACTOR,2
32774475,9,ENVIRON FACTOR,2
32775587,1,ENVIRON FACTOR,2
32776771,1,ENVIRON FACTOR,2
32776771,2,ENVIRON FACTOR,2
32777994,1,ENVIRON FACTOR,2
32777994,2,ENVIRON FACTOR,2
32778070,1,ENVIRON FACTOR,2
32778070,2,ENVIRON FACTOR,2
32779720,1,ENVIRON FACTOR,2
32779720,2,ENVIRON FACTOR,2
32787804,1,ENVIRON FACTOR,2
32787804,2,ENVIRON FACTOR,2
32788638,1,ENVIRON FACTOR,2
32788664,1,ENVIRON FACTOR,2
32788674,1,ENVIRON FACTOR,2
32788674,2,ENVIRON FACTOR,2
32794984,1,ENVIRON FACTOR,2
32794984,2,ENVIRON FACTOR,2
32795317,1,ENVIRON FACTOR,2
32795317,2,ENVIRON FACTOR,2
32797962,1,ENVIRON FACTOR,2
32797962,2,ENVIRON FACTOR,2
32800875,1,ENVIRON FACTOR,2
32800875,2,ENVIRON FACTOR,2
32806149,1,ENVIRON FACTOR,2
32806149,2,ENVIRON FACTOR,2
32810423,1,ENVIRON FACTOR,2
32810423,2,ENVIRON FACTOR,17
32810423,2,ENVIRON FACTOR,2
32819262,1,ENVIRON FACTOR,2
32819262,2,ENVIRON FACTOR,2
32820177,1,ENVIRON FACTOR,2
32820177,2,ENVIRON FACTOR,2
32821422,1,ENVIRON FACTOR,17
32821422,1,ENVIRON FACTOR,2
32821422,2,ENVIRON FACTOR,17
32821422,2,ENVIRON FACTOR,2
32826965,1,ENVIRON FACTOR,2
32832100,1,ENVIRON FACTOR,2
32832100,1,ENVIRON FACTOR,9
32832100,2,ENVIRON FACTOR,2
32832100,2,ENVIRON FACTOR,9
32832491,1,ENVIRON FACTOR,2
32840628,1,ENVIRON FACTOR,2
32844492,1,ENVIRON FACTOR,99
32844492,2,ENVIRON FACTOR,2
32846496,1,ENVIRON FACTOR,2
32846883,1,ENVIRON FACTOR,2
32846883,2,ENVIRON FACTOR,99
32852002,1,ENVIRON FACTOR,2
32852002,2,ENVIRON FACTOR,2
32852416,1,ENVIRON FACTOR,17
32852416,1,ENVIRON FACTOR,2
32852417,1,ENVIRON FACTOR,17
32852417,1,ENVIRON FACTOR,2
32852417,2,ENVIRON FACTOR,17
32852417,2,ENVIRON FACTOR,2
32852417,3,ENVIRON FACTOR,17
32852417,3,ENVIRON FACTOR,2
32857520,1,ENVIRON FACTOR,2
32857520,2,ENVIRON FACTOR,2
32857830,1,ENVIRON FACTOR,17
32857830,1,ENVIRON FACTOR,2
32857830,2,ENVIRON FACTOR,17
32857830,2,ENVIRON FACTOR,2
32857830,3,ENVIRON FACTOR,17
32863012,1,ENVIRON FACTOR,2
32863012,2,ENVIRON FACTOR,2
32863012,3,ENVIRON FACTOR,2
32870255,1,ENVIRON FACTOR,2
32870255,2,ENVIRON FACTOR,2
32872676,1,ENVIRON FACTOR,2
32872987,1,ENVIRON FACTOR,17
32872987,1,ENVIRON FACTOR,2
32872987,2,ENVIRON FACTOR,17
32872987,2,ENVIRON FACTOR,2
32878865,1,ENVIRON FACTOR,2
32880874,1,ENVIRON FACTOR,2
32880874,2,ENVIRON FACTOR,2
32880874,3,ENVIRON FACTOR,2
32880874,4,ENVIRON FACTOR,2
32882819,1,ENVIRON FACTOR,17
32882819,1,ENVIRON FACTOR,2
32882819,2,ENVIRON FACTOR,17
32882819,2,ENVIRON FACTOR,2
32882819,3,ENVIRON FACTOR,17
32882819,3,ENVIRON FACTOR,2
32882832,1,ENVIRON FACTOR,2
32882832,2,ENVIRON FACTOR,2
32888031,1,ENVIRON FACTOR,17
32888031,1,ENVIRON FACTOR,2
32888031,2,ENVIRON FACTOR,17
32888031,2,ENVIRON FACTOR,2
32888031,3,ENVIRON FACTOR,17
32888031,3,ENVIRON FACTOR,2
32888031,4,ENVIRON FACTOR,17
32888031,4,ENVIRON FACTOR,2
32889501,1,ENVIRON FACTOR,2
32889605,2,ENVIRON FACTOR,2
32889605,1,ENVIRON FACTOR,2
32890651,1,ENVIRON FACTOR,2
32891668,1,ENVIRON FACTOR,2
32892624,1,ENVIRON FACTOR,2
32892624,2,ENVIRON FACTOR,2
32893084,1,ENVIRON FACTOR,2
32893165,1,ENVIRON FACTOR,2
32893165,1,ENVIRON FACTOR,11
32894126,1,ENVIRON FACTOR,2
32894126,2,ENVIRON FACTOR,2
32894322,1,ENVIRON FACTOR,2
32894322,2,ENVIRON FACTOR,99
32899838,1,ENVIRON FACTOR,2
32899838,2,ENVIRON FACTOR,2
32903647,1,ENVIRON FACTOR,2
32903647,2,ENVIRON FACTOR,99
32903647,3,ENVIRON FACTOR,99
32903647,4,ENVIRON FACTOR,99
32906874,1,ENVIRON FACTOR,9
32906874,2,ENVIRON FACTOR,2
32909108,1,ENVIRON FACTOR,17
32909108,1,ENVIRON FACTOR,2
32909108,2,ENVIRON FACTOR,17
32909108,2,ENVIRON FACTOR,2
32915773,1,ENVIRON FACTOR,2
32915773,2,ENVIRON FACTOR,99
32921513,1,ENVIRON FACTOR,2
32921513,2,ENVIRON FACTOR,2
32921514,1,ENVIRON FACTOR,2
32921514,1,ENVIRON FACTOR,9
32921514,2,ENVIRON FACTOR,2
32921514,2,ENVIRON FACTOR,9
32922019,1,ENVIRON FACTOR,2
32922019,2,ENVIRON FACTOR,2
32923488,1,ENVIRON FACTOR,17
32923488,1,ENVIRON FACTOR,2
32923488,2,ENVIRON FACTOR,17
32923488,2,ENVIRON FACTOR,2
32923488,3,ENVIRON FACTOR,17
32923488,3,ENVIRON FACTOR,2
32923488,4,ENVIRON FACTOR,17
32923488,4,ENVIRON FACTOR,2
32923488,5,ENVIRON FACTOR,17
32923488,5,ENVIRON FACTOR,2
32933584,1,ENVIRON FACTOR,2
32933584,1,ENVIRON FACTOR,11
32933584,2,ENVIRON FACTOR,2
32933584,2,ENVIRON FACTOR,11
32933584,3,ENVIRON FACTOR,2
32933584,3,ENVIRON FACTOR,11
32943651,1,ENVIRON FACTOR,17
32943651,1,ENVIRON FACTOR,2
32943651,2,ENVIRON FACTOR,17
32943651,2,ENVIRON FACTOR,2
32943735,1,ENVIRON FACTOR,2
32943735,1,ENVIRON FACTOR,6
32943735,2,ENVIRON FACTOR,99
32943995,1,ENVIRON FACTOR,2
32943995,2,ENVIRON FACTOR,2
32944295,1,ENVIRON FACTOR,9
32944295,2,ENVIRON FACTOR,2
32944295,2,ENVIRON FACTOR,9
32945957,1,ENVIRON FACTOR,2
32945957,2,ENVIRON FACTOR,99
32947384,1,ENVIRON FACTOR,2
32947384,2,ENVIRON FACTOR,2
32947384,2,ENVIRON FACTOR,11
32948416,1,ENVIRON FACTOR,2
32948416,2,ENVIRON FACTOR,16
32948609,1,ENVIRON FACTOR,2
32957053,1,ENVIRON FACTOR,2
32963932,1,ENVIRON FACTOR,2
32963932,2,ENVIRON FACTOR,2
32964686,1,ENVIRON FACTOR,2
32964686,2,ENVIRON FACTOR,99
32965206,1,ENVIRON FACTOR,2
32965206,2,ENVIRON FACTOR,2
32965206,3,ENVIRON FACTOR,2
32965207,1,ENVIRON FACTOR,2
32965207,2,ENVIRON FACTOR,2
32970125,1,ENVIRON FACTOR,2
32971254,1,ENVIRON FACTOR,2
32971254,2,ENVIRON FACTOR,99
32971390,1,ENVIRON FACTOR,2
32972126,1,ENVIRON FACTOR,2
32972126,2,ENVIRON FACTOR,2
32972750,1,ENVIRON FACTOR,2
32973003,1,ENVIRON FACTOR,2
32973003,2,ENVIRON FACTOR,2
32976305,1,ENVIRON FACTOR,2
32976305,2,ENVIRON FACTOR,99
32979391,1,ENVIRON FACTOR,17
32979391,1,ENVIRON FACTOR,2
32979391,2,ENVIRON FACTOR,17
32979391,2,ENVIRON FACTOR,2
32979457,1,ENVIRON FACTOR,2
32979457,2,ENVIRON FACTOR,2
32982687,1,ENVIRON FACTOR,2
32982687,2,ENVIRON FACTOR,2
32983242,1,ENVIRON FACTOR,2
32983242,2,ENVIRON FACTOR,2
32984950,1,ENVIRON FACTOR,2
32985847,1,ENVIRON FACTOR,2
32985847,2,ENVIRON FACTOR,2
32985854,1,ENVIRON FACTOR,17
32985854,1,ENVIRON FACTOR,2
32985854,2,ENVIRON FACTOR,2
32985854,3,ENVIRON FACTOR,17
32985854,3,ENVIRON FACTOR,2
32988649,1,ENVIRON FACTOR,2
32988728,1,ENVIRON FACTOR,2
32988728,1,ENVIRON FACTOR,12
32988728,2,ENVIRON FACTOR,2
32993328,1,ENVIRON FACTOR,2
32993328,2,ENVIRON FACTOR,2
32997960,1,ENVIRON FACTOR,2
32997960,2,ENVIRON FACTOR,2
32997960,3,ENVIRON FACTOR,2
32998037,1,ENVIRON FACTOR,2
32998037,2,ENVIRON FACTOR,2
32998037,3,ENVIRON FACTOR,2
32999195,1,ENVIRON FACTOR,2
32999195,2,ENVIRON FACTOR,2
33000396,1,ENVIRON FACTOR,17
33000396,1,ENVIRON FACTOR,2
33000396,2,ENVIRON FACTOR,17
33000396,2,ENVIRON FACTOR,2
33001120,1,ENVIRON FACTOR,2
33001120,2,ENVIRON FACTOR,2
33004289,1,ENVIRON FACTOR,17
33004289,1,ENVIRON FACTOR,2
33004289,2,ENVIRON FACTOR,17
33004289,2,ENVIRON FACTOR,2
33004562,1,ENVIRON FACTOR,2
33004562,2,ENVIRON FACTOR,2
33004562,2,ENVIRON FACTOR,9
33004881,1,ENVIRON FACTOR,17
33004881,1,ENVIRON FACTOR,2
33004881,2,ENVIRON FACTOR,17
33004881,2,ENVIRON FACTOR,2
33005638,1,ENVIRON FACTOR,2
33005638,1,ENVIRON FACTOR,3
33005726,1,ENVIRON FACTOR,17
33005726,1,ENVIRON FACTOR,2
33005726,2,ENVIRON FACTOR,17
33005726,2,ENVIRON FACTOR,2
33006961,1,ENVIRON FACTOR,2
33006961,2,ENVIRON FACTOR,2
33009378,1,ENVIRON FACTOR,2
33009378,2,ENVIRON FACTOR,2
33009739,1,ENVIRON FACTOR,2
33009739,2,ENVIRON FACTOR,2
33011469,1,ENVIRON FACTOR,2
33011469,2,ENVIRON FACTOR,2
33012740,1,ENVIRON FACTOR,2
33012740,2,ENVIRON FACTOR,2
33015002,1,ENVIRON FACTOR,2
33015002,2,ENVIRON FACTOR,2
33016788,1,ENVIRON FACTOR,2
33016788,2,ENVIRON FACTOR,2
33016788,3,ENVIRON FACTOR,2
33016788,4,ENVIRON FACTOR,2
33024535,1,ENVIRON FACTOR,2
33024535,2,ENVIRON FACTOR,99
33025893,1,ENVIRON FACTOR,2
33026575,1,ENVIRON FACTOR,2
33028817,1,ENVIRON FACTOR,2
33028817,2,ENVIRON FACTOR,2
33028993,1,ENVIRON FACTOR,2
33032568,1,ENVIRON FACTOR,2
33032568,2,ENVIRON FACTOR,2
33034032,1,ENVIRON FACTOR,17
33034032,1,ENVIRON FACTOR,2
33034032,2,ENVIRON FACTOR,17
33034032,2,ENVIRON FACTOR,2
33034069,1,ENVIRON FACTOR,2
33034069,2,ENVIRON FACTOR,2
33034069,3,ENVIRON FACTOR,2
33035547,1,ENVIRON FACTOR,2
33035547,2,ENVIRON FACTOR,2
33035871,1,ENVIRON FACTOR,2
33035871,2,ENVIRON FACTOR,2
33035872,1,ENVIRON FACTOR,2
33035872,2,ENVIRON FACTOR,2
33035872,3,ENVIRON FACTOR,2
33035874,1,ENVIRON FACTOR,2
33035874,2,ENVIRON FACTOR,2
33038192,1,ENVIRON FACTOR,17
33038192,1,ENVIRON FACTOR,2
33038192,2,ENVIRON FACTOR,17
33038192,2,ENVIRON FACTOR,2
33039605,1,ENVIRON FACTOR,2
33039605,2,ENVIRON FACTOR,2
33040558,1,ENVIRON FACTOR,2
33044209,1,ENVIRON FACTOR,2
33044209,2,ENVIRON FACTOR,2
33044209,2,ENVIRON FACTOR,9
33044210,1,ENVIRON FACTOR,2
33044210,2,ENVIRON FACTOR,2
33049227,1,ENVIRON FACTOR,2
33049227,2,ENVIRON FACTOR,2
33050770,1,ENVIRON FACTOR,2
33050770,1,ENVIRON FACTOR,9
33050770,2,ENVIRON FACTOR,2
33051731,1,ENVIRON FACTOR,2
33051731,2,ENVIRON FACTOR,99
33051932,1,ENVIRON FACTOR,2
33051932,1,ENVIRON FACTOR,9
33053276,1,ENVIRON FACTOR,2
33053502,1,ENVIRON FACTOR,2
33053502,2,ENVIRON FACTOR,2
33053757,1,ENVIRON FACTOR,2
33053757,1,ENVIRON FACTOR,3
33056442,1,ENVIRON FACTOR,2
33056442,2,ENVIRON FACTOR,2
33056442,3,ENVIRON FACTOR,2
33056442,4,ENVIRON FACTOR,2
33057218,1,ENVIRON FACTOR,2
33057218,2,ENVIRON FACTOR,2
33059719,1,ENVIRON FACTOR,2
33059719,2,ENVIRON FACTOR,2
33061429,1,ENVIRON FACTOR,2
33061429,2,ENVIRON FACTOR,2
33062789,1,ENVIRON FACTOR,2
33062789,2,ENVIRON FACTOR,2
33062791,1,ENVIRON FACTOR,2
33064809,1,ENVIRON FACTOR,2
33064809,2,ENVIRON FACTOR,2
33065755,1,ENVIRON FACTOR,2
33065755,2,ENVIRON FACTOR,2
33067333,1,ENVIRON FACTOR,2
33070342,1,ENVIRON FACTOR,2
33070342,2,ENVIRON FACTOR,99
33071998,1,ENVIRON FACTOR,2
33071998,2,ENVIRON FACTOR,2
33077658,1,ENVIRON FACTOR,2
33077658,2,ENVIRON FACTOR,2
33077658,3,ENVIRON FACTOR,2
33079150,1,ENVIRON FACTOR,2
33079150,2,ENVIRON FACTOR,2
33079150,3,ENVIRON FACTOR,2
33079465,1,ENVIRON FACTOR,2
33079465,2,ENVIRON FACTOR,2
33081957,1,ENVIRON FACTOR,17
33081957,1,ENVIRON FACTOR,2
33081957,2,ENVIRON FACTOR,17
33081957,2,ENVIRON FACTOR,2
33082023,1,ENVIRON FACTOR,2
33082958,1,ENVIRON FACTOR,2
33082958,2,ENVIRON FACTOR,2
33083941,2,ENVIRON FACTOR,2
33087003,1,ENVIRON FACTOR,2
33087003,2,ENVIRON FACTOR,2
33087435,1,ENVIRON FACTOR,17
33087435,1,ENVIRON FACTOR,2
33087435,2,ENVIRON FACTOR,2
33088235,1,ENVIRON FACTOR,2
33091299,1,ENVIRON FACTOR,2
33091299,2,ENVIRON FACTOR,2
33092743,1,ENVIRON FACTOR,2
33092743,2,ENVIRON FACTOR,2
33093968,1,ENVIRON FACTOR,2
33093968,2,ENVIRON FACTOR,2
33095200,1,ENVIRON FACTOR,2
33095200,2,ENVIRON FACTOR,2
33095200,2,ENVIRON FACTOR,9
33096673,1,ENVIRON FACTOR,2
33096673,2,ENVIRON FACTOR,2
33096887,1,ENVIRON FACTOR,2
33097623,1,ENVIRON FACTOR,2
33097623,2,ENVIRON FACTOR,9
33101554,1,ENVIRON FACTOR,2
33101554,1,ENVIRON FACTOR,9
33101554,2,ENVIRON FACTOR,2
33101884,1,ENVIRON FACTOR,2
33101884,2,ENVIRON FACTOR,2
33102133,1,ENVIRON FACTOR,2
33102133,1,ENVIRON FACTOR,11
33102133,2,ENVIRON FACTOR,99
33102943,1,ENVIRON FACTOR,2
33102943,2,ENVIRON FACTOR,17
33102943,2,ENVIRON FACTOR,2
33104828,1,ENVIRON FACTOR,2
33104828,1,ENVIRON FACTOR,11
33104830,1,ENVIRON FACTOR,2
33104830,2,ENVIRON FACTOR,2
33109520,1,ENVIRON FACTOR,2
33109520,2,ENVIRON FACTOR,2
33109540,1,ENVIRON FACTOR,2
33109540,2,ENVIRON FACTOR,2
33109540,3,ENVIRON FACTOR,2
33116607,1,ENVIRON FACTOR,2
33116607,2,ENVIRON FACTOR,2
33117378,1,ENVIRON FACTOR,2
33117378,2,ENVIRON FACTOR,99
33117691,1,ENVIRON FACTOR,2
33117691,2,ENVIRON FACTOR,2
33119026,1,ENVIRON FACTOR,99
33119026,2,ENVIRON FACTOR,2
33119166,1,ENVIRON FACTOR,17
33119166,1,ENVIRON FACTOR,2
33119166,2,ENVIRON FACTOR,2
33119804,1,ENVIRON FACTOR,2
33119804,2,ENVIRON FACTOR,2
33119944,1,ENVIRON FACTOR,2
33119944,2,ENVIRON FACTOR,2
33122141,1,ENVIRON FACTOR,2
33122141,1,ENVIRON FACTOR,99
33122141,2,ENVIRON FACTOR,99
33122335,1,ENVIRON FACTOR,2
33122335,2,ENVIRON FACTOR,2
33122703,1,ENVIRON FACTOR,2
33122703,2,ENVIRON FACTOR,2
33122922,1,ENVIRON FACTOR,2
33122922,2,ENVIRON FACTOR,2
33123381,1,ENVIRON FACTOR,2
33123381,1,ENVIRON FACTOR,14
33123381,2,ENVIRON FACTOR,2
33123381,2,ENVIRON FACTOR,9
33128371,1,ENVIRON FACTOR,2
33128371,2,ENVIRON FACTOR,2
33128371,3,ENVIRON FACTOR,2
33128977,1,ENVIRON FACTOR,2
33131156,1,ENVIRON FACTOR,2
33131156,2,ENVIRON FACTOR,2
33131156,3,ENVIRON FACTOR,2
33132711,1,ENVIRON FACTOR,2
33132711,2,ENVIRON FACTOR,2
33139820,1,ENVIRON FACTOR,17
33139820,1,ENVIRON FACTOR,2
33139820,2,ENVIRON FACTOR,17
33139820,2,ENVIRON FACTOR,2
33141702,1,ENVIRON FACTOR,2
33141702,2,ENVIRON FACTOR,2
33148920,1,ENVIRON FACTOR,2
33148920,2,ENVIRON FACTOR,2
33149395,1,ENVIRON FACTOR,2
33149395,2,ENVIRON FACTOR,2
33149460,1,ENVIRON FACTOR,2
33149460,2,ENVIRON FACTOR,2
33151045,1,ENVIRON FACTOR,2
33151045,2,ENVIRON FACTOR,2
33152694,1,ENVIRON FACTOR,2
33152694,2,ENVIRON FACTOR,2
33154418,1,ENVIRON FACTOR,17
33154418,1,ENVIRON FACTOR,2
33154418,2,ENVIRON FACTOR,17
33154418,2,ENVIRON FACTOR,2
33154418,3,ENVIRON FACTOR,17
33154418,3,ENVIRON FACTOR,2
33157915,1,ENVIRON FACTOR,2
33158706,1,ENVIRON FACTOR,2
33158706,2,ENVIRON FACTOR,2
33164534,1,ENVIRON FACTOR,2
33170487,1,ENVIRON FACTOR,2
33170487,2,ENVIRON FACTOR,2
33172205,1,ENVIRON FACTOR,2
33172205,2,ENVIRON FACTOR,2
33172261,1,ENVIRON FACTOR,2
33172261,2,ENVIRON FACTOR,2
33173079,1,ENVIRON FACTOR,2
33173079,2,ENVIRON FACTOR,99
33173331,1,ENVIRON FACTOR,2
33173331,2,ENVIRON FACTOR,2
33173331,2,ENVIRON FACTOR,3
33173603,1,ENVIRON FACTOR,2
33173603,2,ENVIRON FACTOR,9
33174506,1,ENVIRON FACTOR,2
33174506,2,ENVIRON FACTOR,2
33174506,3,ENVIRON FACTOR,2
33175521,1,ENVIRON FACTOR,17
33175521,1,ENVIRON FACTOR,2
33175521,2,ENVIRON FACTOR,17
33175521,2,ENVIRON FACTOR,2
33176819,1,ENVIRON FACTOR,2
33176819,2,ENVIRON FACTOR,2
33177883,1,ENVIRON FACTOR,2
33181983,1,ENVIRON FACTOR,2
33181983,2,ENVIRON FACTOR,2
33184376,1,ENVIRON FACTOR,2
33184376,2,ENVIRON FACTOR,2
33187324,1,ENVIRON FACTOR,2
33187324,2,ENVIRON FACTOR,2
33187400,1,ENVIRON FACTOR,2
33187400,2,ENVIRON FACTOR,2
33187404,1,ENVIRON FACTOR,2
33187404,2,ENVIRON FACTOR,2
33187951,1,ENVIRON FACTOR,2
33187951,1,ENVIRON FACTOR,97
33187951,2,ENVIRON FACTOR,99
33191749,1,ENVIRON FACTOR,17
33191749,1,ENVIRON FACTOR,2
33191749,2,ENVIRON FACTOR,17
33191749,2,ENVIRON FACTOR,2
33192321,1,ENVIRON FACTOR,2
33192321,2,ENVIRON FACTOR,2
33197510,1,ENVIRON FACTOR,2
33197510,2,ENVIRON FACTOR,2
33198099,1,ENVIRON FACTOR,2
33198099,2,ENVIRON FACTOR,2
33202704,1,ENVIRON FACTOR,2
33203153,1,ENVIRON FACTOR,2
33203153,2,ENVIRON FACTOR,99
33207403,1,ENVIRON FACTOR,97
33207403,2,ENVIRON FACTOR,2
33208053,1,ENVIRON FACTOR,2
33208053,2,ENVIRON FACTOR,2
33208053,3,ENVIRON FACTOR,2
33210717,1,ENVIRON FACTOR,2
33210717,2,ENVIRON FACTOR,2
33211051,1,ENVIRON FACTOR,2
33211051,2,ENVIRON FACTOR,2
33211218,1,ENVIRON FACTOR,2
33211218,2,ENVIRON FACTOR,99
33212012,1,ENVIRON FACTOR,17
33212012,1,ENVIRON FACTOR,2
33212012,2,ENVIRON FACTOR,17
33212012,2,ENVIRON FACTOR,2
33212681,1,ENVIRON FACTOR,2
33214732,1,ENVIRON FACTOR,2
33216188,1,ENVIRON FACTOR,2
33216188,2,ENVIRON FACTOR,2
33216198,1,ENVIRON FACTOR,17
33216198,1,ENVIRON FACTOR,2
33216198,2,ENVIRON FACTOR,17
33216198,2,ENVIRON FACTOR,2
33219668,1,ENVIRON FACTOR,17
33219668,1,ENVIRON FACTOR,2
33219668,2,ENVIRON FACTOR,99
33220901,1,ENVIRON FACTOR,17
33220901,1,ENVIRON FACTOR,2
33220901,2,ENVIRON FACTOR,17
33220901,2,ENVIRON FACTOR,2
33221168,1,ENVIRON FACTOR,2
33221168,2,ENVIRON FACTOR,2
33221697,1,ENVIRON FACTOR,2
33221697,2,ENVIRON FACTOR,99
33222914,1,ENVIRON FACTOR,2
33222914,2,ENVIRON FACTOR,2
33224249,1,ENVIRON FACTOR,17
33224249,1,ENVIRON FACTOR,2
33224249,2,ENVIRON FACTOR,2
33225595,1,ENVIRON FACTOR,2
33225595,2,ENVIRON FACTOR,2
33226547,1,ENVIRON FACTOR,2
33226547,2,ENVIRON FACTOR,2
33231013,1,ENVIRON FACTOR,17
33231013,1,ENVIRON FACTOR,2
33231013,2,ENVIRON FACTOR,17
33231013,2,ENVIRON FACTOR,2
33231013,3,ENVIRON FACTOR,17
33231013,3,ENVIRON FACTOR,2
33231943,1,ENVIRON FACTOR,2
33231943,2,ENVIRON FACTOR,2
33232187,1,ENVIRON FACTOR,2
33232187,2,ENVIRON FACTOR,2
33232378,1,ENVIRON FACTOR,2
33232378,2,ENVIRON FACTOR,99
33232484,1,ENVIRON FACTOR,2
33232484,2,ENVIRON FACTOR,2
33236305,1,ENVIRON FACTOR,2
33236305,2,ENVIRON FACTOR,2
33236325,1,ENVIRON FACTOR,2
33236325,2,ENVIRON FACTOR,2
33241492,1,ENVIRON FACTOR,2
33241492,2,ENVIRON FACTOR,2
33242443,1,ENVIRON FACTOR,2
33242443,2,ENVIRON FACTOR,2
33242471,1,ENVIRON FACTOR,2
33242471,2,ENVIRON FACTOR,2
33248467,1,ENVIRON FACTOR,2
33248467,2,ENVIRON FACTOR,99
33248467,3,ENVIRON FACTOR,99
33248467,4,ENVIRON FACTOR,2
33248487,1,ENVIRON FACTOR,2
33248487,2,ENVIRON FACTOR,2
33248490,1,ENVIRON FACTOR,2
33248490,2,ENVIRON FACTOR,2
33248868,1,ENVIRON FACTOR,2
33251432,1,ENVIRON FACTOR,2
33251432,2,ENVIRON FACTOR,2
33251442,1,ENVIRON FACTOR,2
33251442,2,ENVIRON FACTOR,2
33251442,3,ENVIRON FACTOR,2
33252437,1,ENVIRON FACTOR,2
33252437,2,ENVIRON FACTOR,2
33253684,1,ENVIRON FACTOR,2
33253684,2,ENVIRON FACTOR,2
33255011,1,ENVIRON FACTOR,2
33255469,1,ENVIRON FACTOR,17
33255469,1,ENVIRON FACTOR,2
33255469,2,ENVIRON FACTOR,17
33255469,2,ENVIRON FACTOR,2
33261651,1,ENVIRON FACTOR,2
33261651,2,ENVIRON FACTOR,99
33261660,1,ENVIRON FACTOR,2
33261660,2,ENVIRON FACTOR,2
33261660,3,ENVIRON FACTOR,2
33261660,4,ENVIRON FACTOR,2
33261660,5,ENVIRON FACTOR,2
33261660,6,ENVIRON FACTOR,2
33264897,1,ENVIRON FACTOR,2
33264897,2,ENVIRON FACTOR,2
33268027,1,ENVIRON FACTOR,2
33268027,2,ENVIRON FACTOR,2
33273284,1,ENVIRON FACTOR,2
33273284,2,ENVIRON FACTOR,2
33274612,1,ENVIRON FACTOR,2
33274612,2,ENVIRON FACTOR,2
33274678,1,ENVIRON FACTOR,2
33274678,1,ENVIRON FACTOR,9
33274678,2,ENVIRON FACTOR,2
33276561,1,ENVIRON FACTOR,2
33276561,2,ENVIRON FACTOR,2
33277414,1,ENVIRON FACTOR,17
33277414,1,ENVIRON FACTOR,2
33277414,2,ENVIRON FACTOR,17
33277414,2,ENVIRON FACTOR,2
33277416,1,ENVIRON FACTOR,2
33277416,2,ENVIRON FACTOR,2
33277448,1,ENVIRON FACTOR,17
33277448,1,ENVIRON FACTOR,2
33277448,2,ENVIRON FACTOR,17
33277448,2,ENVIRON FACTOR,2
33287817,1,ENVIRON FACTOR,17
33287817,1,ENVIRON FACTOR,2
33287817,2,ENVIRON FACTOR,17
33287817,2,ENVIRON FACTOR,2
33288398,1,ENVIRON FACTOR,2
33288398,2,ENVIRON FACTOR,2
33288398,3,ENVIRON FACTOR,2
33292045,1,ENVIRON FACTOR,2
33292045,2,ENVIRON FACTOR,99
33292054,1,ENVIRON FACTOR,2
33292054,2,ENVIRON FACTOR,17
33292054,3,ENVIRON FACTOR,17
33292872,1,ENVIRON FACTOR,2
33292872,2,ENVIRON FACTOR,2
33296594,1,ENVIRON FACTOR,2
33296594,1,ENVIRON FACTOR,11
33296594,2,ENVIRON FACTOR,2
33296594,3,ENVIRON FACTOR,2
33296882,1,ENVIRON FACTOR,2
33300248,1,ENVIRON FACTOR,2
33300248,2,ENVIRON FACTOR,2
33301937,1,ENVIRON FACTOR,2
33302132,1,ENVIRON FACTOR,2
33302132,2,ENVIRON FACTOR,2
33307522,1,ENVIRON FACTOR,2
33307522,2,ENVIRON FACTOR,2
33307880,1,ENVIRON FACTOR,2
33307880,2,ENVIRON FACTOR,2
33311745,1,ENVIRON FACTOR,2
33311745,2,ENVIRON FACTOR,2
33312486,1,ENVIRON FACTOR,2
33312486,2,ENVIRON FACTOR,2
33312764,1,ENVIRON FACTOR,2
33312764,1,ENVIRON FACTOR,10
33313061,1,ENVIRON FACTOR,2
33313061,2,ENVIRON FACTOR,2
33313999,1,ENVIRON FACTOR,17
33313999,1,ENVIRON FACTOR,2
33313999,2,ENVIRON FACTOR,17
33313999,2,ENVIRON FACTOR,2
33313999,3,ENVIRON FACTOR,17
33313999,3,ENVIRON FACTOR,2
33314130,1,ENVIRON FACTOR,99
33314130,2,ENVIRON FACTOR,2
33314130,2,ENVIRON FACTOR,3
33314909,1,ENVIRON FACTOR,17
33314909,1,ENVIRON FACTOR,2
33314909,2,ENVIRON FACTOR,2
33314909,3,ENVIRON FACTOR,2
33316463,1,ENVIRON FACTOR,2
33316463,2,ENVIRON FACTOR,2
33317632,1,ENVIRON FACTOR,2
33317632,2,ENVIRON FACTOR,2
33317652,1,ENVIRON FACTOR,2
33317652,1,ENVIRON FACTOR,15
33317652,2,ENVIRON FACTOR,99
33318128,1,ENVIRON FACTOR,2
33318128,2,ENVIRON FACTOR,2
33323212,1,ENVIRON FACTOR,17
33323212,1,ENVIRON FACTOR,2
33323212,2,ENVIRON FACTOR,17
33323212,2,ENVIRON FACTOR,2
33324264,1,ENVIRON FACTOR,2
33324264,2,ENVIRON FACTOR,2
33324815,1,ENVIRON FACTOR,2
33329074,1,ENVIRON FACTOR,2
33331215,1,ENVIRON FACTOR,2
33331215,2,ENVIRON FACTOR,2
33331215,3,ENVIRON FACTOR,2
33331215,4,ENVIRON FACTOR,2
33333953,1,ENVIRON FACTOR,17
33333953,1,ENVIRON FACTOR,2
33333953,2,ENVIRON FACTOR,17
33333953,2,ENVIRON FACTOR,2
33334063,1,ENVIRON FACTOR,2
33334063,1,ENVIRON FACTOR,11
33335164,1,ENVIRON FACTOR,17
33335164,1,ENVIRON FACTOR,2
33335164,2,ENVIRON FACTOR,2
33336342,1,ENVIRON FACTOR,17
33336342,1,ENVIRON FACTOR,2
33336342,2,ENVIRON FACTOR,99
33336579,1,ENVIRON FACTOR,2
33336579,2,ENVIRON FACTOR,2
33337496,1,ENVIRON FACTOR,2
33337496,2,ENVIRON FACTOR,2
33338095,1,ENVIRON FACTOR,2
33338095,2,ENVIRON FACTOR,2
33338372,1,ENVIRON FACTOR,2
33338372,2,ENVIRON FACTOR,2
33339150,1,ENVIRON FACTOR,2
33339150,2,ENVIRON FACTOR,2
33340244,1,ENVIRON FACTOR,2
33340771,1,ENVIRON FACTOR,2
33341355,1,ENVIRON FACTOR,2
33341355,2,ENVIRON FACTOR,2
33341355,3,ENVIRON FACTOR,2
33342985,1,ENVIRON FACTOR,2
33342985,1,ENVIRON FACTOR,7
33342985,2,ENVIRON FACTOR,17
33342985,2,ENVIRON FACTOR,2
33342985,3,ENVIRON FACTOR,17
33342985,3,ENVIRON FACTOR,2
33342985,4,ENVIRON FACTOR,17
33342985,4,ENVIRON FACTOR,2
33343004,1,ENVIRON FACTOR,2
33343004,2,ENVIRON FACTOR,2
33343005,1,ENVIRON FACTOR,2
33343005,2,ENVIRON FACTOR,2
33343006,1,ENVIRON FACTOR,2
33343006,2,ENVIRON FACTOR,2
33343057,1,ENVIRON FACTOR,2
33343057,2,ENVIRON FACTOR,2
33344240,1,ENVIRON FACTOR,2
33344240,2,ENVIRON FACTOR,2
33346726,1,ENVIRON FACTOR,2
33346749,1,ENVIRON FACTOR,2
33346749,2,ENVIRON FACTOR,2
33346793,1,ENVIRON FACTOR,2
33346793,2,ENVIRON FACTOR,99
33347562,1,ENVIRON FACTOR,2
33347562,1,ENVIRON FACTOR,11
33347562,2,ENVIRON FACTOR,2
33347562,2,ENVIRON FACTOR,11
33348537,1,ENVIRON FACTOR,2
33348537,2,ENVIRON FACTOR,2
33348856,1,ENVIRON FACTOR,2
33348856,2,ENVIRON FACTOR,2
33351856,1,ENVIRON FACTOR,2
33352955,1,ENVIRON FACTOR,2
33352955,2,ENVIRON FACTOR,2
33362002,1,ENVIRON FACTOR,2
33362002,2,ENVIRON FACTOR,2
33362644,1,ENVIRON FACTOR,2
33362644,2,ENVIRON FACTOR,2
33362668,1,ENVIRON FACTOR,2
33362668,2,ENVIRON FACTOR,2
33362668,3,ENVIRON FACTOR,2
33362676,1,ENVIRON FACTOR,2
33362676,2,ENVIRON FACTOR,2
33362684,1,ENVIRON FACTOR,2
33362684,2,ENVIRON FACTOR,2
33362949,1,ENVIRON FACTOR,17
33362949,1,ENVIRON FACTOR,2
33362949,2,ENVIRON FACTOR,17
33362949,2,ENVIRON FACTOR,2
33363592,1,ENVIRON FACTOR,2
33363592,2,ENVIRON FACTOR,2
33363593,1,ENVIRON FACTOR,2
33363593,2,ENVIRON FACTOR,2
33366802,1,ENVIRON FACTOR,2
33366828,1,ENVIRON FACTOR,2
33366828,1,ENVIRON FACTOR,9
33366828,2,ENVIRON FACTOR,2
33366828,2,ENVIRON FACTOR,9
33368190,1,ENVIRON FACTOR,2
33368190,2,ENVIRON FACTOR,2
33368668,1,ENVIRON FACTOR,2
33370493,2,ENVIRON FACTOR,2
33370493,1,ENVIRON FACTOR,2
33371183,2,ENVIRON FACTOR,2
33371824,1,ENVIRON FACTOR,2
33371824,2,ENVIRON FACTOR,2
33371882,1,ENVIRON FACTOR,2
33371882,1,ENVIRON FACTOR,4
33372156,1,ENVIRON FACTOR,2
33372156,2,ENVIRON FACTOR,2
33372158,1,ENVIRON FACTOR,2
33372158,2,ENVIRON FACTOR,2
33373237,1,ENVIRON FACTOR,2
33373237,2,ENVIRON FACTOR,2
33373542,1,ENVIRON FACTOR,2
33373542,2,ENVIRON FACTOR,2
33377869,1,ENVIRON FACTOR,2
33377869,2,ENVIRON FACTOR,2
33377869,3,ENVIRON FACTOR,2
33377951,1,ENVIRON FACTOR,2
33377951,2,ENVIRON FACTOR,99
33378002,1,ENVIRON FACTOR,2
33378002,2,ENVIRON FACTOR,2
33378158,1,ENVIRON FACTOR,2
33378546,1,ENVIRON FACTOR,2
33378546,2,ENVIRON FACTOR,99
33378705,1,ENVIRON FACTOR,2
33378705,1,ENVIRON FACTOR,97
33378705,2,ENVIRON FACTOR,2
33378705,3,ENVIRON FACTOR,2
33379088,2,ENVIRON FACTOR,2
33379088,1,ENVIRON FACTOR,99
33380030,1,ENVIRON FACTOR,17
33380030,1,ENVIRON FACTOR,2
33380030,2,ENVIRON FACTOR,2
33381982,1,ENVIRON FACTOR,2
33381982,2,ENVIRON FACTOR,2
33382625,1,ENVIRON FACTOR,2
33382625,2,ENVIRON FACTOR,2
33383699,1,ENVIRON FACTOR,2
33383699,2,ENVIRON FACTOR,2
33384635,1,ENVIRON FACTOR,2
33384635,2,ENVIRON FACTOR,2
33387354,1,ENVIRON FACTOR,2
33387354,2,ENVIRON FACTOR,2
33389875,1,ENVIRON FACTOR,2
33392712,1,ENVIRON FACTOR,2
33392712,2,ENVIRON FACTOR,99
33392712,3,ENVIRON FACTOR,99
33392712,4,ENVIRON FACTOR,99
33392731,1,ENVIRON FACTOR,99
33392731,2,ENVIRON FACTOR,17
33392731,2,ENVIRON FACTOR,2
33392743,1,ENVIRON FACTOR,2
33392743,2,ENVIRON FACTOR,2
33392809,1,ENVIRON FACTOR,17
33392809,1,ENVIRON FACTOR,2
33392809,2,ENVIRON FACTOR,17
33392809,2,ENVIRON FACTOR,2
33393198,1,ENVIRON FACTOR,2
33393260,1,ENVIRON FACTOR,2
33393260,2,ENVIRON FACTOR,2
33394247,1,ENVIRON FACTOR,2
33394247,2,ENVIRON FACTOR,99
33394938,1,ENVIRON FACTOR,2
33394938,2,ENVIRON FACTOR,99
33395779,1,ENVIRON FACTOR,2
33395779,2,ENVIRON FACTOR,2
33397037,1,ENVIRON FACTOR,2
33397037,2,ENVIRON FACTOR,99
33397037,3,ENVIRON FACTOR,99
33397045,1,ENVIRON FACTOR,2
33397045,1,ENVIRON FACTOR,97
33397552,1,ENVIRON FACTOR,2
33397552,2,ENVIRON FACTOR,2
33398363,1,ENVIRON FACTOR,2
33398363,2,ENVIRON FACTOR,2
33398679,1,ENVIRON FACTOR,2
33398679,2,ENVIRON FACTOR,2
33399873,1,ENVIRON FACTOR,2
33400799,1,ENVIRON FACTOR,2
33400799,2,ENVIRON FACTOR,2
33400800,1,ENVIRON FACTOR,2
33400800,2,ENVIRON FACTOR,2
33400800,3,ENVIRON FACTOR,2
33401801,1,ENVIRON FACTOR,2
33401801,2,ENVIRON FACTOR,2
33402642,1,ENVIRON FACTOR,2
33402642,2,ENVIRON FACTOR,2
33403796,1,ENVIRON FACTOR,2
33403800,1,ENVIRON FACTOR,2
33404536,1,ENVIRON FACTOR,2
33404536,2,ENVIRON FACTOR,2
33404536,3,ENVIRON FACTOR,2
33407063,1,ENVIRON FACTOR,2
33407063,1,ENVIRON FACTOR,8
33407063,2,ENVIRON FACTOR,2
33407063,2,ENVIRON FACTOR,8
33407792,1,ENVIRON FACTOR,2
33407792,2,ENVIRON FACTOR,2
33408066,1,ENVIRON FACTOR,2
33408066,2,ENVIRON FACTOR,2
33408363,1,ENVIRON FACTOR,2
33408363,2,ENVIRON FACTOR,2
33408489,1,ENVIRON FACTOR,2
33408489,1,ENVIRON FACTOR,99
33408489,2,ENVIRON FACTOR,99
33408672,1,ENVIRON FACTOR,2
33408674,1,ENVIRON FACTOR,2
33408674,2,ENVIRON FACTOR,99
33409642,1,ENVIRON FACTOR,2
33409642,2,ENVIRON FACTOR,2
33410645,1,ENVIRON FACTOR,17
33410645,1,ENVIRON FACTOR,2
33410645,2,ENVIRON FACTOR,17
33410645,3,ENVIRON FACTOR,17
33411262,1,ENVIRON FACTOR,2
33411262,2,ENVIRON FACTOR,99
33411262,3,ENVIRON FACTOR,99
33411262,4,ENVIRON FACTOR,99
33411262,5,ENVIRON FACTOR,99
33411262,6,ENVIRON FACTOR,99
33411262,7,ENVIRON FACTOR,99
33412231,1,ENVIRON FACTOR,17
33412231,1,ENVIRON FACTOR,2
33412231,2,ENVIRON FACTOR,17
33412231,2,ENVIRON FACTOR,2
33412232,1,ENVIRON FACTOR,2
33412232,1,ENVIRON FACTOR,97
33412232,2,ENVIRON FACTOR,2
33412232,2,ENVIRON FACTOR,97
33412262,1,ENVIRON FACTOR,9
33412262,2,ENVIRON FACTOR,2
33412296,1,ENVIRON FACTOR,2
33412772,1,ENVIRON FACTOR,2
33412772,2,ENVIRON FACTOR,99
33414188,1,ENVIRON FACTOR,2
33414188,1,ENVIRON FACTOR,16
33414188,2,ENVIRON FACTOR,2
33414188,2,ENVIRON FACTOR,9
33414234,1,ENVIRON FACTOR,2
33414234,2,ENVIRON FACTOR,2
33416164,1,ENVIRON FACTOR,2
33416164,2,ENVIRON FACTOR,2
33416164,3,ENVIRON FACTOR,2
33416164,4,ENVIRON FACTOR,2
33416574,1,ENVIRON FACTOR,2
33416574,2,ENVIRON FACTOR,2
33419922,1,ENVIRON FACTOR,2
33419922,2,ENVIRON FACTOR,2
33420201,1,ENVIRON FACTOR,2
33420201,2,ENVIRON FACTOR,99
33421270,1,ENVIRON FACTOR,2
33421270,2,ENVIRON FACTOR,99
33421367,1,ENVIRON FACTOR,2
33421367,2,ENVIRON FACTOR,2
33421772,1,ENVIRON FACTOR,2
33421772,1,ENVIRON FACTOR,3
33424176,1,ENVIRON FACTOR,2
33424176,2,ENVIRON FACTOR,2
33424176,3,ENVIRON FACTOR,2
33424842,1,ENVIRON FACTOR,2
33424842,1,ENVIRON FACTOR,9
33424842,2,ENVIRON FACTOR,2
33424842,3,ENVIRON FACTOR,2
33425027,1,ENVIRON FACTOR,2
33425027,2,ENVIRON FACTOR,2
33425916,1,ENVIRON FACTOR,2
33425916,2,ENVIRON FACTOR,2
33425916,3,ENVIRON FACTOR,2
33425916,4,ENVIRON FACTOR,2
33426246,1,ENVIRON FACTOR,2
33426246,2,ENVIRON FACTOR,2
33427757,1,ENVIRON FACTOR,2
33429757,1,ENVIRON FACTOR,17
33429757,1,ENVIRON FACTOR,2
33429757,2,ENVIRON FACTOR,99
33429942,1,ENVIRON FACTOR,2
33429942,1,ENVIRON FACTOR,9
33429942,2,ENVIRON FACTOR,2
33430979,1,ENVIRON FACTOR,2
33430979,2,ENVIRON FACTOR,99
33431393,1,ENVIRON FACTOR,2
33431393,2,ENVIRON FACTOR,2
33431421,1,ENVIRON FACTOR,2
33431421,1,ENVIRON FACTOR,97
33431421,2,ENVIRON FACTOR,2
33431439,1,ENVIRON FACTOR,2
33431439,1,ENVIRON FACTOR,9
33431439,2,ENVIRON FACTOR,2
33431439,2,ENVIRON FACTOR,9
33433119,1,ENVIRON FACTOR,2
33433119,2,ENVIRON FACTOR,2
33433119,3,ENVIRON FACTOR,2
32658708,1,HUMAN FACTOR,14
32658708,2,HUMAN FACTOR,99
32658708,3,HUMAN FACTOR,99
32659228,1,HUMAN FACTOR,18
32659228,2,HUMAN FACTOR,99
32672935,2,HUMAN FACTOR,99
32676655,1,HUMAN FACTOR,14
32676655,2,HUMAN FACTOR,99
32682385,1,HUMAN FACTOR,8
32682385,1,HUMAN FACTOR,14
32682385,2,HUMAN FACTOR,99
32686833,1,HUMAN FACTOR,7
32686843,1,HUMAN FACTOR,14
32686843,1,HUMAN FACTOR,17
32686843,1,HUMAN FACTOR,18
32686843,2,HUMAN FACTOR,99
32700076,1,HUMAN FACTOR,14
32702194,1,HUMAN FACTOR,11
32702194,2,HUMAN FACTOR,99
32709294,1,HUMAN FACTOR,14
32709294,1,HUMAN FACTOR,22
32709294,2,HUMAN FACTOR,99
32709983,1,HUMAN FACTOR,14
32709983,2,HUMAN FACTOR,99
32714074,1,HUMAN FACTOR,17
32714074,2,HUMAN FACTOR,99
32716413,1,HUMAN FACTOR,99
32716413,2,HUMAN FACTOR,99
32717185,1,HUMAN FACTOR,5
32717185,1,HUMAN FACTOR,18
32728816,1,HUMAN FACTOR,14
32728816,1,HUMAN FACTOR,17
32731794,1,HUMAN FACTOR,18
32731794,2,HUMAN FACTOR,99
32733964,1,HUMAN FACTOR,11
32733964,1,HUMAN FACTOR,14
32733964,2,HUMAN FACTOR,99
32733997,1,HUMAN FACTOR,4
32733997,2,HUMAN FACTOR,99
32747062,1,HUMAN FACTOR,17
32747062,2,HUMAN FACTOR,99
32750312,1,HUMAN FACTOR,22
32750312,2,HUMAN FACTOR,99
32750402,1,HUMAN FACTOR,14
32750402,2,HUMAN FACTOR,99
32755079,1,HUMAN FACTOR,14
32756505,1,HUMAN FACTOR,14
32756505,2,HUMAN FACTOR,99
32757863,1,HUMAN FACTOR,11
32757863,1,HUMAN FACTOR,22
32757863,2,HUMAN FACTOR,99
32757948,1,HUMAN FACTOR,17
32757948,2,HUMAN FACTOR,17
32768176,1,HUMAN FACTOR,26
32768176,2,HUMAN FACTOR,99
32768291,1,HUMAN FACTOR,99
32768291,2,HUMAN FACTOR,99
32770298,1,HUMAN FACTOR,18
32770298,2,HUMAN FACTOR,99
32770580,1,HUMAN FACTOR,13
32770580,2,HUMAN FACTOR,99
32774475,1,HUMAN FACTOR,11
32774475,1,HUMAN FACTOR,14
32774475,1,HUMAN FACTOR,18
32774475,2,HUMAN FACTOR,11
32774475,2,HUMAN FACTOR,18
32774475,3,HUMAN FACTOR,99
32774475,4,HUMAN FACTOR,11
32774475,4,HUMAN FACTOR,18
32774475,5,HUMAN FACTOR,99
32774475,6,HUMAN FACTOR,11
32774475,6,HUMAN FACTOR,18
32774475,7,HUMAN FACTOR,11
32774475,7,HUMAN FACTOR,18
32774475,8,HUMAN FACTOR,11
32774475,8,HUMAN FACTOR,18
32774475,9,HUMAN FACTOR,11
32774475,9,HUMAN FACTOR,18
32775587,1,HUMAN FACTOR,99
32776771,1,HUMAN FACTOR,14
32776771,2,HUMAN FACTOR,99
32777994,1,HUMAN FACTOR,26
32777994,2,HUMAN FACTOR,99
32778070,1,HUMAN FACTOR,8
32778070,2,HUMAN FACTOR,99
32779720,1,HUMAN FACTOR,26
32779720,1,HUMAN FACTOR,14
32779720,1,HUMAN FACTOR,18
32779720,2,HUMAN FACTOR,99
32787804,1,HUMAN FACTOR,17
32787804,2,HUMAN FACTOR,99
32788638,1,HUMAN FACTOR,97
32788664,1,HUMAN FACTOR,99
32788674,1,HUMAN FACTOR,14
32788674,2,HUMAN FACTOR,99
32794984,1,HUMAN FACTOR,11
32794984,1,HUMAN FACTOR,14
32794984,2,HUMAN FACTOR,99
32795317,1,HUMAN FACTOR,17
32795317,2,HUMAN FACTOR,99
32797962,1,HUMAN FACTOR,14
32797962,2,HUMAN FACTOR,99
32800875,1,HUMAN FACTOR,17
32800875,2,HUMAN FACTOR,17
32806149,1,HUMAN FACTOR,18
32806149,2,HUMAN FACTOR,99
32810423,1,HUMAN FACTOR,97
32810423,2,HUMAN FACTOR,99
32819262,1,HUMAN FACTOR,8
32819262,1,HUMAN FACTOR,18
32819262,1,HUMAN FACTOR,22
32819262,2,HUMAN FACTOR,99
32820177,1,HUMAN FACTOR,14
32820177,2,HUMAN FACTOR,99
32821422,1,HUMAN FACTOR,97
32821422,2,HUMAN FACTOR,99
32826965,1,HUMAN FACTOR,18
32832100,1,HUMAN FACTOR,13
32832100,1,HUMAN FACTOR,14
32832100,2,HUMAN FACTOR,26
32832491,1,HUMAN FACTOR,7
32832491,1,HUMAN FACTOR,13
32832491,1,HUMAN FACTOR,18
32840628,1,HUMAN FACTOR,14
32844492,1,HUMAN FACTOR,11
32844492,2,HUMAN FACTOR,99
32846496,1,HUMAN FACTOR,17
32846883,1,HUMAN FACTOR,8
32846883,1,HUMAN FACTOR,17
32846883,2,HUMAN FACTOR,99
32852002,1,HUMAN FACTOR,1
32852002,1,HUMAN FACTOR,11
32852002,1,HUMAN FACTOR,14
32852002,2,HUMAN FACTOR,99
32852416,1,HUMAN FACTOR,11
32852417,1,HUMAN FACTOR,11
32852417,2,HUMAN FACTOR,11
32852417,3,HUMAN FACTOR,99
32857520,1,HUMAN FACTOR,8
32857520,1,HUMAN FACTOR,97
32857520,2,HUMAN FACTOR,99
32857830,1,HUMAN FACTOR,14
32857830,2,HUMAN FACTOR,99
32857830,3,HUMAN FACTOR,99
32863012,1,HUMAN FACTOR,17
32863012,2,HUMAN FACTOR,99
32863012,3,HUMAN FACTOR,99
32870255,1,HUMAN FACTOR,14
32870255,2,HUMAN FACTOR,99
32872676,1,HUMAN FACTOR,3
32872676,1,HUMAN FACTOR,13
32872987,1,HUMAN FACTOR,11
32872987,1,HUMAN FACTOR,14
32872987,2,HUMAN FACTOR,99
32878865,1,HUMAN FACTOR,4
32878865,1,HUMAN FACTOR,17
32878865,1,HUMAN FACTOR,18
32880874,1,HUMAN FACTOR,99
32880874,2,HUMAN FACTOR,99
32880874,3,HUMAN FACTOR,99
32880874,4,HUMAN FACTOR,99
32882819,1,HUMAN FACTOR,11
32882819,1,HUMAN FACTOR,14
32882819,2,HUMAN FACTOR,97
32882819,3,HUMAN FACTOR,99
32882832,1,HUMAN FACTOR,26
32882832,2,HUMAN FACTOR,99
32888031,1,HUMAN FACTOR,11
32888031,1,HUMAN FACTOR,14
32888031,2,HUMAN FACTOR,11
32888031,3,HUMAN FACTOR,99
32888031,4,HUMAN FACTOR,99
32889501,1,HUMAN FACTOR,99
32889605,2,HUMAN FACTOR,99
32889605,1,HUMAN FACTOR,14
32890651,1,HUMAN FACTOR,15
32891668,1,HUMAN FACTOR,99
32892624,1,HUMAN FACTOR,17
32892624,2,HUMAN FACTOR,99
32893084,1,HUMAN FACTOR,19
32893165,1,HUMAN FACTOR,99
32894126,1,HUMAN FACTOR,99
32894126,2,HUMAN FACTOR,26
32894322,1,HUMAN FACTOR,26
32894322,2,HUMAN FACTOR,99
32899838,1,HUMAN FACTOR,14
32899838,2,HUMAN FACTOR,99
32903647,1,HUMAN FACTOR,26
32903647,2,HUMAN FACTOR,99
32903647,3,HUMAN FACTOR,99
32903647,4,HUMAN FACTOR,99
32906874,1,HUMAN FACTOR,14
32906874,2,HUMAN FACTOR,99
32909108,1,HUMAN FACTOR,4
32909108,2,HUMAN FACTOR,99
32915773,1,HUMAN FACTOR,11
32915773,1,HUMAN FACTOR,18
32915773,2,HUMAN FACTOR,99
32921513,1,HUMAN FACTOR,14
32921513,2,HUMAN FACTOR,99
32921514,1,HUMAN FACTOR,17
32922019,1,HUMAN FACTOR,26
32922019,1,HUMAN FACTOR,11
32922019,1,HUMAN FACTOR,17
32922019,2,HUMAN FACTOR,99
32923488,1,HUMAN FACTOR,11
32923488,2,HUMAN FACTOR,99
32923488,3,HUMAN FACTOR,99
32923488,4,HUMAN FACTOR,99
32923488,5,HUMAN FACTOR,99
32933584,1,HUMAN FACTOR,99
32933584,2,HUMAN FACTOR,99
32933584,3,HUMAN FACTOR,97
32943651,1,HUMAN FACTOR,4
32943651,2,HUMAN FACTOR,99
32943735,1,HUMAN FACTOR,26
32943735,1,HUMAN FACTOR,17
32943735,2,HUMAN FACTOR,99
32943995,1,HUMAN FACTOR,14
32943995,2,HUMAN FACTOR,14
32944295,1,HUMAN FACTOR,97
32944295,2,HUMAN FACTOR,97
32945957,1,HUMAN FACTOR,8
32945957,2,HUMAN FACTOR,99
32947384,1,HUMAN FACTOR,26
32947384,2,HUMAN FACTOR,99
32948416,1,HUMAN FACTOR,17
32948416,2,HUMAN FACTOR,99
32948609,1,HUMAN FACTOR,99
32957053,1,HUMAN FACTOR,99
32963932,1,HUMAN FACTOR,14
32963932,2,HUMAN FACTOR,99
32964686,1,HUMAN FACTOR,99
32964686,2,HUMAN FACTOR,99
32965206,1,HUMAN FACTOR,14
32965206,2,HUMAN FACTOR,99
32965206,3,HUMAN FACTOR,99
32965207,1,HUMAN FACTOR,14
32965207,1,HUMAN FACTOR,17
32965207,2,HUMAN FACTOR,99
32970125,1,HUMAN FACTOR,99
32971254,1,HUMAN FACTOR,14
32971254,2,HUMAN FACTOR,99
32971390,1,HUMAN FACTOR,18
32972126,1,HUMAN FACTOR,17
32972126,2,HUMAN FACTOR,99
32972750,1,HUMAN FACTOR,18
32973003,1,HUMAN FACTOR,8
32973003,2,HUMAN FACTOR,99
32976305,1,HUMAN FACTOR,8
32976305,2,HUMAN FACTOR,99
32979391,1,HUMAN FACTOR,97
32979391,2,HUMAN FACTOR,99
32979457,1,HUMAN FACTOR,12
32979457,2,HUMAN FACTOR,99
32982687,1,HUMAN FACTOR,4
32982687,1,HUMAN FACTOR,14
32982687,1,HUMAN FACTOR,18
32982687,2,HUMAN FACTOR,99
32983242,1,HUMAN FACTOR,26
32983242,1,HUMAN FACTOR,14
32983242,2,HUMAN FACTOR,99
32984950,1,HUMAN FACTOR,18
32985847,1,HUMAN FACTOR,99
32985847,2,HUMAN FACTOR,99
32985854,1,HUMAN FACTOR,26
32985854,2,HUMAN FACTOR,99
32985854,3,HUMAN FACTOR,99
32988649,1,HUMAN FACTOR,18
32988728,1,HUMAN FACTOR,14
32988728,1,HUMAN FACTOR,97
32988728,2,HUMAN FACTOR,99
32993328,1,HUMAN FACTOR,99
32993328,2,HUMAN FACTOR,4
32997960,1,HUMAN FACTOR,4
32997960,1,HUMAN FACTOR,14
32997960,1,HUMAN FACTOR,18
32997960,2,HUMAN FACTOR,99
32997960,3,HUMAN FACTOR,99
32998037,1,HUMAN FACTOR,18
32998037,1,HUMAN FACTOR,22
32998037,2,HUMAN FACTOR,99
32998037,3,HUMAN FACTOR,99
32999195,1,HUMAN FACTOR,8
32999195,1,HUMAN FACTOR,18
32999195,2,HUMAN FACTOR,99
33000396,1,HUMAN FACTOR,26
33000396,2,HUMAN FACTOR,8
33001120,1,HUMAN FACTOR,97
33001120,2,HUMAN FACTOR,97
33004289,1,HUMAN FACTOR,11
33004289,2,HUMAN FACTOR,99
33004562,1,HUMAN FACTOR,14
33004562,2,HUMAN FACTOR,99
33004881,1,HUMAN FACTOR,97
33004881,2,HUMAN FACTOR,99
33005638,1,HUMAN FACTOR,99
33005726,1,HUMAN FACTOR,14
33005726,2,HUMAN FACTOR,99
33006961,1,HUMAN FACTOR,14
33006961,2,HUMAN FACTOR,14
33009378,1,HUMAN FACTOR,26
33009378,1,HUMAN FACTOR,25
33009378,2,HUMAN FACTOR,99
33009739,1,HUMAN FACTOR,14
33009739,2,HUMAN FACTOR,99
33011469,1,HUMAN FACTOR,11
33011469,2,HUMAN FACTOR,99
33012740,1,HUMAN FACTOR,99
33012740,2,HUMAN FACTOR,99
33015002,1,HUMAN FACTOR,14
33015002,1,HUMAN FACTOR,17
33015002,1,HUMAN FACTOR,23
33015002,2,HUMAN FACTOR,99
33016788,1,HUMAN FACTOR,14
33016788,2,HUMAN FACTOR,99
33016788,3,HUMAN FACTOR,99
33016788,4,HUMAN FACTOR,99
33024535,1,HUMAN FACTOR,14
33024535,2,HUMAN FACTOR,99
33025893,1,HUMAN FACTOR,18
33025893,1,HUMAN FACTOR,19
33026575,1,HUMAN FACTOR,99
33028817,1,HUMAN FACTOR,14
33028817,2,HUMAN FACTOR,99
33028993,1,HUMAN FACTOR,17
33032568,1,HUMAN FACTOR,18
33032568,2,HUMAN FACTOR,18
33034032,1,HUMAN FACTOR,11
33034032,2,HUMAN FACTOR,99
33034069,1,HUMAN FACTOR,99
33034069,2,HUMAN FACTOR,99
33034069,3,HUMAN FACTOR,99
33035547,1,HUMAN FACTOR,17
33035547,2,HUMAN FACTOR,99
33035871,1,HUMAN FACTOR,18
33035871,2,HUMAN FACTOR,99
33035872,1,HUMAN FACTOR,17
33035872,2,HUMAN FACTOR,17
33035872,3,HUMAN FACTOR,99
33035874,1,HUMAN FACTOR,11
33035874,1,HUMAN FACTOR,14
33035874,2,HUMAN FACTOR,99
33038192,1,HUMAN FACTOR,11
33038192,2,HUMAN FACTOR,14
33039605,1,HUMAN FACTOR,99
33039605,2,HUMAN FACTOR,99
33040558,1,HUMAN FACTOR,14
33044209,1,HUMAN FACTOR,14
33044209,1,HUMAN FACTOR,17
33044209,2,HUMAN FACTOR,99
33044210,1,HUMAN FACTOR,11
33044210,2,HUMAN FACTOR,99
33049227,1,HUMAN FACTOR,14
33049227,1,HUMAN FACTOR,17
33049227,2,HUMAN FACTOR,99
33050770,1,HUMAN FACTOR,8
33050770,1,HUMAN FACTOR,13
33050770,2,HUMAN FACTOR,99
33051731,1,HUMAN FACTOR,26
33051731,1,HUMAN FACTOR,8
33051731,2,HUMAN FACTOR,99
33051932,1,HUMAN FACTOR,26
33051932,1,HUMAN FACTOR,97
33053276,1,HUMAN FACTOR,97
33053502,1,HUMAN FACTOR,17
33053502,2,HUMAN FACTOR,99
33053757,1,HUMAN FACTOR,99
33056442,1,HUMAN FACTOR,11
33056442,2,HUMAN FACTOR,99
33056442,3,HUMAN FACTOR,99
33056442,4,HUMAN FACTOR,99
33057218,1,HUMAN FACTOR,26
33057218,2,HUMAN FACTOR,99
33059719,1,HUMAN FACTOR,99
33059719,2,HUMAN FACTOR,99
33061429,1,HUMAN FACTOR,14
33061429,2,HUMAN FACTOR,99
33062789,1,HUMAN FACTOR,10
33062789,2,HUMAN FACTOR,99
33062791,1,HUMAN FACTOR,99
33064809,1,HUMAN FACTOR,17
33064809,2,HUMAN FACTOR,99
33065755,1,HUMAN FACTOR,14
33065755,1,HUMAN FACTOR,18
33065755,2,HUMAN FACTOR,99
33067333,1,HUMAN FACTOR,7
33067333,1,HUMAN FACTOR,14
33067333,1,HUMAN FACTOR,22
33070342,1,HUMAN FACTOR,14
33070342,2,HUMAN FACTOR,99
33071998,1,HUMAN FACTOR,11
33071998,2,HUMAN FACTOR,99
33077658,1,HUMAN FACTOR,4
33077658,1,HUMAN FACTOR,14
33077658,1,HUMAN FACTOR,18
33077658,2,HUMAN FACTOR,99
33077658,3,HUMAN FACTOR,99
33079150,1,HUMAN FACTOR,11
33079150,1,HUMAN FACTOR,14
33079150,2,HUMAN FACTOR,11
33079150,2,HUMAN FACTOR,14
33079150,3,HUMAN FACTOR,99
33079465,1,HUMAN FACTOR,8
33079465,1,HUMAN FACTOR,14
33079465,1,HUMAN FACTOR,18
33079465,2,HUMAN FACTOR,99
33081957,1,HUMAN FACTOR,14
33081957,1,HUMAN FACTOR,17
33081957,2,HUMAN FACTOR,99
33082023,1,HUMAN FACTOR,1
33082958,1,HUMAN FACTOR,14
33082958,2,HUMAN FACTOR,99
33083941,2,HUMAN FACTOR,99
33087003,1,HUMAN FACTOR,14
33087003,2,HUMAN FACTOR,99
33087435,1,HUMAN FACTOR,14
33087435,2,HUMAN FACTOR,99
33088235,1,HUMAN FACTOR,99
33091299,1,HUMAN FACTOR,14
33091299,2,HUMAN FACTOR,99
33092743,1,HUMAN FACTOR,26
33092743,1,HUMAN FACTOR,14
33092743,2,HUMAN FACTOR,26
33092743,2,HUMAN FACTOR,14
33093968,1,HUMAN FACTOR,8
33093968,1,HUMAN FACTOR,14
33093968,1,HUMAN FACTOR,18
33093968,2,HUMAN FACTOR,99
33095200,1,HUMAN FACTOR,11
33095200,2,HUMAN FACTOR,99
33096673,1,HUMAN FACTOR,14
33096673,2,HUMAN FACTOR,99
33096887,1,HUMAN FACTOR,99
33097623,1,HUMAN FACTOR,18
33097623,2,HUMAN FACTOR,99
33101554,1,HUMAN FACTOR,17
33101554,2,HUMAN FACTOR,99
33101884,1,HUMAN FACTOR,17
33101884,2,HUMAN FACTOR,99
33102133,1,HUMAN FACTOR,18
33102133,2,HUMAN FACTOR,99
33102943,1,HUMAN FACTOR,99
33102943,2,HUMAN FACTOR,99
33104828,1,HUMAN FACTOR,18
33104828,1,HUMAN FACTOR,19
33104828,1,HUMAN FACTOR,22
33104830,1,HUMAN FACTOR,17
33104830,2,HUMAN FACTOR,11
33109520,1,HUMAN FACTOR,11
33109520,1,HUMAN FACTOR,14
33109520,2,HUMAN FACTOR,1
33109520,2,HUMAN FACTOR,19
33109540,1,HUMAN FACTOR,99
33109540,2,HUMAN FACTOR,99
33109540,3,HUMAN FACTOR,99
33116607,1,HUMAN FACTOR,97
33116607,2,HUMAN FACTOR,97
33117378,1,HUMAN FACTOR,8
33117378,2,HUMAN FACTOR,99
33117691,1,HUMAN FACTOR,22
33117691,2,HUMAN FACTOR,99
33119026,1,HUMAN FACTOR,13
33119026,1,HUMAN FACTOR,17
33119026,2,HUMAN FACTOR,99
33119166,1,HUMAN FACTOR,14
33119166,1,HUMAN FACTOR,17
33119166,2,HUMAN FACTOR,99
33119804,1,HUMAN FACTOR,14
33119804,2,HUMAN FACTOR,99
33119944,1,HUMAN FACTOR,11
33119944,1,HUMAN FACTOR,14
33119944,1,HUMAN FACTOR,17
33119944,2,HUMAN FACTOR,99
33122141,1,HUMAN FACTOR,14
33122141,1,HUMAN FACTOR,17
33122141,2,HUMAN FACTOR,99
33122335,1,HUMAN FACTOR,11
33122335,2,HUMAN FACTOR,99
33122703,1,HUMAN FACTOR,14
33122703,2,HUMAN FACTOR,99
33122922,1,HUMAN FACTOR,11
33122922,2,HUMAN FACTOR,99
33123381,1,HUMAN FACTOR,8
33123381,1,HUMAN FACTOR,14
33123381,1,HUMAN FACTOR,18
33128371,1,HUMAN FACTOR,14
33128371,2,HUMAN FACTOR,99
33128371,3,HUMAN FACTOR,99
33128977,1,HUMAN FACTOR,97
33131156,1,HUMAN FACTOR,14
33131156,1,HUMAN FACTOR,18
33131156,2,HUMAN FACTOR,99
33131156,3,HUMAN FACTOR,99
33132711,1,HUMAN FACTOR,11
33132711,2,HUMAN FACTOR,99
33139820,1,HUMAN FACTOR,17
33139820,2,HUMAN FACTOR,99
33141702,1,HUMAN FACTOR,17
33141702,1,HUMAN FACTOR,18
33141702,2,HUMAN FACTOR,99
33148920,1,HUMAN FACTOR,17
33148920,2,HUMAN FACTOR,99
33149395,1,HUMAN FACTOR,2
33149395,2,HUMAN FACTOR,99
33149460,1,HUMAN FACTOR,18
33149460,2,HUMAN FACTOR,99
33151045,1,HUMAN FACTOR,8
33151045,2,HUMAN FACTOR,99
33152694,1,HUMAN FACTOR,14
33152694,2,HUMAN FACTOR,99
33154418,1,HUMAN FACTOR,99
33154418,2,HUMAN FACTOR,11
33154418,3,HUMAN FACTOR,99
33157915,1,HUMAN FACTOR,17
33158706,1,HUMAN FACTOR,17
33158706,2,HUMAN FACTOR,99
33164534,1,HUMAN FACTOR,14
33170487,1,HUMAN FACTOR,14
33170487,1,HUMAN FACTOR,18
33170487,1,HUMAN FACTOR,19
33170487,2,HUMAN FACTOR,99
33172205,1,HUMAN FACTOR,14
33172205,2,HUMAN FACTOR,99
33172261,1,HUMAN FACTOR,14
33172261,2,HUMAN FACTOR,99
33173079,1,HUMAN FACTOR,13
33173079,1,HUMAN FACTOR,14
33173079,1,HUMAN FACTOR,17
33173079,2,HUMAN FACTOR,99
33173331,1,HUMAN FACTOR,2
33173331,1,HUMAN FACTOR,4
33173331,1,HUMAN FACTOR,14
33173331,2,HUMAN FACTOR,99
33173603,1,HUMAN FACTOR,17
33173603,2,HUMAN FACTOR,99
33174506,1,HUMAN FACTOR,14
33174506,1,HUMAN FACTOR,18
33174506,2,HUMAN FACTOR,99
33174506,3,HUMAN FACTOR,99
33175521,1,HUMAN FACTOR,11
33175521,2,HUMAN FACTOR,99
33176819,1,HUMAN FACTOR,17
33176819,2,HUMAN FACTOR,99
33177883,1,HUMAN FACTOR,18
33177883,1,HUMAN FACTOR,97
33181983,1,HUMAN FACTOR,14
33181983,2,HUMAN FACTOR,99
33184376,1,HUMAN FACTOR,99
33184376,2,HUMAN FACTOR,17
33187324,1,HUMAN FACTOR,11
33187324,1,HUMAN FACTOR,14
33187324,2,HUMAN FACTOR,99
33187400,1,HUMAN FACTOR,99
33187400,2,HUMAN FACTOR,99
33187404,1,HUMAN FACTOR,17
33187404,2,HUMAN FACTOR,99
33187951,1,HUMAN FACTOR,99
33187951,2,HUMAN FACTOR,99
33191749,1,HUMAN FACTOR,18
33191749,2,HUMAN FACTOR,99
33192321,1,HUMAN FACTOR,97
33192321,2,HUMAN FACTOR,99
33197510,1,HUMAN FACTOR,14
33197510,1,HUMAN FACTOR,17
33197510,1,HUMAN FACTOR,23
33197510,2,HUMAN FACTOR,99
33198099,1,HUMAN FACTOR,18
33198099,2,HUMAN FACTOR,99
33202704,1,HUMAN FACTOR,14
33202704,1,HUMAN FACTOR,17
33203153,1,HUMAN FACTOR,17
33203153,2,HUMAN FACTOR,99
33207403,1,HUMAN FACTOR,97
33207403,2,HUMAN FACTOR,99
33208053,1,HUMAN FACTOR,18
33208053,2,HUMAN FACTOR,99
33208053,3,HUMAN FACTOR,99
33210717,1,HUMAN FACTOR,26
33210717,2,HUMAN FACTOR,99
33211051,1,HUMAN FACTOR,11
33211051,1,HUMAN FACTOR,14
33211051,2,HUMAN FACTOR,99
33211218,1,HUMAN FACTOR,14
33211218,2,HUMAN FACTOR,99
33212012,1,HUMAN FACTOR,97
33212012,2,HUMAN FACTOR,99
33212681,1,HUMAN FACTOR,1
33212681,1,HUMAN FACTOR,3
33212681,1,HUMAN FACTOR,26
33214732,1,HUMAN FACTOR,17
33216188,1,HUMAN FACTOR,14
33216188,2,HUMAN FACTOR,99
33216198,1,HUMAN FACTOR,13
33216198,2,HUMAN FACTOR,99
33219668,1,HUMAN FACTOR,14
33219668,2,HUMAN FACTOR,99
33220901,1,HUMAN FACTOR,11
33220901,2,HUMAN FACTOR,99
33221168,1,HUMAN FACTOR,11
33221168,1,HUMAN FACTOR,14
33221168,2,HUMAN FACTOR,99
33221697,1,HUMAN FACTOR,26
33221697,1,HUMAN FACTOR,13
33221697,2,HUMAN FACTOR,99
33222914,1,HUMAN FACTOR,4
33222914,2,HUMAN FACTOR,99
33224249,1,HUMAN FACTOR,11
33224249,1,HUMAN FACTOR,14
33224249,1,HUMAN FACTOR,18
33224249,2,HUMAN FACTOR,99
33225595,1,HUMAN FACTOR,14
33225595,2,HUMAN FACTOR,99
33226547,1,HUMAN FACTOR,97
33226547,2,HUMAN FACTOR,99
33231013,1,HUMAN FACTOR,11
33231013,2,HUMAN FACTOR,99
33231013,3,HUMAN FACTOR,99
33231943,1,HUMAN FACTOR,18
33231943,2,HUMAN FACTOR,99
33232187,1,HUMAN FACTOR,14
33232187,2,HUMAN FACTOR,99
33232378,1,HUMAN FACTOR,99
33232378,2,HUMAN FACTOR,99
33232484,1,HUMAN FACTOR,14
33232484,2,HUMAN FACTOR,99
33236305,2,HUMAN FACTOR,99
33236325,1,HUMAN FACTOR,99
33236325,2,HUMAN FACTOR,99
33241492,1,HUMAN FACTOR,12
33241492,2,HUMAN FACTOR,99
33242443,1,HUMAN FACTOR,26
33242443,2,HUMAN FACTOR,99
33242471,1,HUMAN FACTOR,26
33242471,2,HUMAN FACTOR,99
33248467,1,HUMAN FACTOR,14
33248467,2,HUMAN FACTOR,99
33248467,3,HUMAN FACTOR,99
33248467,4,HUMAN FACTOR,99
33248487,1,HUMAN FACTOR,8
33248487,1,HUMAN FACTOR,14
33248487,2,HUMAN FACTOR,99
33248490,1,HUMAN FACTOR,8
33248490,1,HUMAN FACTOR,14
33248490,1,HUMAN FACTOR,97
33248490,2,HUMAN FACTOR,99
33248868,1,HUMAN FACTOR,99
33251432,1,HUMAN FACTOR,26
33251432,2,HUMAN FACTOR,99
33251442,1,HUMAN FACTOR,11
33251442,1,HUMAN FACTOR,14
33251442,2,HUMAN FACTOR,99
33251442,3,HUMAN FACTOR,99
33252437,1,HUMAN FACTOR,17
33252437,2,HUMAN FACTOR,99
33253684,1,HUMAN FACTOR,14
33253684,2,HUMAN FACTOR,99
33255011,1,HUMAN FACTOR,18
33255469,1,HUMAN FACTOR,11
33255469,2,HUMAN FACTOR,99
33261651,1,HUMAN FACTOR,17
33261651,1,HUMAN FACTOR,97
33261651,2,HUMAN FACTOR,99
33261660,1,HUMAN FACTOR,14
33261660,1,HUMAN FACTOR,18
33261660,2,HUMAN FACTOR,99
33261660,3,HUMAN FACTOR,99
33261660,4,HUMAN FACTOR,99
33261660,5,HUMAN FACTOR,99
33261660,6,HUMAN FACTOR,99
33264897,1,HUMAN FACTOR,11
33264897,1,HUMAN FACTOR,14
33264897,2,HUMAN FACTOR,99
33268027,1,HUMAN FACTOR,11
33268027,2,HUMAN FACTOR,99
33273284,1,HUMAN FACTOR,14
33273284,1,HUMAN FACTOR,17
33273284,2,HUMAN FACTOR,99
33274612,1,HUMAN FACTOR,11
33274612,1,HUMAN FACTOR,14
33274612,2,HUMAN FACTOR,99
33274678,1,HUMAN FACTOR,14
33274678,2,HUMAN FACTOR,99
33276561,1,HUMAN FACTOR,18
33276561,2,HUMAN FACTOR,99
33277414,1,HUMAN FACTOR,17
33277414,2,HUMAN FACTOR,99
33277416,1,HUMAN FACTOR,14
33277416,2,HUMAN FACTOR,99
33277448,1,HUMAN FACTOR,14
33277448,2,HUMAN FACTOR,99
33287817,1,HUMAN FACTOR,8
33287817,2,HUMAN FACTOR,99
33288398,1,HUMAN FACTOR,17
33288398,2,HUMAN FACTOR,99
33288398,3,HUMAN FACTOR,99
33292045,1,HUMAN FACTOR,14
33292045,2,HUMAN FACTOR,99
33292054,1,HUMAN FACTOR,14
33292054,2,HUMAN FACTOR,99
33292054,3,HUMAN FACTOR,11
33292872,1,HUMAN FACTOR,26
33292872,2,HUMAN FACTOR,99
33296594,1,HUMAN FACTOR,18
33296594,2,HUMAN FACTOR,99
33296594,3,HUMAN FACTOR,99
33296882,1,HUMAN FACTOR,14
33300248,1,HUMAN FACTOR,17
33301937,1,HUMAN FACTOR,1
33301937,1,HUMAN FACTOR,14
33301937,1,HUMAN FACTOR,18
33302132,1,HUMAN FACTOR,14
33302132,2,HUMAN FACTOR,99
33307522,2,HUMAN FACTOR,99
33307880,1,HUMAN FACTOR,14
33307880,1,HUMAN FACTOR,97
33307880,2,HUMAN FACTOR,99
33311745,1,HUMAN FACTOR,4
33311745,2,HUMAN FACTOR,99
33312486,1,HUMAN FACTOR,14
33312486,2,HUMAN FACTOR,99
33312764,1,HUMAN FACTOR,18
33312764,1,HUMAN FACTOR,19
33313061,1,HUMAN FACTOR,11
33313061,2,HUMAN FACTOR,99
33313999,1,HUMAN FACTOR,11
33313999,2,HUMAN FACTOR,99
33313999,3,HUMAN FACTOR,11
33314130,1,HUMAN FACTOR,14
33314130,2,HUMAN FACTOR,99
33314909,1,HUMAN FACTOR,14
33314909,2,HUMAN FACTOR,99
33314909,3,HUMAN FACTOR,99
33316463,1,HUMAN FACTOR,14
33316463,2,HUMAN FACTOR,99
33317632,1,HUMAN FACTOR,14
33317632,2,HUMAN FACTOR,99
33317652,1,HUMAN FACTOR,17
33317652,1,HUMAN FACTOR,18
33317652,2,HUMAN FACTOR,99
33318128,1,HUMAN FACTOR,99
33318128,2,HUMAN FACTOR,99
33323212,1,HUMAN FACTOR,10
33323212,2,HUMAN FACTOR,99
33324264,1,HUMAN FACTOR,26
33324264,1,HUMAN FACTOR,8
33324264,2,HUMAN FACTOR,99
33324815,1,HUMAN FACTOR,8
33329074,1,HUMAN FACTOR,14
33331215,1,HUMAN FACTOR,22
33331215,2,HUMAN FACTOR,99
33331215,3,HUMAN FACTOR,22
33331215,4,HUMAN FACTOR,22
33333953,1,HUMAN FACTOR,97
33333953,2,HUMAN FACTOR,97
33334063,1,HUMAN FACTOR,99
33335164,1,HUMAN FACTOR,11
33335164,1,HUMAN FACTOR,18
33335164,2,HUMAN FACTOR,99
33336342,1,HUMAN FACTOR,8
33336342,1,HUMAN FACTOR,11
33336342,1,HUMAN FACTOR,14
33336342,2,HUMAN FACTOR,99
33336579,1,HUMAN FACTOR,11
33336579,1,HUMAN FACTOR,14
33336579,2,HUMAN FACTOR,99
33337496,1,HUMAN FACTOR,14
33337496,2,HUMAN FACTOR,99
33338095,1,HUMAN FACTOR,14
33338095,1,HUMAN FACTOR,17
33338095,2,HUMAN FACTOR,99
33338372,1,HUMAN FACTOR,17
33338372,2,HUMAN FACTOR,99
33339150,1,HUMAN FACTOR,14
33339150,1,HUMAN FACTOR,17
33339150,2,HUMAN FACTOR,99
33340244,1,HUMAN FACTOR,14
33340771,1,HUMAN FACTOR,99
33341355,1,HUMAN FACTOR,99
33341355,2,HUMAN FACTOR,99
33341355,3,HUMAN FACTOR,99
33342985,1,HUMAN FACTOR,97
33342985,2,HUMAN FACTOR,99
33342985,3,HUMAN FACTOR,99
33342985,4,HUMAN FACTOR,99
33343004,1,HUMAN FACTOR,14
33343004,2,HUMAN FACTOR,99
33343005,1,HUMAN FACTOR,17
33343005,2,HUMAN FACTOR,99
33343006,1,HUMAN FACTOR,14
33343006,2,HUMAN FACTOR,99
33343057,1,HUMAN FACTOR,11
33343057,2,HUMAN FACTOR,99
33344240,1,HUMAN FACTOR,11
33344240,2,HUMAN FACTOR,99
33346726,1,HUMAN FACTOR,26
33346749,1,HUMAN FACTOR,10
33346749,1,HUMAN FACTOR,18
33346749,2,HUMAN FACTOR,99
33346793,1,HUMAN FACTOR,99
33346793,2,HUMAN FACTOR,99
33347562,1,HUMAN FACTOR,97
33347562,2,HUMAN FACTOR,99
33348537,2,HUMAN FACTOR,99
33348856,1,HUMAN FACTOR,17
33348856,2,HUMAN FACTOR,99
33351856,1,HUMAN FACTOR,99
33352955,1,HUMAN FACTOR,11
33352955,2,HUMAN FACTOR,99
33362002,1,HUMAN FACTOR,11
33362002,1,HUMAN FACTOR,14
33362002,2,HUMAN FACTOR,99
33362644,1,HUMAN FACTOR,99
33362644,2,HUMAN FACTOR,99
33362668,1,HUMAN FACTOR,7
33362668,2,HUMAN FACTOR,99
33362668,3,HUMAN FACTOR,99
33362676,1,HUMAN FACTOR,99
33362676,2,HUMAN FACTOR,99
33362684,1,HUMAN FACTOR,97
33362684,2,HUMAN FACTOR,14
33362949,1,HUMAN FACTOR,14
33362949,2,HUMAN FACTOR,99
33363592,1,HUMAN FACTOR,14
33363592,1,HUMAN FACTOR,17
33363592,1,HUMAN FACTOR,18
33363592,2,HUMAN FACTOR,99
33363593,1,HUMAN FACTOR,14
33363593,1,HUMAN FACTOR,18
33363593,2,HUMAN FACTOR,99
33366802,1,HUMAN FACTOR,5
33366802,1,HUMAN FACTOR,15
33366828,1,HUMAN FACTOR,8
33366828,2,HUMAN FACTOR,8
33368190,1,HUMAN FACTOR,14
33368190,1,HUMAN FACTOR,18
33368190,2,HUMAN FACTOR,99
33368668,1,HUMAN FACTOR,14
33370493,2,HUMAN FACTOR,99
33370493,1,HUMAN FACTOR,14
33371183,2,HUMAN FACTOR,99
33371824,1,HUMAN FACTOR,8
33371824,1,HUMAN FACTOR,14
33371824,2,HUMAN FACTOR,99
33371882,1,HUMAN FACTOR,99
33372156,1,HUMAN FACTOR,14
33372156,2,HUMAN FACTOR,99
33372158,1,HUMAN FACTOR,26
33372158,2,HUMAN FACTOR,99
33373237,1,HUMAN FACTOR,11
33373237,1,HUMAN FACTOR,14
33373237,1,HUMAN FACTOR,18
33373237,2,HUMAN FACTOR,99
33373542,1,HUMAN FACTOR,99
33373542,2,HUMAN FACTOR,99
33377869,1,HUMAN FACTOR,11
33377869,2,HUMAN FACTOR,99
33377869,3,HUMAN FACTOR,99
33377951,1,HUMAN FACTOR,17
33377951,2,HUMAN FACTOR,99
33378002,1,HUMAN FACTOR,8
33378002,1,HUMAN FACTOR,14
33378002,2,HUMAN FACTOR,99
33378158,1,HUMAN FACTOR,7
33378158,1,HUMAN FACTOR,22
33378546,1,HUMAN FACTOR,3
33378546,1,HUMAN FACTOR,14
33378546,2,HUMAN FACTOR,99
33378705,1,HUMAN FACTOR,97
33378705,2,HUMAN FACTOR,99
33378705,3,HUMAN FACTOR,97
33379088,2,HUMAN FACTOR,99
33379088,1,HUMAN FACTOR,17
33380030,1,HUMAN FACTOR,8
33380030,2,HUMAN FACTOR,99
33381982,1,HUMAN FACTOR,14
33381982,2,HUMAN FACTOR,14
33382625,1,HUMAN FACTOR,97
33382625,2,HUMAN FACTOR,97
33383699,1,HUMAN FACTOR,17
33383699,2,HUMAN FACTOR,99
33384635,1,HUMAN FACTOR,11
33384635,2,HUMAN FACTOR,99
33387354,1,HUMAN FACTOR,14
33387354,1,HUMAN FACTOR,97
33387354,2,HUMAN FACTOR,99
33389875,1,HUMAN FACTOR,10
33392712,1,HUMAN FACTOR,14
33392712,1,HUMAN FACTOR,22
33392712,2,HUMAN FACTOR,99
33392712,3,HUMAN FACTOR,99
33392712,4,HUMAN FACTOR,99
33392731,1,HUMAN FACTOR,11
33392731,1,HUMAN FACTOR,14
33392731,2,HUMAN FACTOR,99
33392743,1,HUMAN FACTOR,14
33392743,2,HUMAN FACTOR,99
33392809,1,HUMAN FACTOR,14
33392809,2,HUMAN FACTOR,99
33393198,1,HUMAN FACTOR,4
33393198,1,HUMAN FACTOR,7
33393260,1,HUMAN FACTOR,18
33393260,1,HUMAN FACTOR,22
33393260,2,HUMAN FACTOR,99
33394247,1,HUMAN FACTOR,14
33394247,2,HUMAN FACTOR,99
33394938,2,HUMAN FACTOR,99
33395779,1,HUMAN FACTOR,8
33395779,1,HUMAN FACTOR,17
33395779,1,HUMAN FACTOR,18
33395779,2,HUMAN FACTOR,99
33397037,1,HUMAN FACTOR,7
33397037,1,HUMAN FACTOR,8
33397037,1,HUMAN FACTOR,17
33397037,2,HUMAN FACTOR,99
33397037,3,HUMAN FACTOR,99
33397045,1,HUMAN FACTOR,97
33397552,1,HUMAN FACTOR,97
33397552,2,HUMAN FACTOR,99
33398363,1,HUMAN FACTOR,17
33398363,2,HUMAN FACTOR,99
33398679,1,HUMAN FACTOR,26
33398679,1,HUMAN FACTOR,17
33398679,2,HUMAN FACTOR,99
33399873,1,HUMAN FACTOR,4
33399873,1,HUMAN FACTOR,14
33400799,1,HUMAN FACTOR,26
33400799,1,HUMAN FACTOR,17
33400799,2,HUMAN FACTOR,99
33400800,1,HUMAN FACTOR,11
33400800,1,HUMAN FACTOR,18
33400800,2,HUMAN FACTOR,11
33400800,2,HUMAN FACTOR,18
33400800,3,HUMAN FACTOR,99
33401801,1,HUMAN FACTOR,17
33401801,2,HUMAN FACTOR,99
33402642,1,HUMAN FACTOR,11
33402642,2,HUMAN FACTOR,99
33403796,1,HUMAN FACTOR,18
33403800,1,HUMAN FACTOR,99
33404536,1,HUMAN FACTOR,14
33404536,2,HUMAN FACTOR,99
33404536,3,HUMAN FACTOR,99
33407063,1,HUMAN FACTOR,99
33407063,2,HUMAN FACTOR,99
33407792,1,HUMAN FACTOR,11
33407792,1,HUMAN FACTOR,14
33407792,2,HUMAN FACTOR,99
33408066,1,HUMAN FACTOR,14
33408066,2,HUMAN FACTOR,99
33408363,1,HUMAN FACTOR,14
33408363,2,HUMAN FACTOR,99
33408489,1,HUMAN FACTOR,14
33408489,2,HUMAN FACTOR,99
33408672,1,HUMAN FACTOR,22
33408674,1,HUMAN FACTOR,11
33408674,1,HUMAN FACTOR,22
33408674,2,HUMAN FACTOR,99
33409642,1,HUMAN FACTOR,8
33409642,2,HUMAN FACTOR,99
33410645,1,HUMAN FACTOR,97
33410645,2,HUMAN FACTOR,99
33410645,3,HUMAN FACTOR,99
33411262,1,HUMAN FACTOR,1
33411262,1,HUMAN FACTOR,14
33411262,2,HUMAN FACTOR,99
33411262,4,HUMAN FACTOR,99
33411262,5,HUMAN FACTOR,99
33411262,6,HUMAN FACTOR,99
33411262,7,HUMAN FACTOR,99
33412231,1,HUMAN FACTOR,14
33412231,2,HUMAN FACTOR,99
33412232,1,HUMAN FACTOR,14
33412232,2,HUMAN FACTOR,99
33412262,2,HUMAN FACTOR,99
33412296,1,HUMAN FACTOR,99
33412772,1,HUMAN FACTOR,18
33412772,2,HUMAN FACTOR,99
33414188,1,HUMAN FACTOR,99
33414188,2,HUMAN FACTOR,99
33414234,1,HUMAN FACTOR,11
33414234,1,HUMAN FACTOR,14
33414234,2,HUMAN FACTOR,99
33416164,1,HUMAN FACTOR,17
33416164,2,HUMAN FACTOR,99
33416164,3,HUMAN FACTOR,17
33416164,4,HUMAN FACTOR,17
33416574,1,HUMAN FACTOR,17
33416574,2,HUMAN FACTOR,99
33419922,1,HUMAN FACTOR,8
33419922,1,HUMAN FACTOR,14
33419922,2,HUMAN FACTOR,99
33420201,1,HUMAN FACTOR,14
33420201,2,HUMAN FACTOR,99
33421270,1,HUMAN FACTOR,8
33421270,1,HUMAN FACTOR,18
33421270,2,HUMAN FACTOR,99
33421367,1,HUMAN FACTOR,11
33421367,2,HUMAN FACTOR,99
33421772,1,HUMAN FACTOR,99
33424176,1,HUMAN FACTOR,14
33424176,2,HUMAN FACTOR,14
33424176,3,HUMAN FACTOR,99
33424842,1,HUMAN FACTOR,4
33424842,2,HUMAN FACTOR,99
33424842,3,HUMAN FACTOR,99
33425027,1,HUMAN FACTOR,11
33425027,2,HUMAN FACTOR,99
33425916,1,HUMAN FACTOR,11
33425916,1,HUMAN FACTOR,14
33425916,2,HUMAN FACTOR,99
33425916,3,HUMAN FACTOR,99
33425916,4,HUMAN FACTOR,99
33426246,1,HUMAN FACTOR,14
33426246,2,HUMAN FACTOR,99
33427757,1,HUMAN FACTOR,14
33429757,1,HUMAN FACTOR,8
33429757,1,HUMAN FACTOR,11
33429757,2,HUMAN FACTOR,99
33429942,1,HUMAN FACTOR,14
33429942,1,HUMAN FACTOR,18
33429942,1,HUMAN FACTOR,23
33429942,2,HUMAN FACTOR,14
33430979,1,HUMAN FACTOR,97
33430979,2,HUMAN FACTOR,97
33431393,1,HUMAN FACTOR,17
33431393,2,HUMAN FACTOR,99
33431421,1,HUMAN FACTOR,97
33431421,2,HUMAN FACTOR,97
33431439,1,HUMAN FACTOR,17
33431439,2,HUMAN FACTOR,99
33433119,1,HUMAN FACTOR,14
33433119,2,HUMAN FACTOR,99
33433119,3,HUMAN FACTOR,99
32658708,1,VEHICULAR FACTOR,99
32658708,2,VEHICULAR FACTOR,99
32658708,3,VEHICULAR FACTOR,99
32659228,1,VEHICULAR FACTOR,99
32659228,2,VEHICULAR FACTOR,99
32672935,2,VEHICULAR FACTOR,99
32676655,1,VEHICULAR FACTOR,99
32676655,2,VEHICULAR FACTOR,99
32682385,1,VEHICULAR FACTOR,99
32682385,2,VEHICULAR FACTOR,99
32686833,1,VEHICULAR FACTOR,1
32686833,1,VEHICULAR FACTOR,7
32686843,1,VEHICULAR FACTOR,99
32686843,2,VEHICULAR FACTOR,99
32700076,1,VEHICULAR FACTOR,99
32702194,1,VEHICULAR FACTOR,99
32702194,2,VEHICULAR FACTOR,99
32709294,1,VEHICULAR FACTOR,99
32709294,2,VEHICULAR FACTOR,99
32709983,1,VEHICULAR FACTOR,99
32709983,2,VEHICULAR FACTOR,99
32714074,1,VEHICULAR FACTOR,99
32714074,2,VEHICULAR FACTOR,99
32716413,1,VEHICULAR FACTOR,8
32716413,2,VEHICULAR FACTOR,99
32717185,1,VEHICULAR FACTOR,99
32728816,1,VEHICULAR FACTOR,99
32731794,1,VEHICULAR FACTOR,99
32731794,2,VEHICULAR FACTOR,99
32733964,1,VEHICULAR FACTOR,99
32733964,2,VEHICULAR FACTOR,99
32733997,1,VEHICULAR FACTOR,99
32733997,2,VEHICULAR FACTOR,99
32747062,1,VEHICULAR FACTOR,99
32747062,2,VEHICULAR FACTOR,99
32750312,1,VEHICULAR FACTOR,99
32750312,2,VEHICULAR FACTOR,99
32750402,1,VEHICULAR FACTOR,99
32750402,2,VEHICULAR FACTOR,99
32755079,1,VEHICULAR FACTOR,99
32756505,1,VEHICULAR FACTOR,99
32756505,2,VEHICULAR FACTOR,99
32757863,1,VEHICULAR FACTOR,99
32757863,2,VEHICULAR FACTOR,99
32757948,1,VEHICULAR FACTOR,99
32757948,2,VEHICULAR FACTOR,99
32768176,1,VEHICULAR FACTOR,99
32768176,2,VEHICULAR FACTOR,99
32768291,1,VEHICULAR FACTOR,99
32768291,2,VEHICULAR FACTOR,99
32770298,1,VEHICULAR FACTOR,99
32770298,2,VEHICULAR FACTOR,99
32770580,1,VEHICULAR FACTOR,99
32770580,2,VEHICULAR FACTOR,99
32774475,1,VEHICULAR FACTOR,99
32774475,2,VEHICULAR FACTOR,99
32774475,3,VEHICULAR FACTOR,99
32774475,4,VEHICULAR FACTOR,99
32774475,5,VEHICULAR FACTOR,99
32774475,6,VEHICULAR FACTOR,99
32774475,7,VEHICULAR FACTOR,99
32774475,8,VEHICULAR FACTOR,99
32774475,9,VEHICULAR FACTOR,99
32775587,1,VEHICULAR FACTOR,99
32776771,1,VEHICULAR FACTOR,99
32776771,2,VEHICULAR FACTOR,99
32777994,1,VEHICULAR FACTOR,99
32777994,2,VEHICULAR FACTOR,99
32778070,2,VEHICULAR FACTOR,99
32779720,1,VEHICULAR FACTOR,5
32779720,2,VEHICULAR FACTOR,99
32787804,1,VEHICULAR FACTOR,99
32787804,2,VEHICULAR FACTOR,99
32788638,1,VEHICULAR FACTOR,99
32788664,1,VEHICULAR FACTOR,99
32788674,1,VEHICULAR FACTOR,97
32788674,2,VEHICULAR FACTOR,99
32794984,1,VEHICULAR FACTOR,99
32794984,2,VEHICULAR FACTOR,99
32795317,1,VEHICULAR FACTOR,99
32795317,2,VEHICULAR FACTOR,99
32797962,1,VEHICULAR FACTOR,99
32797962,2,VEHICULAR FACTOR,99
32800875,1,VEHICULAR FACTOR,99
32800875,2,VEHICULAR FACTOR,99
32806149,1,VEHICULAR FACTOR,99
32806149,2,VEHICULAR FACTOR,99
32810423,1,VEHICULAR FACTOR,99
32810423,2,VEHICULAR FACTOR,99
32819262,1,VEHICULAR FACTOR,99
32819262,2,VEHICULAR FACTOR,99
32820177,1,VEHICULAR FACTOR,99
32820177,2,VEHICULAR FACTOR,99
32821422,1,VEHICULAR FACTOR,99
32821422,2,VEHICULAR FACTOR,99
32826965,1,VEHICULAR FACTOR,99
32832100,1,VEHICULAR FACTOR,99
32832100,2,VEHICULAR FACTOR,99
32832491,1,VEHICULAR FACTOR,99
32840628,1,VEHICULAR FACTOR,99
32844492,1,VEHICULAR FACTOR,99
32844492,2,VEHICULAR FACTOR,99
32846496,1,VEHICULAR FACTOR,99
32846883,1,VEHICULAR FACTOR,99
32846883,2,VEHICULAR FACTOR,99
32852002,1,VEHICULAR FACTOR,99
32852002,2,VEHICULAR FACTOR,99
32852416,1,VEHICULAR FACTOR,99
32852417,1,VEHICULAR FACTOR,99
32852417,2,VEHICULAR FACTOR,99
32852417,3,VEHICULAR FACTOR,99
32857520,1,VEHICULAR FACTOR,99
32857520,2,VEHICULAR FACTOR,99
32857830,1,VEHICULAR FACTOR,99
32857830,2,VEHICULAR FACTOR,99
32857830,3,VEHICULAR FACTOR,99
32863012,1,VEHICULAR FACTOR,99
32863012,2,VEHICULAR FACTOR,99
32863012,3,VEHICULAR FACTOR,99
32870255,1,VEHICULAR FACTOR,99
32870255,2,VEHICULAR FACTOR,99
32872987,1,VEHICULAR FACTOR,99
32872987,2,VEHICULAR FACTOR,99
32878865,1,VEHICULAR FACTOR,99
32880874,1,VEHICULAR FACTOR,99
32880874,2,VEHICULAR FACTOR,99
32880874,3,VEHICULAR FACTOR,99
32880874,4,VEHICULAR FACTOR,99
32882819,1,VEHICULAR FACTOR,99
32882819,2,VEHICULAR FACTOR,99
32882819,3,VEHICULAR FACTOR,99
32882832,1,VEHICULAR FACTOR,99
32882832,2,VEHICULAR FACTOR,99
32888031,1,VEHICULAR FACTOR,99
32888031,2,VEHICULAR FACTOR,99
32888031,3,VEHICULAR FACTOR,99
32888031,4,VEHICULAR FACTOR,99
32889501,1,VEHICULAR FACTOR,99
32889605,2,VEHICULAR FACTOR,99
32889605,1,VEHICULAR FACTOR,99
32890651,1,VEHICULAR FACTOR,99
32891668,1,VEHICULAR FACTOR,99
32892624,1,VEHICULAR FACTOR,99
32892624,2,VEHICULAR FACTOR,99
32893084,1,VEHICULAR FACTOR,99
32894126,1,VEHICULAR FACTOR,99
32894126,2,VEHICULAR FACTOR,99
32894322,1,VEHICULAR FACTOR,99
32894322,2,VEHICULAR FACTOR,99
32899838,1,VEHICULAR FACTOR,99
32899838,2,VEHICULAR FACTOR,99
32903647,1,VEHICULAR FACTOR,99
32903647,2,VEHICULAR FACTOR,99
32903647,3,VEHICULAR FACTOR,99
32903647,4,VEHICULAR FACTOR,99
32906874,1,VEHICULAR FACTOR,99
32906874,2,VEHICULAR FACTOR,99
32909108,1,VEHICULAR FACTOR,99
32909108,2,VEHICULAR FACTOR,99
32915773,1,VEHICULAR FACTOR,99
32915773,2,VEHICULAR FACTOR,99
32921513,1,VEHICULAR FACTOR,99
32921513,2,VEHICULAR FACTOR,99
32921514,1,VEHICULAR FACTOR,99
32922019,1,VEHICULAR FACTOR,99
32922019,2,VEHICULAR FACTOR,99
32923488,1,VEHICULAR FACTOR,99
32923488,2,VEHICULAR FACTOR,99
32923488,3,VEHICULAR FACTOR,99
32923488,4,VEHICULAR FACTOR,99
32923488,5,VEHICULAR FACTOR,99
32933584,1,VEHICULAR FACTOR,99
32933584,2,VEHICULAR FACTOR,99
32933584,3,VEHICULAR FACTOR,97
32943651,1,VEHICULAR FACTOR,99
32943651,2,VEHICULAR FACTOR,99
32943735,1,VEHICULAR FACTOR,99
32943735,2,VEHICULAR FACTOR,99
32943995,1,VEHICULAR FACTOR,99
32943995,2,VEHICULAR FACTOR,99
32944295,1,VEHICULAR FACTOR,99
32944295,2,VEHICULAR FACTOR,99
32945957,1,VEHICULAR FACTOR,99
32945957,2,VEHICULAR FACTOR,99
32947384,1,VEHICULAR FACTOR,99
32947384,2,VEHICULAR FACTOR,99
32948416,1,VEHICULAR FACTOR,99
32948416,2,VEHICULAR FACTOR,99
32948609,1,VEHICULAR FACTOR,99
32957053,1,VEHICULAR FACTOR,99
32963932,1,VEHICULAR FACTOR,99
32963932,2,VEHICULAR FACTOR,99
32964686,1,VEHICULAR FACTOR,99
32964686,2,VEHICULAR FACTOR,99
32965206,1,VEHICULAR FACTOR,99
32965206,2,VEHICULAR FACTOR,99
32965206,3,VEHICULAR FACTOR,99
32965207,1,VEHICULAR FACTOR,99
32965207,2,VEHICULAR FACTOR,99
32970125,1,VEHICULAR FACTOR,99
32971254,1,VEHICULAR FACTOR,99
32971254,2,VEHICULAR FACTOR,99
32971390,1,VEHICULAR FACTOR,99
32972126,1,VEHICULAR FACTOR,99
32972126,2,VEHICULAR FACTOR,99
32972750,1,VEHICULAR FACTOR,99
32973003,1,VEHICULAR FACTOR,99
32973003,2,VEHICULAR FACTOR,99
32976305,1,VEHICULAR FACTOR,99
32976305,2,VEHICULAR FACTOR,99
32979391,1,VEHICULAR FACTOR,99
32979391,2,VEHICULAR FACTOR,99
32979457,1,VEHICULAR FACTOR,99
32979457,2,VEHICULAR FACTOR,99
32982687,1,VEHICULAR FACTOR,99
32982687,2,VEHICULAR FACTOR,99
32983242,1,VEHICULAR FACTOR,99
32983242,2,VEHICULAR FACTOR,99
32984950,1,VEHICULAR FACTOR,99
32985847,1,VEHICULAR FACTOR,1
32985847,2,VEHICULAR FACTOR,99
32985854,1,VEHICULAR FACTOR,99
32985854,2,VEHICULAR FACTOR,99
32985854,3,VEHICULAR FACTOR,99
32988649,1,VEHICULAR FACTOR,99
32988728,1,VEHICULAR FACTOR,99
32988728,2,VEHICULAR FACTOR,99
32993328,1,VEHICULAR FACTOR,99
32993328,2,VEHICULAR FACTOR,99
32997960,1,VEHICULAR FACTOR,99
32997960,2,VEHICULAR FACTOR,99
32997960,3,VEHICULAR FACTOR,99
32998037,2,VEHICULAR FACTOR,99
32998037,3,VEHICULAR FACTOR,99
32999195,1,VEHICULAR FACTOR,99
32999195,2,VEHICULAR FACTOR,99
33000396,2,VEHICULAR FACTOR,99
33001120,1,VEHICULAR FACTOR,99
33001120,2,VEHICULAR FACTOR,99
33004289,1,VEHICULAR FACTOR,99
33004289,2,VEHICULAR FACTOR,99
33004562,1,VEHICULAR FACTOR,99
33004562,2,VEHICULAR FACTOR,99
33004881,1,VEHICULAR FACTOR,1
33004881,2,VEHICULAR FACTOR,99
33005638,1,VEHICULAR FACTOR,99
33005726,1,VEHICULAR FACTOR,99
33005726,2,VEHICULAR FACTOR,99
33006961,1,VEHICULAR FACTOR,99
33006961,2,VEHICULAR FACTOR,99
33009378,1,VEHICULAR FACTOR,99
33009378,2,VEHICULAR FACTOR,99
33009739,1,VEHICULAR FACTOR,99
33009739,2,VEHICULAR FACTOR,99
33011469,1,VEHICULAR FACTOR,99
33011469,2,VEHICULAR FACTOR,99
33012740,1,VEHICULAR FACTOR,99
33012740,2,VEHICULAR FACTOR,99
33015002,1,VEHICULAR FACTOR,99
33015002,2,VEHICULAR FACTOR,99
33016788,1,VEHICULAR FACTOR,99
33016788,2,VEHICULAR FACTOR,99
33016788,3,VEHICULAR FACTOR,99
33016788,4,VEHICULAR FACTOR,99
33024535,1,VEHICULAR FACTOR,99
33024535,2,VEHICULAR FACTOR,99
33025893,1,VEHICULAR FACTOR,99
33026575,1,VEHICULAR FACTOR,99
33028817,1,VEHICULAR FACTOR,99
33028817,2,VEHICULAR FACTOR,99
33028993,1,VEHICULAR FACTOR,99
33032568,1,VEHICULAR FACTOR,99
33032568,2,VEHICULAR FACTOR,99
33034032,1,VEHICULAR FACTOR,99
33034032,2,VEHICULAR FACTOR,99
33034069,1,VEHICULAR FACTOR,99
33034069,2,VEHICULAR FACTOR,99
33034069,3,VEHICULAR FACTOR,99
33035547,1,VEHICULAR FACTOR,99
33035547,2,VEHICULAR FACTOR,99
33035871,1,VEHICULAR FACTOR,97
33035871,2,VEHICULAR FACTOR,99
33035872,1,VEHICULAR FACTOR,99
33035872,2,VEHICULAR FACTOR,99
33035872,3,VEHICULAR FACTOR,99
33035874,1,VEHICULAR FACTOR,99
33035874,2,VEHICULAR FACTOR,99
33038192,1,VEHICULAR FACTOR,99
33038192,2,VEHICULAR FACTOR,99
33039605,1,VEHICULAR FACTOR,99
33039605,2,VEHICULAR FACTOR,99
33040558,1,VEHICULAR FACTOR,99
33044209,1,VEHICULAR FACTOR,99
33044209,2,VEHICULAR FACTOR,99
33044210,1,VEHICULAR FACTOR,99
33044210,2,VEHICULAR FACTOR,99
33049227,1,VEHICULAR FACTOR,99
33049227,2,VEHICULAR FACTOR,99
33050770,1,VEHICULAR FACTOR,99
33050770,2,VEHICULAR FACTOR,99
33051731,1,VEHICULAR FACTOR,99
33051731,2,VEHICULAR FACTOR,99
33051932,1,VEHICULAR FACTOR,99
33053276,1,VEHICULAR FACTOR,99
33053502,1,VEHICULAR FACTOR,99
33053502,2,VEHICULAR FACTOR,99
33053757,1,VEHICULAR FACTOR,99
33056442,1,VEHICULAR FACTOR,99
33056442,2,VEHICULAR FACTOR,99
33056442,3,VEHICULAR FACTOR,99
33056442,4,VEHICULAR FACTOR,99
33057218,1,VEHICULAR FACTOR,99
33057218,2,VEHICULAR FACTOR,99
33059719,1,VEHICULAR FACTOR,99
33059719,2,VEHICULAR FACTOR,99
33061429,1,VEHICULAR FACTOR,99
33061429,2,VEHICULAR FACTOR,99
33062789,1,VEHICULAR FACTOR,99
33062789,2,VEHICULAR FACTOR,99
33062791,1,VEHICULAR FACTOR,7
33064809,1,VEHICULAR FACTOR,99
33064809,2,VEHICULAR FACTOR,99
33065755,1,VEHICULAR FACTOR,99
33065755,2,VEHICULAR FACTOR,99
33067333,1,VEHICULAR FACTOR,99
33070342,1,VEHICULAR FACTOR,99
33070342,2,VEHICULAR FACTOR,99
33071998,1,VEHICULAR FACTOR,99
33071998,2,VEHICULAR FACTOR,99
33077658,1,VEHICULAR FACTOR,99
33077658,2,VEHICULAR FACTOR,99
33077658,3,VEHICULAR FACTOR,99
33079150,1,VEHICULAR FACTOR,99
33079150,2,VEHICULAR FACTOR,99
33079150,3,VEHICULAR FACTOR,99
33079465,1,VEHICULAR FACTOR,99
33079465,2,VEHICULAR FACTOR,99
33081957,1,VEHICULAR FACTOR,99
33081957,2,VEHICULAR FACTOR,99
33082023,1,VEHICULAR FACTOR,99
33082958,1,VEHICULAR FACTOR,99
33082958,2,VEHICULAR FACTOR,99
33083941,2,VEHICULAR FACTOR,99
33087003,1,VEHICULAR FACTOR,99
33087003,2,VEHICULAR FACTOR,99
33087435,1,VEHICULAR FACTOR,99
33087435,2,VEHICULAR FACTOR,99
33088235,1,VEHICULAR FACTOR,99
33091299,1,VEHICULAR FACTOR,99
33091299,2,VEHICULAR FACTOR,99
33092743,1,VEHICULAR FACTOR,99
33092743,2,VEHICULAR FACTOR,99
33093968,1,VEHICULAR FACTOR,99
33093968,2,VEHICULAR FACTOR,99
33095200,1,VEHICULAR FACTOR,99
33095200,2,VEHICULAR FACTOR,99
33096673,1,VEHICULAR FACTOR,99
33096673,2,VEHICULAR FACTOR,99
33096887,1,VEHICULAR FACTOR,99
33097623,1,VEHICULAR FACTOR,99
33097623,2,VEHICULAR FACTOR,99
33101554,1,VEHICULAR FACTOR,99
33101554,2,VEHICULAR FACTOR,99
33101884,1,VEHICULAR FACTOR,99
33101884,2,VEHICULAR FACTOR,99
33102133,1,VEHICULAR FACTOR,99
33102133,2,VEHICULAR FACTOR,99
33102943,1,VEHICULAR FACTOR,99
33102943,2,VEHICULAR FACTOR,99
33104828,1,VEHICULAR FACTOR,99
33104830,1,VEHICULAR FACTOR,99
33104830,2,VEHICULAR FACTOR,99
33109520,1,VEHICULAR FACTOR,99
33109520,2,VEHICULAR FACTOR,99
33109540,1,VEHICULAR FACTOR,99
33109540,2,VEHICULAR FACTOR,99
33109540,3,VEHICULAR FACTOR,99
33116607,1,VEHICULAR FACTOR,99
33116607,2,VEHICULAR FACTOR,99
33117378,1,VEHICULAR FACTOR,99
33117378,2,VEHICULAR FACTOR,99
33117691,1,VEHICULAR FACTOR,99
33117691,2,VEHICULAR FACTOR,99
33119026,1,VEHICULAR FACTOR,99
33119026,2,VEHICULAR FACTOR,99
33119166,1,VEHICULAR FACTOR,99
33119166,2,VEHICULAR FACTOR,99
33119804,1,VEHICULAR FACTOR,99
33119804,2,VEHICULAR FACTOR,99
33119944,1,VEHICULAR FACTOR,99
33119944,2,VEHICULAR FACTOR,99
33122141,1,VEHICULAR FACTOR,99
33122141,2,VEHICULAR FACTOR,99
33122335,1,VEHICULAR FACTOR,99
33122335,2,VEHICULAR FACTOR,99
33122703,1,VEHICULAR FACTOR,99
33122703,2,VEHICULAR FACTOR,99
33122922,1,VEHICULAR FACTOR,99
33122922,2,VEHICULAR FACTOR,99
33123381,1,VEHICULAR FACTOR,99
33128371,1,VEHICULAR FACTOR,99
33128371,2,VEHICULAR FACTOR,99
33128371,3,VEHICULAR FACTOR,99
33128977,1,VEHICULAR FACTOR,99
33131156,1,VEHICULAR FACTOR,1
33131156,2,VEHICULAR FACTOR,99
33131156,3,VEHICULAR FACTOR,99
33132711,1,VEHICULAR FACTOR,99
33132711,2,VEHICULAR FACTOR,99
33139820,1,VEHICULAR FACTOR,99
33139820,2,VEHICULAR FACTOR,99
33141702,1,VEHICULAR FACTOR,99
33141702,2,VEHICULAR FACTOR,99
33148920,1,VEHICULAR FACTOR,99
33148920,2,VEHICULAR FACTOR,99
33149395,1,VEHICULAR FACTOR,99
33149395,2,VEHICULAR FACTOR,99
33149460,1,VEHICULAR FACTOR,5
33149460,2,VEHICULAR FACTOR,99
33151045,1,VEHICULAR FACTOR,99
33151045,2,VEHICULAR FACTOR,99
33152694,1,VEHICULAR FACTOR,99
33152694,2,VEHICULAR FACTOR,99
33154418,1,VEHICULAR FACTOR,99
33154418,2,VEHICULAR FACTOR,99
33154418,3,VEHICULAR FACTOR,99
33157915,1,VEHICULAR FACTOR,99
33158706,1,VEHICULAR FACTOR,99
33158706,2,VEHICULAR FACTOR,99
33164534,1,VEHICULAR FACTOR,99
33170487,1,VEHICULAR FACTOR,99
33170487,2,VEHICULAR FACTOR,99
33172205,1,VEHICULAR FACTOR,99
33172205,2,VEHICULAR FACTOR,99
33172261,1,VEHICULAR FACTOR,99
33172261,2,VEHICULAR FACTOR,99
33173079,1,VEHICULAR FACTOR,99
33173079,2,VEHICULAR FACTOR,99
33173331,1,VEHICULAR FACTOR,99
33173331,2,VEHICULAR FACTOR,99
33173603,1,VEHICULAR FACTOR,99
33173603,2,VEHICULAR FACTOR,99
33174506,1,VEHICULAR FACTOR,99
33174506,2,VEHICULAR FACTOR,99
33174506,3,VEHICULAR FACTOR,99
33175521,1,VEHICULAR FACTOR,99
33175521,2,VEHICULAR FACTOR,99
33176819,1,VEHICULAR FACTOR,99
33176819,2,VEHICULAR FACTOR,99
33177883,1,VEHICULAR FACTOR,99
33181983,1,VEHICULAR FACTOR,99
33181983,2,VEHICULAR FACTOR,99
33184376,1,VEHICULAR FACTOR,99
33184376,2,VEHICULAR FACTOR,99
33187324,1,VEHICULAR FACTOR,99
33187324,2,VEHICULAR FACTOR,99
33187400,1,VEHICULAR FACTOR,99
33187400,2,VEHICULAR FACTOR,99
33187404,1,VEHICULAR FACTOR,99
33187404,2,VEHICULAR FACTOR,99
33187951,1,VEHICULAR FACTOR,99
33187951,2,VEHICULAR FACTOR,99
33191749,1,VEHICULAR FACTOR,99
33191749,2,VEHICULAR FACTOR,99
33192321,1,VEHICULAR FACTOR,99
33192321,2,VEHICULAR FACTOR,99
33197510,1,VEHICULAR FACTOR,99
33197510,2,VEHICULAR FACTOR,99
33198099,1,VEHICULAR FACTOR,99
33198099,2,VEHICULAR FACTOR,99
33202704,1,VEHICULAR FACTOR,99
33203153,1,VEHICULAR FACTOR,99
33203153,2,VEHICULAR FACTOR,99
33207403,1,VEHICULAR FACTOR,99
33207403,2,VEHICULAR FACTOR,99
33208053,1,VEHICULAR FACTOR,99
33208053,2,VEHICULAR FACTOR,99
33208053,3,VEHICULAR FACTOR,99
33210717,1,VEHICULAR FACTOR,99
33210717,2,VEHICULAR FACTOR,99
33211051,1,VEHICULAR FACTOR,99
33211051,2,VEHICULAR FACTOR,99
33211218,1,VEHICULAR FACTOR,99
33211218,2,VEHICULAR FACTOR,99
33212012,1,VEHICULAR FACTOR,99
33212012,2,VEHICULAR FACTOR,99
33212681,1,VEHICULAR FACTOR,99
33214732,1,VEHICULAR FACTOR,99
33216188,1,VEHICULAR FACTOR,99
33216188,2,VEHICULAR FACTOR,99
33216198,1,VEHICULAR FACTOR,99
33216198,2,VEHICULAR FACTOR,99
33219668,1,VEHICULAR FACTOR,99
33219668,2,VEHICULAR FACTOR,99
33220901,1,VEHICULAR FACTOR,99
33220901,2,VEHICULAR FACTOR,99
33221168,1,VEHICULAR FACTOR,99
33221168,2,VEHICULAR FACTOR,99
33221697,1,VEHICULAR FACTOR,99
33221697,2,VEHICULAR FACTOR,99
33222914,1,VEHICULAR FACTOR,99
33222914,2,VEHICULAR FACTOR,99
33224249,1,VEHICULAR FACTOR,99
33224249,2,VEHICULAR FACTOR,99
33225595,1,VEHICULAR FACTOR,99
33225595,2,VEHICULAR FACTOR,99
33226547,1,VEHICULAR FACTOR,99
33226547,2,VEHICULAR FACTOR,99
33231013,1,VEHICULAR FACTOR,99
33231013,2,VEHICULAR FACTOR,99
33231013,3,VEHICULAR FACTOR,99
33231943,1,VEHICULAR FACTOR,99
33231943,2,VEHICULAR FACTOR,99
33232187,1,VEHICULAR FACTOR,99
33232187,2,VEHICULAR FACTOR,99
33232378,1,VEHICULAR FACTOR,99
33232378,2,VEHICULAR FACTOR,99
33232484,1,VEHICULAR FACTOR,99
33232484,2,VEHICULAR FACTOR,99
33236305,2,VEHICULAR FACTOR,99
33236325,1,VEHICULAR FACTOR,99
33236325,2,VEHICULAR FACTOR,99
33241492,1,VEHICULAR FACTOR,99
33241492,2,VEHICULAR FACTOR,99
33242443,1,VEHICULAR FACTOR,99
33242443,2,VEHICULAR FACTOR,99
33242471,1,VEHICULAR FACTOR,99
33242471,2,VEHICULAR FACTOR,99
33248467,1,VEHICULAR FACTOR,99
33248467,2,VEHICULAR FACTOR,99
33248467,3,VEHICULAR FACTOR,99
33248467,4,VEHICULAR FACTOR,99
33248487,1,VEHICULAR FACTOR,99
33248487,2,VEHICULAR FACTOR,99
33248490,1,VEHICULAR FACTOR,99
33248490,2,VEHICULAR FACTOR,99
33248868,1,VEHICULAR FACTOR,99
33251432,1,VEHICULAR FACTOR,99
33251432,2,VEHICULAR FACTOR,99
33251442,1,VEHICULAR FACTOR,99
33251442,2,VEHICULAR FACTOR,99
33251442,3,VEHICULAR FACTOR,99
33252437,1,VEHICULAR FACTOR,99
33252437,2,VEHICULAR FACTOR,99
33253684,1,VEHICULAR FACTOR,99
33253684,2,VEHICULAR FACTOR,99
33255011,1,VEHICULAR FACTOR,99
33255469,1,VEHICULAR FACTOR,99
33255469,2,VEHICULAR FACTOR,99
33261651,1,VEHICULAR FACTOR,99
33261651,2,VEHICULAR FACTOR,99
33261660,1,VEHICULAR FACTOR,99
33261660,2,VEHICULAR FACTOR,99
33261660,3,VEHICULAR FACTOR,99
33261660,4,VEHICULAR FACTOR,99
33261660,5,VEHICULAR FACTOR,99
33261660,6,VEHICULAR FACTOR,99
33264897,1,VEHICULAR FACTOR,99
33264897,2,VEHICULAR FACTOR,99
33268027,1,VEHICULAR FACTOR,99
33268027,2,VEHICULAR FACTOR,99
33273284,1,VEHICULAR FACTOR,99
33273284,2,VEHICULAR FACTOR,99
33274612,1,VEHICULAR FACTOR,99
33274612,2,VEHICULAR FACTOR,99
33274678,1,VEHICULAR FACTOR,99
33274678,2,VEHICULAR FACTOR,99
33276561,1,VEHICULAR FACTOR,99
33276561,2,VEHICULAR FACTOR,99
33277414,1,VEHICULAR FACTOR,99
33277414,2,VEHICULAR FACTOR,99
33277416,1,VEHICULAR FACTOR,99
33277416,2,VEHICULAR FACTOR,99
33277448,1,VEHICULAR FACTOR,99
33277448,2,VEHICULAR FACTOR,99
33287817,1,VEHICULAR FACTOR,99
33287817,2,VEHICULAR FACTOR,99
33288398,1,VEHICULAR FACTOR,99
33288398,2,VEHICULAR FACTOR,99
33288398,3,VEHICULAR FACTOR,99
33292045,1,VEHICULAR FACTOR,99
33292045,2,VEHICULAR FACTOR,99
33292054,1,VEHICULAR FACTOR,99
33292054,2,VEHICULAR FACTOR,99
33292054,3,VEHICULAR FACTOR,99
33292872,1,VEHICULAR FACTOR,99
33292872,2,VEHICULAR FACTOR,99
33296594,1,VEHICULAR FACTOR,99
33296594,2,VEHICULAR FACTOR,99
33296594,3,VEHICULAR FACTOR,99
33296882,1,VEHICULAR FACTOR,99
33300248,1,VEHICULAR FACTOR,99
33301937,1,VEHICULAR FACTOR,99
33302132,1,VEHICULAR FACTOR,99
33302132,2,VEHICULAR FACTOR,99
33307522,2,VEHICULAR FACTOR,99
33307880,1,VEHICULAR FACTOR,99
33307880,2,VEHICULAR FACTOR,99
33311745,1,VEHICULAR FACTOR,99
33311745,2,VEHICULAR FACTOR,99
33312486,1,VEHICULAR FACTOR,99
33312486,2,VEHICULAR FACTOR,99
33312764,1,VEHICULAR FACTOR,99
33313061,1,VEHICULAR FACTOR,99
33313061,2,VEHICULAR FACTOR,99
33313999,1,VEHICULAR FACTOR,99
33313999,2,VEHICULAR FACTOR,99
33313999,3,VEHICULAR FACTOR,99
33314130,1,VEHICULAR FACTOR,99
33314130,2,VEHICULAR FACTOR,99
33314909,1,VEHICULAR FACTOR,99
33314909,2,VEHICULAR FACTOR,99
33314909,3,VEHICULAR FACTOR,99
33316463,1,VEHICULAR FACTOR,99
33316463,2,VEHICULAR FACTOR,99
33317632,1,VEHICULAR FACTOR,99
33317632,2,VEHICULAR FACTOR,99
33317652,1,VEHICULAR FACTOR,99
33317652,2,VEHICULAR FACTOR,99
33318128,1,VEHICULAR FACTOR,99
33318128,2,VEHICULAR FACTOR,99
33323212,1,VEHICULAR FACTOR,99
33323212,2,VEHICULAR FACTOR,99
33324264,1,VEHICULAR FACTOR,99
33324264,2,VEHICULAR FACTOR,99
33324815,1,VEHICULAR FACTOR,99
33329074,1,VEHICULAR FACTOR,99
33331215,1,VEHICULAR FACTOR,99
33331215,2,VEHICULAR FACTOR,99
33331215,3,VEHICULAR FACTOR,99
33331215,4,VEHICULAR FACTOR,99
33333953,1,VEHICULAR FACTOR,99
33333953,2,VEHICULAR FACTOR,99
33334063,1,VEHICULAR FACTOR,99
33335164,1,VEHICULAR FACTOR,99
33335164,2,VEHICULAR FACTOR,99
33336342,1,VEHICULAR FACTOR,99
33336342,2,VEHICULAR FACTOR,99
33336579,1,VEHICULAR FACTOR,99
33336579,2,VEHICULAR FACTOR,99
33337496,1,VEHICULAR FACTOR,99
33337496,2,VEHICULAR FACTOR,99
33338095,1,VEHICULAR FACTOR,5
33338095,2,VEHICULAR FACTOR,99
33338372,2,VEHICULAR FACTOR,99
33339150,1,VEHICULAR FACTOR,99
33339150,2,VEHICULAR FACTOR,99
33340244,1,VEHICULAR FACTOR,99
33340771,1,VEHICULAR FACTOR,99
33341355,1,VEHICULAR FACTOR,8
33341355,2,VEHICULAR FACTOR,99
33341355,3,VEHICULAR FACTOR,99
33342985,1,VEHICULAR FACTOR,99
33342985,2,VEHICULAR FACTOR,99
33342985,3,VEHICULAR FACTOR,99
33342985,4,VEHICULAR FACTOR,99
33343004,1,VEHICULAR FACTOR,99
33343004,2,VEHICULAR FACTOR,99
33343005,1,VEHICULAR FACTOR,99
33343005,2,VEHICULAR FACTOR,99
33343006,1,VEHICULAR FACTOR,99
33343006,2,VEHICULAR FACTOR,99
33343057,1,VEHICULAR FACTOR,99
33343057,2,VEHICULAR FACTOR,99
33344240,1,VEHICULAR FACTOR,99
33344240,2,VEHICULAR FACTOR,99
33346726,1,VEHICULAR FACTOR,99
33346749,1,VEHICULAR FACTOR,99
33346749,2,VEHICULAR FACTOR,99
33346793,1,VEHICULAR FACTOR,99
33346793,2,VEHICULAR FACTOR,99
33347562,2,VEHICULAR FACTOR,99
33348537,2,VEHICULAR FACTOR,99
33348856,1,VEHICULAR FACTOR,99
33348856,2,VEHICULAR FACTOR,5
33351856,1,VEHICULAR FACTOR,99
33352955,1,VEHICULAR FACTOR,99
33352955,2,VEHICULAR FACTOR,99
33362002,1,VEHICULAR FACTOR,99
33362002,2,VEHICULAR FACTOR,99
33362644,1,VEHICULAR FACTOR,99
33362644,2,VEHICULAR FACTOR,99
33362668,1,VEHICULAR FACTOR,99
33362668,2,VEHICULAR FACTOR,99
33362668,3,VEHICULAR FACTOR,99
33362676,1,VEHICULAR FACTOR,99
33362676,2,VEHICULAR FACTOR,99
33362684,1,VEHICULAR FACTOR,99
33362684,2,VEHICULAR FACTOR,99
33362949,1,VEHICULAR FACTOR,99
33362949,2,VEHICULAR FACTOR,99
33363592,1,VEHICULAR FACTOR,99
33363592,2,VEHICULAR FACTOR,99
33363593,1,VEHICULAR FACTOR,99
33363593,2,VEHICULAR FACTOR,99
33366802,1,VEHICULAR FACTOR,99
33366828,1,VEHICULAR FACTOR,99
33366828,2,VEHICULAR FACTOR,99
33368190,1,VEHICULAR FACTOR,99
33368190,2,VEHICULAR FACTOR,99
33368668,1,VEHICULAR FACTOR,99
33370493,2,VEHICULAR FACTOR,99
33370493,1,VEHICULAR FACTOR,99
33371183,2,VEHICULAR FACTOR,99
33371824,1,VEHICULAR FACTOR,99
33371824,2,VEHICULAR FACTOR,99
33371882,1,VEHICULAR FACTOR,99
33372156,1,VEHICULAR FACTOR,99
33372156,2,VEHICULAR FACTOR,99
33372158,1,VEHICULAR FACTOR,99
33372158,2,VEHICULAR FACTOR,99
33373237,1,VEHICULAR FACTOR,99
33373237,2,VEHICULAR FACTOR,99
33373542,1,VEHICULAR FACTOR,99
33373542,2,VEHICULAR FACTOR,99
33377869,1,VEHICULAR FACTOR,99
33377869,2,VEHICULAR FACTOR,99
33377869,3,VEHICULAR FACTOR,99
33377951,1,VEHICULAR FACTOR,99
33377951,2,VEHICULAR FACTOR,99
33378002,1,VEHICULAR FACTOR,99
33378002,2,VEHICULAR FACTOR,99
33378158,1,VEHICULAR FACTOR,99
33378546,1,VEHICULAR FACTOR,99
33378546,2,VEHICULAR FACTOR,99
33378705,1,VEHICULAR FACTOR,99
33378705,2,VEHICULAR FACTOR,99
33378705,3,VEHICULAR FACTOR,99
33379088,2,VEHICULAR FACTOR,99
33379088,1,VEHICULAR FACTOR,99
33380030,1,VEHICULAR FACTOR,99
33380030,2,VEHICULAR FACTOR,99
33381982,1,VEHICULAR FACTOR,99
33381982,2,VEHICULAR FACTOR,99
33382625,1,VEHICULAR FACTOR,99
33382625,2,VEHICULAR FACTOR,99
33383699,1,VEHICULAR FACTOR,99
33383699,2,VEHICULAR FACTOR,99
33384635,1,VEHICULAR FACTOR,99
33384635,2,VEHICULAR FACTOR,99
33387354,1,VEHICULAR FACTOR,99
33387354,2,VEHICULAR FACTOR,99
33389875,1,VEHICULAR FACTOR,99
33392712,1,VEHICULAR FACTOR,99
33392712,2,VEHICULAR FACTOR,99
33392712,3,VEHICULAR FACTOR,99
33392712,4,VEHICULAR FACTOR,99
33392731,1,VEHICULAR FACTOR,99
33392731,2,VEHICULAR FACTOR,99
33392743,1,VEHICULAR FACTOR,99
33392743,2,VEHICULAR FACTOR,99
33392809,1,VEHICULAR FACTOR,99
33392809,2,VEHICULAR FACTOR,99
33393198,1,VEHICULAR FACTOR,99
33393260,1,VEHICULAR FACTOR,99
33393260,2,VEHICULAR FACTOR,99
33394247,1,VEHICULAR FACTOR,99
33394247,2,VEHICULAR FACTOR,99
33394938,2,VEHICULAR FACTOR,99
33395779,1,VEHICULAR FACTOR,99
33395779,2,VEHICULAR FACTOR,99
33397037,1,VEHICULAR FACTOR,99
33397037,2,VEHICULAR FACTOR,99
33397037,3,VEHICULAR FACTOR,99
33397045,1,VEHICULAR FACTOR,99
33397552,1,VEHICULAR FACTOR,99
33397552,2,VEHICULAR FACTOR,99
33398363,1,VEHICULAR FACTOR,99
33398363,2,VEHICULAR FACTOR,99
33398679,1,VEHICULAR FACTOR,99
33398679,2,VEHICULAR FACTOR,99
33399873,1,VEHICULAR FACTOR,99
33400799,1,VEHICULAR FACTOR,99
33400799,2,VEHICULAR FACTOR,99
33400800,1,VEHICULAR FACTOR,99
33400800,2,VEHICULAR FACTOR,99
33400800,3,VEHICULAR FACTOR,99
33401801,1,VEHICULAR FACTOR,99
33401801,2,VEHICULAR FACTOR,99
33402642,1,VEHICULAR FACTOR,99
33402642,2,VEHICULAR FACTOR,99
33403796,1,VEHICULAR FACTOR,99
33403800,1,VEHICULAR FACTOR,99
33404536,1,VEHICULAR FACTOR,99
33404536,2,VEHICULAR FACTOR,99
33404536,3,VEHICULAR FACTOR,99
33407063,1,VEHICULAR FACTOR,99
33407063,2,VEHICULAR FACTOR,99
33407792,1,VEHICULAR FACTOR,99
33407792,2,VEHICULAR FACTOR,99
33408066,1,VEHICULAR FACTOR,99
33408066,2,VEHICULAR FACTOR,99
33408363,1,VEHICULAR FACTOR,99
33408363,2,VEHICULAR FACTOR,99
33408489,1,VEHICULAR FACTOR,99
33408489,2,VEHICULAR FACTOR,99
33408672,1,VEHICULAR FACTOR,99
33408674,1,VEHICULAR FACTOR,99
33408674,2,VEHICULAR FACTOR,99
33409642,1,VEHICULAR FACTOR,99
33409642,2,VEHICULAR FACTOR,99
33410645,1,VEHICULAR FACTOR,99
33410645,2,VEHICULAR FACTOR,99
33410645,3,VEHICULAR FACTOR,99
33411262,1,VEHICULAR FACTOR,99
33411262,2,VEHICULAR FACTOR,99
33411262,4,VEHICULAR FACTOR,99
33411262,5,VEHICULAR FACTOR,99
33411262,6,VEHICULAR FACTOR,99
33411262,7,VEHICULAR FACTOR,99
33412231,1,VEHICULAR FACTOR,99
33412231,2,VEHICULAR FACTOR,99
33412232,1,VEHICULAR FACTOR,99
33412232,2,VEHICULAR FACTOR,99
33412262,2,VEHICULAR FACTOR,99
33412296,1,VEHICULAR FACTOR,99
33412772,1,VEHICULAR FACTOR,99
33412772,2,VEHICULAR FACTOR,99
33414188,1,VEHICULAR FACTOR,99
33414188,2,VEHICULAR FACTOR,99
33414234,1,VEHICULAR FACTOR,99
33414234,2,VEHICULAR FACTOR,99
33416164,1,VEHICULAR FACTOR,99
33416164,2,VEHICULAR FACTOR,99
33416164,3,VEHICULAR FACTOR,99
33416164,4,VEHICULAR FACTOR,99
33416574,1,VEHICULAR FACTOR,99
33416574,2,VEHICULAR FACTOR,99
33419922,1,VEHICULAR FACTOR,99
33419922,2,VEHICULAR FACTOR,99
33420201,1,VEHICULAR FACTOR,99
33420201,2,VEHICULAR FACTOR,99
33421270,1,VEHICULAR FACTOR,99
33421270,2,VEHICULAR FACTOR,97
33421367,1,VEHICULAR FACTOR,99
33421367,2,VEHICULAR FACTOR,99
33421772,1,VEHICULAR FACTOR,99
33424176,1,VEHICULAR FACTOR,99
33424176,2,VEHICULAR FACTOR,99
33424176,3,VEHICULAR FACTOR,99
33424842,1,VEHICULAR FACTOR,99
33424842,2,VEHICULAR FACTOR,97
33424842,3,VEHICULAR FACTOR,99
33425027,1,VEHICULAR FACTOR,99
33425027,2,VEHICULAR FACTOR,99
33425916,1,VEHICULAR FACTOR,99
33425916,2,VEHICULAR FACTOR,99
33425916,3,VEHICULAR FACTOR,99
33425916,4,VEHICULAR FACTOR,99
33426246,1,VEHICULAR FACTOR,99
33426246,2,VEHICULAR FACTOR,99
33427757,1,VEHICULAR FACTOR,99
33429757,1,VEHICULAR FACTOR,99
33429757,2,VEHICULAR FACTOR,99
33429942,1,VEHICULAR FACTOR,99
33429942,2,VEHICULAR FACTOR,99
33430979,1,VEHICULAR FACTOR,99
33430979,2,VEHICULAR FACTOR,99
33431393,1,VEHICULAR FACTOR,99
33431393,2,VEHICULAR FACTOR,99
33431421,1,VEHICULAR FACTOR,99
33431421,2,VEHICULAR FACTOR,5
33431439,1,VEHICULAR FACTOR,99
33431439,2,VEHICULAR FACTOR,99
33433119,1,VEHICULAR FACTOR,99
33433119,2,VEHICULAR FACTOR,99
33433119,3,VEHICULAR FACTOR,99
32733997,1,DRIVER DISTRACTED BY,5
32878865,1,DRIVER DISTRACTED BY,4
32909108,1,DRIVER DISTRACTED BY,2
32943651,1,DRIVER DISTRACTED BY,1
32982687,1,DRIVER DISTRACTED BY,5
32993328,2,DRIVER DISTRACTED BY,4
32997960,1,DRIVER DISTRACTED BY,5
33077658,1,DRIVER DISTRACTED BY,5
33173331,1,DRIVER DISTRACTED BY,1
33222914,1,DRIVER DISTRACTED BY,4
33311745,1,DRIVER DISTRACTED BY,4
33393198,1,DRIVER DISTRACTED BY,4
33399873,1,DRIVER DISTRACTED BY,4
33424842,1,DRIVER DISTRACTED BY,1
26146419,1,ENVIRON FACTOR,2
26146419,1,DRIVER DISTRACTED BY,3
26146419,2,ENVIRON FACTOR,2
26168678,1,ENVIRON FACTOR,2
26168678,2,ENVIRON FACTOR,2
26177950,1,ENVIRON FACTOR,2
26191024,1,ENVIRON FACTOR,2
26191024,2,ENVIRON FACTOR,2
26193888,1,ENVIRON FACTOR,2
26208265,1,ENVIRON FACTOR,2
26208265,2,ENVIRON FACTOR,99
26208265,3,ENVIRON FACTOR,99
26217422,1,ENVIRON FACTOR,2
26217422,2,ENVIRON FACTOR,9
26220770,1,ENVIRON FACTOR,2
26220770,2,ENVIRON FACTOR,2
26255746,1,ENVIRON FACTOR,17
26255746,1,ENVIRON FACTOR,2
26255746,2,ENVIRON FACTOR,17
26255746,2,ENVIRON FACTOR,2
26283500,1,ENVIRON FACTOR,9
26283500,1,ENVIRON FACTOR,16
26283500,2,ENVIRON FACTOR,2
26283500,2,ENVIRON FACTOR,9
26294457,1,ENVIRON FACTOR,2
26294457,1,ENVIRON FACTOR,97
26294457,2,ENVIRON FACTOR,99
26295343,1,ENVIRON FACTOR,2
26296674,1,ENVIRON FACTOR,17
26296674,1,ENVIRON FACTOR,2
26296674,2,ENVIRON FACTOR,17
26296674,2,ENVIRON FACTOR,2
26296674,3,ENVIRON FACTOR,17
26296674,3,ENVIRON FACTOR,2
26296674,4,ENVIRON FACTOR,17
26296674,4,ENVIRON FACTOR,2
26307240,1,ENVIRON FACTOR,2
26307240,2,ENVIRON FACTOR,2
26312732,1,ENVIRON FACTOR,2
26312732,1,ENVIRON FACTOR,97
26315521,1,ENVIRON FACTOR,2
26315521,2,ENVIRON FACTOR,2
26318843,1,ENVIRON FACTOR,2
26318843,2,ENVIRON FACTOR,2
26329806,1,ENVIRON FACTOR,2
26329806,1,ENVIRON FACTOR,12
26329806,2,ENVIRON FACTOR,2
26329806,2,ENVIRON FACTOR,12
26330284,1,ENVIRON FACTOR,2
26330284,1,ENVIRON FACTOR,13
26330284,2,ENVIRON FACTOR,2
26330284,2,ENVIRON FACTOR,13
26350201,1,ENVIRON FACTOR,2
26350201,2,ENVIRON FACTOR,2
26350201,2,ENVIRON FACTOR,97
26351581,1,ENVIRON FACTOR,2
26351581,2,ENVIRON FACTOR,2
26390179,1,ENVIRON FACTOR,17
26390179,1,ENVIRON FACTOR,2
26390179,2,ENVIRON FACTOR,17
26394050,1,ENVIRON FACTOR,2
26394050,2,ENVIRON FACTOR,2
26394063,1,ENVIRON FACTOR,2
26394063,2,ENVIRON FACTOR,2
26395952,1,ENVIRON FACTOR,2
26403706,2,ENVIRON FACTOR,2
26403706,1,ENVIRON FACTOR,2
26418456,1,ENVIRON FACTOR,2
26418456,2,ENVIRON FACTOR,2
26431041,1,ENVIRON FACTOR,2
26431041,2,ENVIRON FACTOR,2
26466356,1,ENVIRON FACTOR,2
26466356,1,ENVIRON FACTOR,11
26466356,2,ENVIRON FACTOR,2
26479183,1,ENVIRON FACTOR,2
26479183,1,DRIVER DISTRACTED BY,3
26479183,2,ENVIRON FACTOR,99
26492756,1,ENVIRON FACTOR,2
26498652,1,ENVIRON FACTOR,2
26498652,2,ENVIRON FACTOR,2
26499895,1,ENVIRON FACTOR,2
26499895,2,ENVIRON FACTOR,2
26499896,1,ENVIRON FACTOR,2
26499896,2,ENVIRON FACTOR,2
26509456,1,ENVIRON FACTOR,2
26530345,1,ENVIRON FACTOR,2
26530345,2,ENVIRON FACTOR,2
26530345,3,ENVIRON FACTOR,2
26538904,1,ENVIRON FACTOR,2
26538904,2,ENVIRON FACTOR,99
26539731,1,ENVIRON FACTOR,2
26539731,2,ENVIRON FACTOR,2
26543517,2,ENVIRON FACTOR,2
26543517,3,ENVIRON FACTOR,2
26544905,1,ENVIRON FACTOR,2
26554412,1,ENVIRON FACTOR,2
26554412,2,ENVIRON FACTOR,2
26554805,1,ENVIRON FACTOR,2
26561370,1,ENVIRON FACTOR,2
26563511,1,ENVIRON FACTOR,2
26563511,2,ENVIRON FACTOR,2
26568503,1,ENVIRON FACTOR,2
26568503,2,ENVIRON FACTOR,99
26570804,1,ENVIRON FACTOR,2
26570804,2,ENVIRON FACTOR,2
26587556,1,ENVIRON FACTOR,2
26587556,2,ENVIRON FACTOR,2
26588079,1,ENVIRON FACTOR,2
26588079,2,ENVIRON FACTOR,2
26599472,1,ENVIRON FACTOR,2
26599472,2,ENVIRON FACTOR,2
26599472,3,ENVIRON FACTOR,2
26600649,1,ENVIRON FACTOR,2
26602257,1,ENVIRON FACTOR,2
26602257,2,ENVIRON FACTOR,99
26608463,1,ENVIRON FACTOR,2
26608463,2,ENVIRON FACTOR,99
26617074,1,ENVIRON FACTOR,2
26146419,1,HUMAN FACTOR,4
26146419,1,VEHICULAR FACTOR,99
26146419,2,HUMAN FACTOR,99
26146419,2,VEHICULAR FACTOR,99
26168678,1,HUMAN FACTOR,11
26168678,1,VEHICULAR FACTOR,99
26168678,2,HUMAN FACTOR,99
26168678,2,VEHICULAR FACTOR,99
26177950,1,HUMAN FACTOR,99
26177950,1,VEHICULAR FACTOR,99
26191024,1,HUMAN FACTOR,14
26191024,1,VEHICULAR FACTOR,99
26191024,2,HUMAN FACTOR,99
26191024,2,VEHICULAR FACTOR,99
26193888,1,HUMAN FACTOR,99
26193888,1,VEHICULAR FACTOR,99
26208265,1,HUMAN FACTOR,11
26208265,1,HUMAN FACTOR,18
26208265,1,VEHICULAR FACTOR,99
26208265,2,HUMAN FACTOR,11
26208265,2,VEHICULAR FACTOR,99
26208265,3,HUMAN FACTOR,99
26208265,3,VEHICULAR FACTOR,99
26217422,1,HUMAN FACTOR,99
26217422,1,VEHICULAR FACTOR,99
26217422,2,HUMAN FACTOR,99
26217422,2,VEHICULAR FACTOR,99
26220770,1,HUMAN FACTOR,11
26220770,1,VEHICULAR FACTOR,99
26220770,2,HUMAN FACTOR,99
26220770,2,VEHICULAR FACTOR,99
26255746,1,HUMAN FACTOR,11
26255746,1,HUMAN FACTOR,14
26255746,1,VEHICULAR FACTOR,99
26255746,2,HUMAN FACTOR,99
26255746,2,VEHICULAR FACTOR,99
26283500,1,HUMAN FACTOR,99
26283500,1,VEHICULAR FACTOR,99
26283500,2,HUMAN FACTOR,99
26283500,2,VEHICULAR FACTOR,99
26294457,1,HUMAN FACTOR,26
26294457,1,HUMAN FACTOR,8
26294457,1,HUMAN FACTOR,14
26294457,1,VEHICULAR FACTOR,99
26294457,2,HUMAN FACTOR,99
26295343,1,HUMAN FACTOR,14
26295343,1,HUMAN FACTOR,18
26295343,1,VEHICULAR FACTOR,99
26296674,1,HUMAN FACTOR,11
26296674,1,HUMAN FACTOR,14
26296674,1,VEHICULAR FACTOR,99
26296674,2,HUMAN FACTOR,99
26296674,2,VEHICULAR FACTOR,99
26296674,3,HUMAN FACTOR,99
26296674,3,VEHICULAR FACTOR,99
26296674,4,HUMAN FACTOR,99
26296674,4,VEHICULAR FACTOR,99
26307240,2,HUMAN FACTOR,99
26307240,2,VEHICULAR FACTOR,99
26312732,1,HUMAN FACTOR,18
26312732,1,VEHICULAR FACTOR,97
26315521,2,HUMAN FACTOR,99
26315521,2,VEHICULAR FACTOR,99
26318843,1,HUMAN FACTOR,11
26318843,1,VEHICULAR FACTOR,99
26318843,2,HUMAN FACTOR,99
26318843,2,VEHICULAR FACTOR,99
26329806,1,HUMAN FACTOR,11
26329806,1,HUMAN FACTOR,17
26329806,1,VEHICULAR FACTOR,99
26329806,2,HUMAN FACTOR,99
26329806,2,VEHICULAR FACTOR,99
26330284,1,HUMAN FACTOR,11
26330284,1,VEHICULAR FACTOR,99
26330284,2,HUMAN FACTOR,99
26330284,2,VEHICULAR FACTOR,99
26350201,1,HUMAN FACTOR,17
26350201,1,VEHICULAR FACTOR,99
26350201,2,HUMAN FACTOR,99
26350201,2,VEHICULAR FACTOR,99
26351581,1,HUMAN FACTOR,11
26351581,1,VEHICULAR FACTOR,99
26351581,2,HUMAN FACTOR,99
26351581,2,VEHICULAR FACTOR,99
26390179,1,HUMAN FACTOR,11
26390179,1,VEHICULAR FACTOR,99
26390179,2,HUMAN FACTOR,99
26390179,2,VEHICULAR FACTOR,99
26394050,1,HUMAN FACTOR,11
26394050,1,VEHICULAR FACTOR,99
26394050,2,HUMAN FACTOR,99
26394050,2,VEHICULAR FACTOR,99
26394063,1,HUMAN FACTOR,11
26394063,1,VEHICULAR FACTOR,99
26394063,2,HUMAN FACTOR,99
26394063,2,VEHICULAR FACTOR,99
26395952,1,HUMAN FACTOR,1
26395952,1,HUMAN FACTOR,2
26395952,1,VEHICULAR FACTOR,99
26403706,2,HUMAN FACTOR,17
26403706,2,VEHICULAR FACTOR,99
26403706,1,HUMAN FACTOR,99
26403706,1,VEHICULAR FACTOR,99
26418456,1,HUMAN FACTOR,18
26418456,1,VEHICULAR FACTOR,99
26418456,2,HUMAN FACTOR,99
26418456,2,VEHICULAR FACTOR,99
26431041,1,HUMAN FACTOR,26
26431041,1,HUMAN FACTOR,14
26431041,1,HUMAN FACTOR,18
26431041,1,VEHICULAR FACTOR,99
26431041,2,HUMAN FACTOR,99
26431041,2,VEHICULAR FACTOR,99
26466356,1,HUMAN FACTOR,14
26466356,1,VEHICULAR FACTOR,99
26466356,2,HUMAN FACTOR,99
26466356,2,VEHICULAR FACTOR,99
26479183,1,HUMAN FACTOR,4
26479183,1,VEHICULAR FACTOR,99
26479183,2,HUMAN FACTOR,99
26479183,2,VEHICULAR FACTOR,99
26492756,1,HUMAN FACTOR,99
26492756,1,VEHICULAR FACTOR,99
26498652,1,HUMAN FACTOR,14
26498652,1,VEHICULAR FACTOR,99
26498652,2,HUMAN FACTOR,99
26498652,2,VEHICULAR FACTOR,99
26499895,1,HUMAN FACTOR,11
26499895,1,VEHICULAR FACTOR,99
26499895,2,HUMAN FACTOR,99
26499895,2,VEHICULAR FACTOR,99
26499896,1,HUMAN FACTOR,11
26499896,1,HUMAN FACTOR,14
26499896,1,VEHICULAR FACTOR,99
26499896,2,HUMAN FACTOR,99
26499896,2,VEHICULAR FACTOR,99
26509456,1,HUMAN FACTOR,97
26509456,1,VEHICULAR FACTOR,8
26530345,1,HUMAN FACTOR,11
26530345,1,HUMAN FACTOR,14
26530345,1,VEHICULAR FACTOR,99
26530345,2,HUMAN FACTOR,11
26530345,2,VEHICULAR FACTOR,99
26530345,3,HUMAN FACTOR,99
26530345,3,VEHICULAR FACTOR,99
26538904,1,HUMAN FACTOR,6
26538904,1,HUMAN FACTOR,14
26538904,1,HUMAN FACTOR,25
26538904,1,VEHICULAR FACTOR,99
26538904,2,HUMAN FACTOR,99
26538904,2,VEHICULAR FACTOR,99
26539731,1,HUMAN FACTOR,11
26539731,1,HUMAN FACTOR,14
26539731,1,HUMAN FACTOR,18
26539731,1,VEHICULAR FACTOR,99
26539731,2,HUMAN FACTOR,99
26539731,2,VEHICULAR FACTOR,99
26543517,1,VEHICULAR FACTOR,99
26543517,2,HUMAN FACTOR,99
26543517,2,VEHICULAR FACTOR,99
26543517,3,HUMAN FACTOR,99
26543517,3,VEHICULAR FACTOR,99
26544905,1,HUMAN FACTOR,17
26544905,1,VEHICULAR FACTOR,99
26554412,1,HUMAN FACTOR,3
26554412,1,HUMAN FACTOR,11
26554412,1,VEHICULAR FACTOR,99
26554412,2,HUMAN FACTOR,99
26554412,2,VEHICULAR FACTOR,99
26554805,1,HUMAN FACTOR,26
26554805,1,VEHICULAR FACTOR,99
26561370,1,HUMAN FACTOR,19
26561370,1,VEHICULAR FACTOR,99
26563511,1,HUMAN FACTOR,14
26563511,1,VEHICULAR FACTOR,99
26563511,2,HUMAN FACTOR,99
26563511,2,VEHICULAR FACTOR,99
26568503,1,HUMAN FACTOR,13
26568503,1,VEHICULAR FACTOR,99
26568503,2,HUMAN FACTOR,99
26568503,2,VEHICULAR FACTOR,99
26570804,1,VEHICULAR FACTOR,99
26570804,2,HUMAN FACTOR,99
26570804,2,VEHICULAR FACTOR,99
26587556,1,HUMAN FACTOR,24
26587556,1,VEHICULAR FACTOR,99
26587556,2,HUMAN FACTOR,99
26587556,2,VEHICULAR FACTOR,99
26588079,1,HUMAN FACTOR,99
26588079,1,VEHICULAR FACTOR,99
26588079,2,HUMAN FACTOR,8
26588079,2,HUMAN FACTOR,14
26588079,2,HUMAN FACTOR,17
26588079,2,VEHICULAR FACTOR,99
26599472,1,HUMAN FACTOR,11
26599472,1,VEHICULAR FACTOR,99
26599472,2,HUMAN FACTOR,99
26599472,2,VEHICULAR FACTOR,99
26599472,3,HUMAN FACTOR,99
26599472,3,VEHICULAR FACTOR,99
26600649,1,HUMAN FACTOR,1
26600649,1,VEHICULAR FACTOR,99
26602257,1,HUMAN FACTOR,14
26602257,1,VEHICULAR FACTOR,99
26602257,2,HUMAN FACTOR,99
26602257,2,VEHICULAR FACTOR,99
26608463,1,HUMAN FACTOR,26
26608463,1,HUMAN FACTOR,8
26608463,1,VEHICULAR FACTOR,99
26608463,2,HUMAN FACTOR,99
26608463,2,VEHICULAR FACTOR,99
26617074,1,HUMAN FACTOR,9
26617074,1,HUMAN FACTOR,14
26617074,1,VEHICULAR FACTOR,99
26617074,2,HUMAN FACTOR,8
26617074,2,VEHICULAR FACTOR,99
26637315,2,HUMAN FACTOR,99
26637315,2,VEHICULAR FACTOR,99
26637597,1,HUMAN FACTOR,8
26637597,1,HUMAN FACTOR,97
26637597,1,VEHICULAR FACTOR,99
26637597,2,HUMAN FACTOR,99
26637597,2,VEHICULAR FACTOR,99
26660728,1,HUMAN FACTOR,11
26660728,1,HUMAN FACTOR,14
26660728,1,VEHICULAR FACTOR,99
26660728,2,HUMAN FACTOR,99
26660728,2,VEHICULAR FACTOR,99
26662634,1,HUMAN FACTOR,18
26662634,1,VEHICULAR FACTOR,99
26674771,1,HUMAN FACTOR,14
26674771,1,VEHICULAR FACTOR,99
26674771,2,HUMAN FACTOR,99
26674771,2,VEHICULAR FACTOR,99
26675441,1,HUMAN FACTOR,14
26675441,1,VEHICULAR FACTOR,99
26675441,2,HUMAN FACTOR,99
26675441,2,VEHICULAR FACTOR,99
26680886,1,HUMAN FACTOR,4
26680886,1,VEHICULAR FACTOR,99
26680886,2,HUMAN FACTOR,99
26680886,2,VEHICULAR FACTOR,99
26681401,1,HUMAN FACTOR,99
26681401,1,VEHICULAR FACTOR,99
26681401,2,HUMAN FACTOR,99
26681401,2,VEHICULAR FACTOR,99
26682458,1,HUMAN FACTOR,11
26682458,2,HUMAN FACTOR,99
26682458,2,VEHICULAR FACTOR,99
26684112,1,HUMAN FACTOR,99
26684112,1,VEHICULAR FACTOR,99
26691860,1,HUMAN FACTOR,99
26691860,1,VEHICULAR FACTOR,99
26696844,1,HUMAN FACTOR,11
26696844,1,HUMAN FACTOR,14
26696844,1,VEHICULAR FACTOR,99
26696844,2,HUMAN FACTOR,99
26696844,2,VEHICULAR FACTOR,99
26700561,1,HUMAN FACTOR,4
26700561,1,VEHICULAR FACTOR,99
26700561,2,HUMAN FACTOR,99
26700561,2,VEHICULAR FACTOR,99
26702755,1,HUMAN FACTOR,11
26702755,1,HUMAN FACTOR,22
26702755,1,VEHICULAR FACTOR,99
26702755,2,HUMAN FACTOR,99
26702755,2,VEHICULAR FACTOR,99
26703907,1,HUMAN FACTOR,99
26703907,1,VEHICULAR FACTOR,99
26716585,1,HUMAN FACTOR,1
26716585,1,HUMAN FACTOR,97
26716585,1,VEHICULAR FACTOR,99
26716585,2,HUMAN FACTOR,99
26716585,2,VEHICULAR FACTOR,99
26716585,3,HUMAN FACTOR,99
26716585,3,VEHICULAR FACTOR,99
26716585,4,HUMAN FACTOR,99
26716585,4,VEHICULAR FACTOR,99
26716585,5,HUMAN FACTOR,99
26716585,5,VEHICULAR FACTOR,99
26718545,1,HUMAN FACTOR,4
26718545,1,HUMAN FACTOR,26
26718545,1,HUMAN FACTOR,14
26718545,1,VEHICULAR FACTOR,99
26718784,1,HUMAN FACTOR,99
26718784,1,VEHICULAR FACTOR,99
26718784,2,HUMAN FACTOR,99
26718784,2,VEHICULAR FACTOR,99
26734867,1,HUMAN FACTOR,1
26734867,1,HUMAN FACTOR,11
26734867,1,VEHICULAR FACTOR,99
26734867,2,HUMAN FACTOR,99
26734867,2,VEHICULAR FACTOR,99
26736574,1,HUMAN FACTOR,11
26736574,1,HUMAN FACTOR,14
26736574,1,VEHICULAR FACTOR,99
26736574,2,HUMAN FACTOR,99
26736574,2,VEHICULAR FACTOR,99
26738264,1,HUMAN FACTOR,14
26738264,1,VEHICULAR FACTOR,99
26738264,2,HUMAN FACTOR,99
26738264,2,VEHICULAR FACTOR,99
26738264,3,HUMAN FACTOR,99
26738264,3,VEHICULAR FACTOR,99
26742160,1,HUMAN FACTOR,14
26742160,1,VEHICULAR FACTOR,99
26742160,2,HUMAN FACTOR,99
26742160,2,VEHICULAR FACTOR,99
26742160,3,HUMAN FACTOR,99
26742160,3,VEHICULAR FACTOR,99
26742160,4,HUMAN FACTOR,99
26742160,4,VEHICULAR FACTOR,99
26745250,1,HUMAN FACTOR,18
26745250,1,VEHICULAR FACTOR,99
26745250,2,HUMAN FACTOR,99
26745250,2,VEHICULAR FACTOR,99
26745250,3,HUMAN FACTOR,99
26745250,3,VEHICULAR FACTOR,99
26757656,1,HUMAN FACTOR,99
26757656,1,VEHICULAR FACTOR,99
26761289,1,HUMAN FACTOR,18
26761289,1,VEHICULAR FACTOR,99
26761289,2,HUMAN FACTOR,99
26761289,2,VEHICULAR FACTOR,99
26761289,3,HUMAN FACTOR,99
26761289,3,VEHICULAR FACTOR,99
26762009,1,HUMAN FACTOR,8
26762009,1,VEHICULAR FACTOR,99
26762009,2,HUMAN FACTOR,99
26762009,2,VEHICULAR FACTOR,99
26762376,1,HUMAN FACTOR,14
26762376,1,VEHICULAR FACTOR,99
26762376,2,HUMAN FACTOR,99
26762376,2,VEHICULAR FACTOR,99
26763170,1,HUMAN FACTOR,26
26763170,1,VEHICULAR FACTOR,99
26763410,1,HUMAN FACTOR,99
26763410,1,VEHICULAR FACTOR,99
26763410,2,HUMAN FACTOR,99
26763410,2,VEHICULAR FACTOR,99
26766857,1,HUMAN FACTOR,17
26766857,1,VEHICULAR FACTOR,99
26766857,2,HUMAN FACTOR,99
26766857,2,VEHICULAR FACTOR,99
26766964,1,HUMAN FACTOR,14
26766964,1,VEHICULAR FACTOR,99
26766964,2,HUMAN FACTOR,99
26766964,2,VEHICULAR FACTOR,99
26774903,1,HUMAN FACTOR,11
26774903,1,HUMAN FACTOR,14
26774903,1,VEHICULAR FACTOR,99
26774903,2,HUMAN FACTOR,99
26774903,2,VEHICULAR FACTOR,99
26779481,1,HUMAN FACTOR,14
26779481,1,VEHICULAR FACTOR,99
26779481,2,HUMAN FACTOR,99
26779481,2,VEHICULAR FACTOR,99
26789160,1,HUMAN FACTOR,97
26789160,1,VEHICULAR FACTOR,99
26789160,2,HUMAN FACTOR,99
26789160,2,VEHICULAR FACTOR,99
26789160,3,HUMAN FACTOR,99
26789160,3,VEHICULAR FACTOR,99
26793130,1,HUMAN FACTOR,14
26793130,1,VEHICULAR FACTOR,99
26793130,2,HUMAN FACTOR,14
26793130,2,VEHICULAR FACTOR,99
26800794,1,HUMAN FACTOR,14
26800794,1,VEHICULAR FACTOR,99
26802020,1,HUMAN FACTOR,97
26802020,1,VEHICULAR FACTOR,99
26802020,2,HUMAN FACTOR,97
26802020,2,VEHICULAR FACTOR,99
26806909,1,HUMAN FACTOR,14
26806909,1,VEHICULAR FACTOR,99
26806909,2,HUMAN FACTOR,97
26806909,2,VEHICULAR FACTOR,99
26806913,1,HUMAN FACTOR,14
26806913,1,VEHICULAR FACTOR,99
26806913,2,HUMAN FACTOR,99
26806913,2,VEHICULAR FACTOR,99
26806915,1,HUMAN FACTOR,14
26806915,1,VEHICULAR FACTOR,99
26806915,2,HUMAN FACTOR,99
26806915,2,VEHICULAR FACTOR,99
26808439,1,HUMAN FACTOR,14
26808439,1,VEHICULAR FACTOR,99
26808439,2,HUMAN FACTOR,99
26808439,2,VEHICULAR FACTOR,99
26809186,1,HUMAN FACTOR,19
26809186,1,VEHICULAR FACTOR,99
26825719,1,HUMAN FACTOR,14
26825719,1,VEHICULAR FACTOR,99
26825719,2,HUMAN FACTOR,99
26825719,2,VEHICULAR FACTOR,99
26828713,1,HUMAN FACTOR,8
26828713,1,HUMAN FACTOR,14
26828713,1,VEHICULAR FACTOR,99
26828713,2,HUMAN FACTOR,99
26828713,2,VEHICULAR FACTOR,99
26828787,1,HUMAN FACTOR,99
26828787,1,VEHICULAR FACTOR,99
26833056,1,HUMAN FACTOR,99
26833056,1,VEHICULAR FACTOR,99
26833056,2,HUMAN FACTOR,19
26833056,2,VEHICULAR FACTOR,99
26838119,1,HUMAN FACTOR,14
26838119,1,VEHICULAR FACTOR,99
26838119,2,HUMAN FACTOR,99
26838119,2,VEHICULAR FACTOR,99
26838615,1,HUMAN FACTOR,99
26838615,1,VEHICULAR FACTOR,99
26838615,2,HUMAN FACTOR,99
26838615,2,VEHICULAR FACTOR,99
26841388,1,HUMAN FACTOR,14
26841388,1,VEHICULAR FACTOR,99
26841388,2,HUMAN FACTOR,99
26841388,2,VEHICULAR FACTOR,99
26850760,1,HUMAN FACTOR,11
26850760,1,HUMAN FACTOR,14
26850760,1,VEHICULAR FACTOR,1
26850760,2,HUMAN FACTOR,99
26850760,2,VEHICULAR FACTOR,99
26853382,1,HUMAN FACTOR,8
26853382,1,HUMAN FACTOR,14
26853382,1,VEHICULAR FACTOR,99
26853382,2,HUMAN FACTOR,99
26853382,2,VEHICULAR FACTOR,99
26854716,1,HUMAN FACTOR,17
26854716,1,VEHICULAR FACTOR,99
26854716,2,HUMAN FACTOR,99
26854716,2,VEHICULAR FACTOR,99
26858305,1,HUMAN FACTOR,11
26858305,1,HUMAN FACTOR,18
26858305,1,VEHICULAR FACTOR,99
26858305,2,HUMAN FACTOR,99
26858305,2,VEHICULAR FACTOR,99
26859356,1,HUMAN FACTOR,14
26859356,1,VEHICULAR FACTOR,99
26859356,2,HUMAN FACTOR,99
26859356,2,VEHICULAR FACTOR,99
26859360,1,HUMAN FACTOR,14
26859360,1,VEHICULAR FACTOR,99
26859360,2,HUMAN FACTOR,99
26859360,2,VEHICULAR FACTOR,99
26859360,3,HUMAN FACTOR,99
26859360,3,VEHICULAR FACTOR,99
26869709,1,HUMAN FACTOR,14
26869709,1,VEHICULAR FACTOR,99
26869709,2,HUMAN FACTOR,99
26869709,2,VEHICULAR FACTOR,99
26871890,1,HUMAN FACTOR,11
26871890,1,HUMAN FACTOR,14
26871890,1,VEHICULAR FACTOR,99
26871890,2,HUMAN FACTOR,99
26871890,2,VEHICULAR FACTOR,99
26874772,1,HUMAN FACTOR,8
26874772,1,VEHICULAR FACTOR,99
26874772,2,HUMAN FACTOR,99
26874772,2,VEHICULAR FACTOR,99
26875335,1,HUMAN FACTOR,14
26875335,1,VEHICULAR FACTOR,99
26875335,2,HUMAN FACTOR,99
26875335,2,VEHICULAR FACTOR,99
26880660,1,HUMAN FACTOR,18
26880660,1,VEHICULAR FACTOR,99
26880660,2,HUMAN FACTOR,99
26880660,2,VEHICULAR FACTOR,99
26886172,1,HUMAN FACTOR,14
26886172,1,VEHICULAR FACTOR,99
26886172,2,HUMAN FACTOR,99
26886172,2,VEHICULAR FACTOR,99
26886794,2,HUMAN FACTOR,99
26886794,2,VEHICULAR FACTOR,99
26888987,1,HUMAN FACTOR,18
26888987,1,VEHICULAR FACTOR,99
26617074,2,ENVIRON FACTOR,2
26637315,2,ENVIRON FACTOR,2
26637597,1,ENVIRON FACTOR,2
26637597,2,ENVIRON FACTOR,2
26660728,1,ENVIRON FACTOR,2
26660728,2,ENVIRON FACTOR,2
26662634,1,ENVIRON FACTOR,2
26674771,1,ENVIRON FACTOR,2
26674771,1,ENVIRON FACTOR,11
26674771,2,ENVIRON FACTOR,2
26674771,2,ENVIRON FACTOR,11
26675441,1,ENVIRON FACTOR,2
26675441,2,ENVIRON FACTOR,2
26680886,1,ENVIRON FACTOR,2
26680886,1,DRIVER DISTRACTED BY,3
26680886,2,ENVIRON FACTOR,99
26681401,1,ENVIRON FACTOR,2
26681401,2,ENVIRON FACTOR,2
26682458,2,ENVIRON FACTOR,2
26684112,1,ENVIRON FACTOR,2
26691860,1,ENVIRON FACTOR,2
26691860,1,ENVIRON FACTOR,11
26696844,1,ENVIRON FACTOR,17
26696844,1,ENVIRON FACTOR,2
26696844,2,ENVIRON FACTOR,99
26700561,1,ENVIRON FACTOR,2
26700561,1,DRIVER DISTRACTED BY,4
26700561,2,ENVIRON FACTOR,9
26702755,1,ENVIRON FACTOR,2
26702755,2,ENVIRON FACTOR,2
26703907,1,ENVIRON FACTOR,2
26716585,1,ENVIRON FACTOR,2
26716585,1,ENVIRON FACTOR,97
26716585,2,ENVIRON FACTOR,2
26716585,2,ENVIRON FACTOR,97
26716585,3,ENVIRON FACTOR,2
26716585,3,ENVIRON FACTOR,97
26716585,4,ENVIRON FACTOR,2
26716585,4,ENVIRON FACTOR,97
26716585,5,ENVIRON FACTOR,2
26716585,5,ENVIRON FACTOR,97
26718545,1,ENVIRON FACTOR,2
26718545,1,DRIVER DISTRACTED BY,4
26718784,1,ENVIRON FACTOR,2
26718784,1,ENVIRON FACTOR,13
26718784,2,ENVIRON FACTOR,99
26734867,1,ENVIRON FACTOR,2
26734867,2,ENVIRON FACTOR,2
26736574,1,ENVIRON FACTOR,2
26736574,2,ENVIRON FACTOR,2
26738264,1,ENVIRON FACTOR,2
26738264,2,ENVIRON FACTOR,2
26738264,3,ENVIRON FACTOR,2
26742160,1,ENVIRON FACTOR,2
26742160,2,ENVIRON FACTOR,99
26742160,3,ENVIRON FACTOR,99
26742160,4,ENVIRON FACTOR,99
26745250,1,ENVIRON FACTOR,2
26745250,2,ENVIRON FACTOR,2
26745250,3,ENVIRON FACTOR,2
26757656,1,ENVIRON FACTOR,2
26761289,1,ENVIRON FACTOR,2
26761289,2,ENVIRON FACTOR,2
26761289,3,ENVIRON FACTOR,2
26762009,1,ENVIRON FACTOR,2
26762009,2,ENVIRON FACTOR,2
26762376,1,ENVIRON FACTOR,2
26762376,2,ENVIRON FACTOR,2
26763170,1,ENVIRON FACTOR,2
26763410,1,ENVIRON FACTOR,2
26763410,2,ENVIRON FACTOR,2
26766857,1,ENVIRON FACTOR,2
26766857,2,ENVIRON FACTOR,2
26766964,1,ENVIRON FACTOR,2
26766964,2,ENVIRON FACTOR,99
26774903,1,ENVIRON FACTOR,2
26774903,2,ENVIRON FACTOR,2
26779481,1,ENVIRON FACTOR,2
26779481,2,ENVIRON FACTOR,2
26789160,1,ENVIRON FACTOR,2
26789160,2,ENVIRON FACTOR,2
26789160,3,ENVIRON FACTOR,2
26793130,1,ENVIRON FACTOR,2
26793130,2,ENVIRON FACTOR,2
26800794,1,ENVIRON FACTOR,2
26802020,1,ENVIRON FACTOR,2
26802020,2,ENVIRON FACTOR,2
26806909,1,ENVIRON FACTOR,17
26806909,2,ENVIRON FACTOR,17
26806909,2,ENVIRON FACTOR,2
26806913,1,ENVIRON FACTOR,2
26806913,2,ENVIRON FACTOR,2
26806915,1,ENVIRON FACTOR,2
26806915,2,ENVIRON FACTOR,2
26808439,1,ENVIRON FACTOR,2
26808439,2,ENVIRON FACTOR,16
26809186,1,ENVIRON FACTOR,2
26825719,1,ENVIRON FACTOR,2
26825719,2,ENVIRON FACTOR,97
26828713,1,ENVIRON FACTOR,2
26828713,1,ENVIRON FACTOR,11
26828713,2,ENVIRON FACTOR,2
26828713,2,ENVIRON FACTOR,11
26828787,1,ENVIRON FACTOR,2
26828787,1,ENVIRON FACTOR,4
26833056,1,ENVIRON FACTOR,99
26833056,2,ENVIRON FACTOR,2
26838119,1,ENVIRON FACTOR,2
26838119,2,ENVIRON FACTOR,2
26838615,1,ENVIRON FACTOR,2
26838615,2,ENVIRON FACTOR,17
26838615,2,ENVIRON FACTOR,2
26841388,1,ENVIRON FACTOR,2
26841388,2,ENVIRON FACTOR,2
26850760,1,ENVIRON FACTOR,9
26850760,2,ENVIRON FACTOR,2
26853382,1,ENVIRON FACTOR,2
26853382,2,ENVIRON FACTOR,99
26854716,1,ENVIRON FACTOR,2
26854716,1,ENVIRON FACTOR,9
26854716,2,ENVIRON FACTOR,2
26858305,1,ENVIRON FACTOR,17
26858305,1,ENVIRON FACTOR,2
26858305,2,ENVIRON FACTOR,17
26858305,2,ENVIRON FACTOR,2
26859356,1,ENVIRON FACTOR,2
26859356,2,ENVIRON FACTOR,2
26859360,1,ENVIRON FACTOR,2
26859360,2,ENVIRON FACTOR,2
26859360,3,ENVIRON FACTOR,99
26869709,1,ENVIRON FACTOR,2
26869709,2,ENVIRON FACTOR,2
26871890,1,ENVIRON FACTOR,2
26871890,1,ENVIRON FACTOR,11
26871890,2,ENVIRON FACTOR,2
26874772,1,ENVIRON FACTOR,2
26874772,2,ENVIRON FACTOR,2
26875335,1,ENVIRON FACTOR,2
26875335,2,ENVIRON FACTOR,2
26880660,1,ENVIRON FACTOR,2
26880660,2,ENVIRON FACTOR,2
26886172,1,ENVIRON FACTOR,2
26886172,2,ENVIRON FACTOR,2
26886794,1,ENVIRON FACTOR,2
26886794,2,ENVIRON FACTOR,2
26888987,1,ENVIRON FACTOR,2
26888987,2,ENVIRON FACTOR,2
26902204,1,ENVIRON FACTOR,2
26902204,2,ENVIRON FACTOR,99
26904127,1,ENVIRON FACTOR,2
26904127,2,ENVIRON FACTOR,2
26904236,1,ENVIRON FACTOR,2
26904236,2,ENVIRON FACTOR,99
26909999,1,ENVIRON FACTOR,2
26909999,1,DRIVER DISTRACTED BY,3
26909999,2,ENVIRON FACTOR,2
26910001,1,ENVIRON FACTOR,2
26910001,2,ENVIRON FACTOR,2
26913326,1,ENVIRON FACTOR,2
26913326,2,ENVIRON FACTOR,99
26916224,1,ENVIRON FACTOR,2
26916224,2,ENVIRON FACTOR,99
26916224,3,ENVIRON FACTOR,99
26916820,1,ENVIRON FACTOR,2
26916820,2,ENVIRON FACTOR,2
26918607,1,ENVIRON FACTOR,2
26918607,2,ENVIRON FACTOR,99
26919725,1,ENVIRON FACTOR,2
26919725,1,ENVIRON FACTOR,8
26919725,1,DRIVER DISTRACTED BY,3
26919725,2,ENVIRON FACTOR,99
26921560,1,ENVIRON FACTOR,2
26921560,2,ENVIRON FACTOR,99
26924046,1,ENVIRON FACTOR,2
26924046,1,ENVIRON FACTOR,14
26925132,1,ENVIRON FACTOR,2
26925132,2,ENVIRON FACTOR,2
26925242,1,ENVIRON FACTOR,2
26925242,2,ENVIRON FACTOR,2
26931112,1,ENVIRON FACTOR,17
26931112,1,ENVIRON FACTOR,2
26931112,2,ENVIRON FACTOR,17
26931112,2,ENVIRON FACTOR,2
26931419,1,ENVIRON FACTOR,2
26931419,2,ENVIRON FACTOR,9
26932902,1,ENVIRON FACTOR,2
26932902,2,ENVIRON FACTOR,2
26933778,1,ENVIRON FACTOR,2
26936839,1,ENVIRON FACTOR,2
26936839,1,ENVIRON FACTOR,6
26937595,1,ENVIRON FACTOR,2
26937595,2,ENVIRON FACTOR,2
26937595,3,ENVIRON FACTOR,2
26937597,1,ENVIRON FACTOR,2
26940227,1,ENVIRON FACTOR,2
26940227,2,ENVIRON FACTOR,2
26942131,1,ENVIRON FACTOR,2
26942131,2,ENVIRON FACTOR,2
26942133,1,ENVIRON FACTOR,2
26942133,2,ENVIRON FACTOR,99
26942139,1,ENVIRON FACTOR,2
26942139,1,DRIVER DISTRACTED BY,1
26942139,2,ENVIRON FACTOR,2
26942144,1,ENVIRON FACTOR,2
26942144,2,ENVIRON FACTOR,99
26942144,3,ENVIRON FACTOR,99
26946804,1,ENVIRON FACTOR,2
26946804,2,ENVIRON FACTOR,2
26950934,1,ENVIRON FACTOR,2
26950934,2,ENVIRON FACTOR,2
26954856,1,ENVIRON FACTOR,2
26954856,2,ENVIRON FACTOR,2
26956469,1,ENVIRON FACTOR,2
26958959,1,ENVIRON FACTOR,2
26958959,2,ENVIRON FACTOR,2
26959753,1,ENVIRON FACTOR,2
26965683,1,ENVIRON FACTOR,2
26965683,2,ENVIRON FACTOR,99
26968391,1,ENVIRON FACTOR,2
26968391,2,ENVIRON FACTOR,2
26984710,1,ENVIRON FACTOR,2
26984710,2,ENVIRON FACTOR,99
26989042,1,ENVIRON FACTOR,2
26989042,2,ENVIRON FACTOR,2
26989167,1,ENVIRON FACTOR,2
26989167,1,ENVIRON FACTOR,16
26990114,1,ENVIRON FACTOR,17
26990114,1,ENVIRON FACTOR,2
26990114,2,ENVIRON FACTOR,17
26990114,2,ENVIRON FACTOR,2
26994214,1,ENVIRON FACTOR,2
26994214,2,ENVIRON FACTOR,2
26994214,3,ENVIRON FACTOR,2
26994214,4,ENVIRON FACTOR,2
26995226,1,ENVIRON FACTOR,2
26995226,2,ENVIRON FACTOR,99
27008443,1,ENVIRON FACTOR,2
27008443,1,ENVIRON FACTOR,12
27008629,1,ENVIRON FACTOR,2
27008629,1,ENVIRON FACTOR,11
27008629,2,ENVIRON FACTOR,2
27008631,1,ENVIRON FACTOR,2
27008631,1,DRIVER DISTRACTED BY,1
27008631,2,ENVIRON FACTOR,2
27008634,1,ENVIRON FACTOR,17
27008634,1,ENVIRON FACTOR,2
27008634,2,ENVIRON FACTOR,17
27008634,2,ENVIRON FACTOR,2
27009091,1,ENVIRON FACTOR,2
27009091,1,ENVIRON FACTOR,16
27009091,2,ENVIRON FACTOR,2
27013002,1,ENVIRON FACTOR,2
27013002,2,ENVIRON FACTOR,2
27015076,1,ENVIRON FACTOR,2
27019491,1,ENVIRON FACTOR,2
27019491,1,ENVIRON FACTOR,3
27023220,1,ENVIRON FACTOR,2
27023220,2,ENVIRON FACTOR,2
27023220,2,ENVIRON FACTOR,9
27023220,3,ENVIRON FACTOR,2
27027044,1,ENVIRON FACTOR,2
27027044,2,ENVIRON FACTOR,2
27032838,1,ENVIRON FACTOR,2
27032838,2,ENVIRON FACTOR,2
27032838,3,ENVIRON FACTOR,2
27032838,4,ENVIRON FACTOR,2
27037021,1,ENVIRON FACTOR,2
27037021,2,ENVIRON FACTOR,2
27037022,1,ENVIRON FACTOR,17
27037022,1,ENVIRON FACTOR,2
27037022,2,ENVIRON FACTOR,17
27039893,1,ENVIRON FACTOR,2
27039893,2,ENVIRON FACTOR,2
27042816,1,ENVIRON FACTOR,17
27042816,1,ENVIRON FACTOR,2
27042816,2,ENVIRON FACTOR,17
27042816,2,ENVIRON FACTOR,2
27045056,1,ENVIRON FACTOR,2
27045056,2,ENVIRON FACTOR,2
27048598,1,ENVIRON FACTOR,2
27048598,2,ENVIRON FACTOR,2
27048598,3,ENVIRON FACTOR,2
27051153,1,ENVIRON FACTOR,2
27051153,2,ENVIRON FACTOR,9
27054376,1,ENVIRON FACTOR,2
27054376,2,ENVIRON FACTOR,2
27055682,1,ENVIRON FACTOR,2
27055682,2,ENVIRON FACTOR,99
27056969,1,ENVIRON FACTOR,2
27056969,1,ENVIRON FACTOR,8
27056969,2,ENVIRON FACTOR,2
27056969,2,ENVIRON FACTOR,8
27056969,3,ENVIRON FACTOR,2
27056969,3,ENVIRON FACTOR,8
27056969,4,ENVIRON FACTOR,2
27056969,4,ENVIRON FACTOR,8
27057575,1,ENVIRON FACTOR,2
27057575,2,ENVIRON FACTOR,2
27060127,1,ENVIRON FACTOR,2
27060127,2,ENVIRON FACTOR,2
27060127,3,ENVIRON FACTOR,2
27060190,1,ENVIRON FACTOR,2
27060190,2,ENVIRON FACTOR,2
27062140,1,ENVIRON FACTOR,2
27062140,1,ENVIRON FACTOR,11
27062140,2,ENVIRON FACTOR,99
27063977,1,ENVIRON FACTOR,2
27063977,2,ENVIRON FACTOR,99
27064606,1,ENVIRON FACTOR,2
27064606,2,ENVIRON FACTOR,2
27064609,1,ENVIRON FACTOR,2
27064609,1,ENVIRON FACTOR,13
27064609,2,ENVIRON FACTOR,2
27064609,2,ENVIRON FACTOR,13
27065382,1,ENVIRON FACTOR,2
27065844,1,ENVIRON FACTOR,2
27065844,2,ENVIRON FACTOR,99
27067209,1,ENVIRON FACTOR,17
27067209,1,ENVIRON FACTOR,2
27067209,2,ENVIRON FACTOR,17
27067209,2,ENVIRON FACTOR,2
27067344,1,ENVIRON FACTOR,2
27067344,1,DRIVER DISTRACTED BY,4
27067344,2,ENVIRON FACTOR,2
27069497,1,ENVIRON FACTOR,2
27069497,2,ENVIRON FACTOR,99
27069701,1,ENVIRON FACTOR,2
27069701,2,ENVIRON FACTOR,2
27072704,1,ENVIRON FACTOR,2
27072704,2,ENVIRON FACTOR,2
27072704,3,ENVIRON FACTOR,2
27074427,1,ENVIRON FACTOR,2
27074427,1,ENVIRON FACTOR,9
27074427,2,ENVIRON FACTOR,99
27074429,1,ENVIRON FACTOR,2
27074429,1,ENVIRON FACTOR,11
27075444,1,ENVIRON FACTOR,2
27075444,2,ENVIRON FACTOR,2
27078103,1,ENVIRON FACTOR,2
27078103,2,ENVIRON FACTOR,99
27081145,1,ENVIRON FACTOR,2
27081145,2,ENVIRON FACTOR,99
27083556,1,ENVIRON FACTOR,2
27083556,2,ENVIRON FACTOR,99
27085661,1,ENVIRON FACTOR,2
27085661,1,ENVIRON FACTOR,8
27085661,2,ENVIRON FACTOR,2
27085661,2,ENVIRON FACTOR,8
27086208,1,ENVIRON FACTOR,2
27086208,2,ENVIRON FACTOR,2
27086210,1,ENVIRON FACTOR,2
27086210,2,ENVIRON FACTOR,2
27091461,1,ENVIRON FACTOR,2
27091461,2,ENVIRON FACTOR,99
26888987,2,HUMAN FACTOR,99
26888987,2,VEHICULAR FACTOR,99
26902204,1,HUMAN FACTOR,14
26902204,1,VEHICULAR FACTOR,99
26902204,2,HUMAN FACTOR,99
26902204,2,VEHICULAR FACTOR,99
26904127,1,HUMAN FACTOR,8
26904127,1,HUMAN FACTOR,17
26904127,1,VEHICULAR FACTOR,99
26904127,2,HUMAN FACTOR,99
26904127,2,VEHICULAR FACTOR,99
26904236,1,HUMAN FACTOR,11
26904236,1,VEHICULAR FACTOR,99
26904236,2,HUMAN FACTOR,11
26904236,2,VEHICULAR FACTOR,99
26909999,1,HUMAN FACTOR,4
26909999,1,HUMAN FACTOR,14
26909999,1,VEHICULAR FACTOR,99
26909999,2,HUMAN FACTOR,99
26909999,2,VEHICULAR FACTOR,99
26910001,1,HUMAN FACTOR,14
26910001,1,HUMAN FACTOR,18
26910001,1,VEHICULAR FACTOR,99
26910001,2,HUMAN FACTOR,99
26910001,2,VEHICULAR FACTOR,99
26913326,1,HUMAN FACTOR,3
26913326,1,HUMAN FACTOR,14
26913326,1,VEHICULAR FACTOR,99
26913326,2,HUMAN FACTOR,99
26913326,2,VEHICULAR FACTOR,99
26916224,1,HUMAN FACTOR,11
26916224,1,HUMAN FACTOR,14
26916224,1,VEHICULAR FACTOR,99
26916224,2,HUMAN FACTOR,99
26916224,2,VEHICULAR FACTOR,99
26916224,3,HUMAN FACTOR,99
26916224,3,VEHICULAR FACTOR,99
26916820,1,HUMAN FACTOR,14
26916820,1,VEHICULAR FACTOR,99
26916820,2,HUMAN FACTOR,99
26916820,2,VEHICULAR FACTOR,99
26918607,1,HUMAN FACTOR,7
26918607,1,HUMAN FACTOR,26
26918607,1,HUMAN FACTOR,18
26918607,1,VEHICULAR FACTOR,99
26918607,2,HUMAN FACTOR,99
26918607,2,VEHICULAR FACTOR,99
26919725,1,HUMAN FACTOR,4
26919725,1,VEHICULAR FACTOR,99
26919725,2,HUMAN FACTOR,99
26919725,2,VEHICULAR FACTOR,99
26921560,2,HUMAN FACTOR,99
26921560,2,VEHICULAR FACTOR,99
26924046,1,HUMAN FACTOR,14
26924046,1,VEHICULAR FACTOR,99
26925132,1,HUMAN FACTOR,8
26925132,1,HUMAN FACTOR,23
26925132,1,VEHICULAR FACTOR,99
26925132,2,HUMAN FACTOR,99
26925132,2,VEHICULAR FACTOR,99
26925242,1,HUMAN FACTOR,8
26925242,1,HUMAN FACTOR,23
26925242,1,VEHICULAR FACTOR,99
26925242,2,HUMAN FACTOR,99
26925242,2,VEHICULAR FACTOR,99
26931112,1,HUMAN FACTOR,99
26931112,1,VEHICULAR FACTOR,97
26931112,2,HUMAN FACTOR,99
26931112,2,VEHICULAR FACTOR,99
26931419,1,HUMAN FACTOR,97
26931419,1,VEHICULAR FACTOR,99
26931419,2,HUMAN FACTOR,99
26931419,2,VEHICULAR FACTOR,99
26932902,1,HUMAN FACTOR,17
26932902,1,VEHICULAR FACTOR,99
26932902,2,HUMAN FACTOR,99
26932902,2,VEHICULAR FACTOR,99
26933778,1,HUMAN FACTOR,14
26933778,1,HUMAN FACTOR,17
26933778,1,HUMAN FACTOR,97
26933778,1,VEHICULAR FACTOR,99
26936839,1,HUMAN FACTOR,99
26936839,1,VEHICULAR FACTOR,99
26937595,1,HUMAN FACTOR,18
26937595,1,VEHICULAR FACTOR,99
26937595,2,HUMAN FACTOR,99
26937595,2,VEHICULAR FACTOR,99
26937595,3,HUMAN FACTOR,99
26937595,3,VEHICULAR FACTOR,99
26937597,1,HUMAN FACTOR,17
26937597,1,VEHICULAR FACTOR,99
26940227,1,HUMAN FACTOR,17
26940227,1,VEHICULAR FACTOR,99
26940227,2,HUMAN FACTOR,99
26940227,2,VEHICULAR FACTOR,99
26942131,1,HUMAN FACTOR,8
26942131,1,VEHICULAR FACTOR,99
26942131,2,HUMAN FACTOR,97
26942131,2,VEHICULAR FACTOR,99
26942133,1,HUMAN FACTOR,14
26942133,1,VEHICULAR FACTOR,99
26942133,2,HUMAN FACTOR,99
26942133,2,VEHICULAR FACTOR,99
26942139,1,HUMAN FACTOR,4
26942139,1,HUMAN FACTOR,14
26942139,1,VEHICULAR FACTOR,99
26942139,2,HUMAN FACTOR,99
26942139,2,VEHICULAR FACTOR,99
26942144,1,HUMAN FACTOR,14
26942144,1,HUMAN FACTOR,22
26942144,1,VEHICULAR FACTOR,99
26942144,2,HUMAN FACTOR,99
26942144,2,VEHICULAR FACTOR,99
26942144,3,HUMAN FACTOR,99
26942144,3,VEHICULAR FACTOR,99
26946804,1,HUMAN FACTOR,17
26946804,1,VEHICULAR FACTOR,99
26946804,2,HUMAN FACTOR,99
26946804,2,VEHICULAR FACTOR,99
26950934,1,HUMAN FACTOR,18
26950934,1,VEHICULAR FACTOR,99
26950934,2,HUMAN FACTOR,99
26950934,2,VEHICULAR FACTOR,99
26954856,1,HUMAN FACTOR,14
26954856,1,VEHICULAR FACTOR,99
26954856,2,HUMAN FACTOR,99
26954856,2,VEHICULAR FACTOR,99
26956469,1,HUMAN FACTOR,14
26956469,1,HUMAN FACTOR,17
26956469,1,VEHICULAR FACTOR,99
26958959,1,HUMAN FACTOR,3
26958959,1,HUMAN FACTOR,8
26958959,1,HUMAN FACTOR,14
26958959,1,VEHICULAR FACTOR,99
26958959,2,HUMAN FACTOR,99
26958959,2,VEHICULAR FACTOR,99
26959753,1,HUMAN FACTOR,99
26959753,1,VEHICULAR FACTOR,7
26965683,1,HUMAN FACTOR,3
26965683,1,HUMAN FACTOR,14
26965683,1,VEHICULAR FACTOR,99
26965683,2,HUMAN FACTOR,99
26965683,2,VEHICULAR FACTOR,99
26968391,1,HUMAN FACTOR,17
26968391,1,VEHICULAR FACTOR,99
26968391,2,HUMAN FACTOR,99
26968391,2,VEHICULAR FACTOR,99
26984710,1,HUMAN FACTOR,14
26984710,1,VEHICULAR FACTOR,99
26984710,2,HUMAN FACTOR,99
26984710,2,VEHICULAR FACTOR,99
26989042,1,HUMAN FACTOR,99
26989042,1,VEHICULAR FACTOR,99
26989042,2,HUMAN FACTOR,99
26989042,2,VEHICULAR FACTOR,99
26989167,1,HUMAN FACTOR,18
26989167,1,VEHICULAR FACTOR,1
26990114,1,HUMAN FACTOR,7
26990114,1,HUMAN FACTOR,14
26990114,1,VEHICULAR FACTOR,99
26990114,2,HUMAN FACTOR,99
26990114,2,VEHICULAR FACTOR,99
26994214,1,HUMAN FACTOR,14
26994214,1,HUMAN FACTOR,18
26994214,1,VEHICULAR FACTOR,99
26994214,2,HUMAN FACTOR,99
26994214,2,VEHICULAR FACTOR,99
26994214,3,HUMAN FACTOR,99
26994214,3,VEHICULAR FACTOR,99
26994214,4,HUMAN FACTOR,99
26994214,4,VEHICULAR FACTOR,99
26995226,1,HUMAN FACTOR,14
26995226,1,VEHICULAR FACTOR,99
26995226,2,HUMAN FACTOR,99
26995226,2,VEHICULAR FACTOR,99
27008443,1,HUMAN FACTOR,99
27008443,1,VEHICULAR FACTOR,99
27008629,1,HUMAN FACTOR,11
27008629,1,VEHICULAR FACTOR,99
27008629,2,HUMAN FACTOR,99
27008629,2,VEHICULAR FACTOR,99
27008631,1,HUMAN FACTOR,4
27008631,1,HUMAN FACTOR,14
27008631,1,VEHICULAR FACTOR,99
27008631,2,HUMAN FACTOR,99
27008631,2,VEHICULAR FACTOR,99
27008634,1,HUMAN FACTOR,99
27008634,1,VEHICULAR FACTOR,99
27008634,2,HUMAN FACTOR,99
27008634,2,VEHICULAR FACTOR,99
27009091,1,HUMAN FACTOR,14
27009091,1,VEHICULAR FACTOR,99
27009091,2,HUMAN FACTOR,99
27009091,2,VEHICULAR FACTOR,99
27013002,1,HUMAN FACTOR,8
27013002,1,HUMAN FACTOR,97
27013002,1,VEHICULAR FACTOR,99
27013002,2,HUMAN FACTOR,97
27013002,2,VEHICULAR FACTOR,99
27015076,1,HUMAN FACTOR,99
27015076,1,VEHICULAR FACTOR,99
27019491,1,HUMAN FACTOR,99
27019491,1,VEHICULAR FACTOR,99
27023220,1,HUMAN FACTOR,11
27023220,1,VEHICULAR FACTOR,99
27023220,2,HUMAN FACTOR,26
27023220,2,VEHICULAR FACTOR,99
27023220,3,HUMAN FACTOR,26
27023220,3,HUMAN FACTOR,8
27023220,3,VEHICULAR FACTOR,99
27027044,1,HUMAN FACTOR,14
27027044,1,VEHICULAR FACTOR,99
27027044,2,HUMAN FACTOR,99
27027044,2,VEHICULAR FACTOR,99
27032838,1,HUMAN FACTOR,26
27032838,1,VEHICULAR FACTOR,99
27032838,2,HUMAN FACTOR,99
27032838,2,VEHICULAR FACTOR,99
27032838,3,HUMAN FACTOR,99
27032838,3,VEHICULAR FACTOR,99
27032838,4,HUMAN FACTOR,99
27032838,4,VEHICULAR FACTOR,99
27037021,1,HUMAN FACTOR,11
27037021,1,VEHICULAR FACTOR,99
27037021,2,HUMAN FACTOR,99
27037021,2,VEHICULAR FACTOR,99
27037022,1,HUMAN FACTOR,14
27037022,1,VEHICULAR FACTOR,99
27037022,2,HUMAN FACTOR,99
27037022,2,VEHICULAR FACTOR,99
27039893,1,HUMAN FACTOR,11
27039893,1,VEHICULAR FACTOR,99
27039893,2,HUMAN FACTOR,99
27039893,2,VEHICULAR FACTOR,99
27042816,1,HUMAN FACTOR,14
27042816,1,VEHICULAR FACTOR,99
27042816,2,HUMAN FACTOR,99
27042816,2,VEHICULAR FACTOR,99
27045056,1,HUMAN FACTOR,99
27045056,1,VEHICULAR FACTOR,99
27045056,2,HUMAN FACTOR,99
27045056,2,VEHICULAR FACTOR,99
27048598,1,HUMAN FACTOR,18
27048598,1,VEHICULAR FACTOR,99
27048598,2,HUMAN FACTOR,99
27048598,2,VEHICULAR FACTOR,99
27048598,3,HUMAN FACTOR,99
27048598,3,VEHICULAR FACTOR,99
27051153,1,HUMAN FACTOR,18
27051153,1,VEHICULAR FACTOR,99
27051153,2,HUMAN FACTOR,99
27051153,2,VEHICULAR FACTOR,99
27054376,1,HUMAN FACTOR,17
27054376,1,VEHICULAR FACTOR,99
27054376,2,HUMAN FACTOR,99
27054376,2,VEHICULAR FACTOR,99
27055682,1,HUMAN FACTOR,8
27055682,1,HUMAN FACTOR,14
27055682,1,VEHICULAR FACTOR,99
27055682,2,HUMAN FACTOR,99
27055682,2,VEHICULAR FACTOR,99
27056969,1,HUMAN FACTOR,26
27056969,1,VEHICULAR FACTOR,99
27056969,2,HUMAN FACTOR,26
27056969,2,VEHICULAR FACTOR,99
27056969,3,HUMAN FACTOR,26
27056969,3,VEHICULAR FACTOR,99
27056969,4,HUMAN FACTOR,26
27056969,4,VEHICULAR FACTOR,99
27057575,1,HUMAN FACTOR,14
27057575,1,HUMAN FACTOR,18
27057575,1,VEHICULAR FACTOR,99
27057575,2,HUMAN FACTOR,99
27057575,2,VEHICULAR FACTOR,99
27060127,1,HUMAN FACTOR,11
27060127,1,VEHICULAR FACTOR,99
27060127,2,HUMAN FACTOR,11
27060127,2,VEHICULAR FACTOR,99
27060127,3,HUMAN FACTOR,99
27060127,3,VEHICULAR FACTOR,99
27060190,1,HUMAN FACTOR,14
27060190,1,VEHICULAR FACTOR,99
27060190,2,HUMAN FACTOR,99
27060190,2,VEHICULAR FACTOR,99
27062140,1,HUMAN FACTOR,18
27062140,1,VEHICULAR FACTOR,99
27062140,2,HUMAN FACTOR,99
27062140,2,VEHICULAR FACTOR,99
27063977,1,HUMAN FACTOR,8
27063977,1,VEHICULAR FACTOR,99
27063977,2,HUMAN FACTOR,99
27063977,2,VEHICULAR FACTOR,99
27064606,1,HUMAN FACTOR,99
27064606,1,VEHICULAR FACTOR,99
27064606,2,HUMAN FACTOR,99
27064606,2,VEHICULAR FACTOR,99
27064609,1,HUMAN FACTOR,14
27064609,1,VEHICULAR FACTOR,99
27064609,2,HUMAN FACTOR,99
27064609,2,VEHICULAR FACTOR,99
27065382,1,HUMAN FACTOR,10
27065382,1,VEHICULAR FACTOR,99
27065844,1,HUMAN FACTOR,12
27065844,1,VEHICULAR FACTOR,99
27065844,2,HUMAN FACTOR,99
27065844,2,VEHICULAR FACTOR,99
27067209,1,HUMAN FACTOR,14
27067209,1,HUMAN FACTOR,17
27067209,1,VEHICULAR FACTOR,99
27067209,2,HUMAN FACTOR,99
27067209,2,VEHICULAR FACTOR,99
27067344,1,HUMAN FACTOR,4
27067344,1,VEHICULAR FACTOR,99
27067344,2,HUMAN FACTOR,99
27067344,2,VEHICULAR FACTOR,99
27069497,1,HUMAN FACTOR,22
27069497,1,VEHICULAR FACTOR,99
27069497,2,HUMAN FACTOR,99
27069497,2,VEHICULAR FACTOR,99
27069701,1,HUMAN FACTOR,14
27069701,1,VEHICULAR FACTOR,99
27069701,2,HUMAN FACTOR,99
27069701,2,VEHICULAR FACTOR,99
27072704,1,HUMAN FACTOR,11
27072704,1,VEHICULAR FACTOR,99
27072704,2,HUMAN FACTOR,99
27072704,2,VEHICULAR FACTOR,99
27072704,3,HUMAN FACTOR,99
27072704,3,VEHICULAR FACTOR,99
27074427,1,HUMAN FACTOR,14
27074427,1,VEHICULAR FACTOR,99
27074427,2,HUMAN FACTOR,99
27074427,2,VEHICULAR FACTOR,99
27074429,1,HUMAN FACTOR,22
27074429,1,VEHICULAR FACTOR,99
27075444,1,HUMAN FACTOR,8
27075444,1,VEHICULAR FACTOR,99
27075444,2,HUMAN FACTOR,99
27075444,2,VEHICULAR FACTOR,99
27078103,1,HUMAN FACTOR,14
27078103,1,VEHICULAR FACTOR,99
27078103,2,HUMAN FACTOR,99
27078103,2,VEHICULAR FACTOR,99
27081145,1,HUMAN FACTOR,8
27081145,1,VEHICULAR FACTOR,99
27081145,2,HUMAN FACTOR,99
27081145,2,VEHICULAR FACTOR,99
27083556,1,HUMAN FACTOR,14
27083556,1,VEHICULAR FACTOR,99
27083556,2,HUMAN FACTOR,99
27083556,2,VEHICULAR FACTOR,99
27085661,1,HUMAN FACTOR,17
27085661,1,VEHICULAR FACTOR,5
27085661,2,HUMAN FACTOR,99
27085661,2,VEHICULAR FACTOR,99
27086208,1,HUMAN FACTOR,14
27086208,1,VEHICULAR FACTOR,99
27086208,2,HUMAN FACTOR,99
27086208,2,VEHICULAR FACTOR,99
27086210,1,HUMAN FACTOR,11
27086210,1,HUMAN FACTOR,14
27086210,1,VEHICULAR FACTOR,99
27086210,2,HUMAN FACTOR,99
27086210,2,VEHICULAR FACTOR,99
27091461,1,HUMAN FACTOR,14
27091461,1,VEHICULAR FACTOR,99
27091461,2,HUMAN FACTOR,14
27091461,2,VEHICULAR FACTOR,99
27095455,1,HUMAN FACTOR,8
27095455,1,VEHICULAR FACTOR,99
27095455,2,HUMAN FACTOR,99
27095455,2,VEHICULAR FACTOR,99
27099807,1,HUMAN FACTOR,11
27099807,1,VEHICULAR FACTOR,99
27099807,2,HUMAN FACTOR,99
27099807,2,VEHICULAR FACTOR,99
27099911,1,HUMAN FACTOR,99
27099911,1,VEHICULAR FACTOR,1
27102184,1,HUMAN FACTOR,14
27102184,1,VEHICULAR FACTOR,99
27102184,2,HUMAN FACTOR,99
27102184,2,VEHICULAR FACTOR,99
27103344,1,HUMAN FACTOR,26
27103344,1,VEHICULAR FACTOR,99
27103344,2,HUMAN FACTOR,8
27103344,2,VEHICULAR FACTOR,99
27109604,1,HUMAN FACTOR,11
27109604,1,VEHICULAR FACTOR,99
27109604,2,HUMAN FACTOR,99
27109604,2,VEHICULAR FACTOR,99
27109637,2,HUMAN FACTOR,99
27109637,2,VEHICULAR FACTOR,99
27111230,1,HUMAN FACTOR,97
27111230,1,VEHICULAR FACTOR,99
27111230,2,HUMAN FACTOR,99
27111230,2,VEHICULAR FACTOR,99
27117617,1,HUMAN FACTOR,1
27117617,1,VEHICULAR FACTOR,99
27119593,1,HUMAN FACTOR,14
27119593,1,VEHICULAR FACTOR,99
27119593,2,HUMAN FACTOR,99
27119593,2,VEHICULAR FACTOR,99
27120278,1,HUMAN FACTOR,14
27120278,1,VEHICULAR FACTOR,99
27120278,2,HUMAN FACTOR,99
27120278,2,VEHICULAR FACTOR,99
27120278,3,HUMAN FACTOR,99
27120278,3,VEHICULAR FACTOR,99
27121217,1,HUMAN FACTOR,97
27121217,1,VEHICULAR FACTOR,99
27121217,2,HUMAN FACTOR,97
27121217,2,VEHICULAR FACTOR,99
27121218,1,HUMAN FACTOR,14
27121218,1,HUMAN FACTOR,17
27121218,1,VEHICULAR FACTOR,99
27121218,2,HUMAN FACTOR,99
27121218,2,VEHICULAR FACTOR,99
27121575,1,HUMAN FACTOR,99
27121575,1,VEHICULAR FACTOR,99
27121575,2,HUMAN FACTOR,99
27121575,2,VEHICULAR FACTOR,99
27122544,1,HUMAN FACTOR,11
27122544,1,HUMAN FACTOR,14
27122544,1,HUMAN FACTOR,18
27122544,1,VEHICULAR FACTOR,99
27122544,2,HUMAN FACTOR,99
27122544,2,VEHICULAR FACTOR,99
27129312,1,HUMAN FACTOR,99
27129312,1,VEHICULAR FACTOR,99
27129312,2,HUMAN FACTOR,99
27129312,2,VEHICULAR FACTOR,99
27136041,1,HUMAN FACTOR,18
27136041,1,VEHICULAR FACTOR,99
27136041,2,HUMAN FACTOR,99
27136041,2,VEHICULAR FACTOR,99
27138350,1,HUMAN FACTOR,8
27138350,1,HUMAN FACTOR,14
27138350,1,VEHICULAR FACTOR,99
27138350,2,HUMAN FACTOR,99
27138350,2,VEHICULAR FACTOR,99
27141039,1,HUMAN FACTOR,99
27141039,1,VEHICULAR FACTOR,99
27146806,1,HUMAN FACTOR,17
27146806,1,VEHICULAR FACTOR,99
27153880,1,HUMAN FACTOR,18
27153880,1,VEHICULAR FACTOR,99
27153880,2,HUMAN FACTOR,99
27153880,2,VEHICULAR FACTOR,99
27155827,1,HUMAN FACTOR,22
27155827,1,VEHICULAR FACTOR,99
27155827,2,HUMAN FACTOR,99
27155827,2,VEHICULAR FACTOR,99
27157294,1,HUMAN FACTOR,26
27157294,1,HUMAN FACTOR,18
27157294,1,VEHICULAR FACTOR,99
27164144,1,HUMAN FACTOR,8
27164144,1,VEHICULAR FACTOR,99
27164144,2,HUMAN FACTOR,99
27164144,2,VEHICULAR FACTOR,99
27164148,1,HUMAN FACTOR,4
27164148,1,VEHICULAR FACTOR,99
27164645,1,HUMAN FACTOR,5
27164645,1,HUMAN FACTOR,14
27164645,1,VEHICULAR FACTOR,99
27164645,2,HUMAN FACTOR,99
27164645,2,VEHICULAR FACTOR,99
27166486,1,HUMAN FACTOR,8
27166486,1,VEHICULAR FACTOR,99
27166486,2,HUMAN FACTOR,99
27166486,2,VEHICULAR FACTOR,99
27170741,1,HUMAN FACTOR,99
27170741,1,VEHICULAR FACTOR,99
27173199,1,HUMAN FACTOR,11
27173199,1,HUMAN FACTOR,22
27173199,1,VEHICULAR FACTOR,99
27173199,2,HUMAN FACTOR,22
27095455,1,ENVIRON FACTOR,2
27095455,2,ENVIRON FACTOR,2
27099807,1,ENVIRON FACTOR,17
27099807,1,ENVIRON FACTOR,2
27099807,2,ENVIRON FACTOR,99
27099911,1,ENVIRON FACTOR,2
27099911,1,ENVIRON FACTOR,11
27102184,1,ENVIRON FACTOR,2
27102184,2,ENVIRON FACTOR,2
27103344,1,ENVIRON FACTOR,2
27103344,2,ENVIRON FACTOR,2
27109604,1,ENVIRON FACTOR,2
27109604,2,ENVIRON FACTOR,2
27109637,1,ENVIRON FACTOR,2
27109637,2,ENVIRON FACTOR,2
27111230,1,ENVIRON FACTOR,2
27111230,2,ENVIRON FACTOR,2
27117617,1,ENVIRON FACTOR,2
27119593,1,ENVIRON FACTOR,2
27119593,2,ENVIRON FACTOR,99
27120278,1,ENVIRON FACTOR,17
27120278,1,ENVIRON FACTOR,2
27120278,2,ENVIRON FACTOR,17
27120278,2,ENVIRON FACTOR,2
27120278,3,ENVIRON FACTOR,17
27120278,3,ENVIRON FACTOR,2
27121217,1,ENVIRON FACTOR,2
27121217,1,ENVIRON FACTOR,14
27121217,2,ENVIRON FACTOR,2
27121217,2,ENVIRON FACTOR,14
27121218,1,ENVIRON FACTOR,2
27121218,1,ENVIRON FACTOR,97
27121218,2,ENVIRON FACTOR,2
27121218,2,ENVIRON FACTOR,97
27121575,1,ENVIRON FACTOR,99
27121575,2,ENVIRON FACTOR,2
27122544,1,ENVIRON FACTOR,2
27122544,2,ENVIRON FACTOR,2
26133281,1,ENVIRON FACTOR,2
26133281,2,ENVIRON FACTOR,2
26148508,1,ENVIRON FACTOR,2
26148508,2,ENVIRON FACTOR,2
26148662,1,ENVIRON FACTOR,2
26148662,2,ENVIRON FACTOR,2
26163521,1,ENVIRON FACTOR,2
26163521,2,ENVIRON FACTOR,2
26166091,1,ENVIRON FACTOR,2
26166091,2,ENVIRON FACTOR,99
26186176,1,ENVIRON FACTOR,2
26193887,1,ENVIRON FACTOR,2
26193887,1,ENVIRON FACTOR,97
26193887,2,ENVIRON FACTOR,2
26194451,1,ENVIRON FACTOR,2
26194451,2,ENVIRON FACTOR,99
26202973,1,ENVIRON FACTOR,2
26202973,1,ENVIRON FACTOR,97
26202973,2,ENVIRON FACTOR,2
26202973,2,ENVIRON FACTOR,97
26220926,1,ENVIRON FACTOR,17
26220926,1,ENVIRON FACTOR,2
26220926,2,ENVIRON FACTOR,2
26231386,1,ENVIRON FACTOR,2
26231386,2,ENVIRON FACTOR,2
26231608,1,ENVIRON FACTOR,17
26231608,1,ENVIRON FACTOR,2
26231608,2,ENVIRON FACTOR,17
26231608,2,ENVIRON FACTOR,2
26231608,3,ENVIRON FACTOR,17
26231608,3,ENVIRON FACTOR,2
26232980,1,ENVIRON FACTOR,2
26241187,1,ENVIRON FACTOR,2
26241187,2,ENVIRON FACTOR,2
26255745,1,ENVIRON FACTOR,17
26255745,1,ENVIRON FACTOR,2
26255745,2,ENVIRON FACTOR,17
26255745,2,ENVIRON FACTOR,2
26259380,1,ENVIRON FACTOR,2
26259380,2,ENVIRON FACTOR,2
26260463,1,ENVIRON FACTOR,2
26260463,1,ENVIRON FACTOR,12
26260463,2,ENVIRON FACTOR,99
26262381,1,ENVIRON FACTOR,2
26262381,2,ENVIRON FACTOR,2
26266428,1,ENVIRON FACTOR,2
26266428,2,ENVIRON FACTOR,2
26273031,1,ENVIRON FACTOR,9
26273031,2,ENVIRON FACTOR,2
26275187,1,ENVIRON FACTOR,2
26275187,2,ENVIRON FACTOR,2
26299617,1,ENVIRON FACTOR,2
26299617,1,ENVIRON FACTOR,99
26333020,1,ENVIRON FACTOR,2
26333020,2,ENVIRON FACTOR,2
26336563,1,ENVIRON FACTOR,2
26336563,2,ENVIRON FACTOR,2
26341550,1,ENVIRON FACTOR,2
26341550,2,ENVIRON FACTOR,2
26351580,1,ENVIRON FACTOR,17
26351580,1,ENVIRON FACTOR,2
26351580,2,ENVIRON FACTOR,2
26351580,3,ENVIRON FACTOR,2
26351580,4,ENVIRON FACTOR,2
26370141,1,ENVIRON FACTOR,2
26370141,2,ENVIRON FACTOR,9
26370141,2,ENVIRON FACTOR,11
26370141,3,ENVIRON FACTOR,2
26386646,1,ENVIRON FACTOR,17
26386646,1,ENVIRON FACTOR,2
26391954,1,ENVIRON FACTOR,2
26391954,2,ENVIRON FACTOR,2
26392376,1,ENVIRON FACTOR,2
26392376,2,ENVIRON FACTOR,2
26402007,1,ENVIRON FACTOR,2
26402007,2,ENVIRON FACTOR,2
26403958,1,ENVIRON FACTOR,2
26403958,2,ENVIRON FACTOR,2
26440563,1,ENVIRON FACTOR,2
26440563,2,ENVIRON FACTOR,99
26443078,1,ENVIRON FACTOR,2
27173199,2,VEHICULAR FACTOR,99
27175838,1,HUMAN FACTOR,14
27175838,1,HUMAN FACTOR,18
27175838,1,VEHICULAR FACTOR,99
27175838,2,HUMAN FACTOR,99
27175838,2,VEHICULAR FACTOR,99
27177889,1,HUMAN FACTOR,4
27177889,1,VEHICULAR FACTOR,99
27177889,2,HUMAN FACTOR,99
27177889,2,VEHICULAR FACTOR,99
27177889,3,HUMAN FACTOR,99
27177889,3,VEHICULAR FACTOR,99
27177984,1,HUMAN FACTOR,14
27177984,1,VEHICULAR FACTOR,99
27177984,2,HUMAN FACTOR,99
27177984,2,VEHICULAR FACTOR,99
27177985,1,HUMAN FACTOR,22
27177985,1,VEHICULAR FACTOR,99
27177985,2,HUMAN FACTOR,99
27177985,2,VEHICULAR FACTOR,99
27179664,1,HUMAN FACTOR,11
27179664,1,VEHICULAR FACTOR,99
27179664,2,HUMAN FACTOR,99
27179664,2,VEHICULAR FACTOR,99
27184811,1,HUMAN FACTOR,14
27184811,1,VEHICULAR FACTOR,99
27184811,2,HUMAN FACTOR,99
27184811,2,VEHICULAR FACTOR,99
27186655,1,HUMAN FACTOR,26
27186655,1,HUMAN FACTOR,22
27186655,2,HUMAN FACTOR,99
27186655,2,VEHICULAR FACTOR,99
27186655,3,HUMAN FACTOR,99
27186655,3,VEHICULAR FACTOR,99
27188589,1,HUMAN FACTOR,3
27188589,1,HUMAN FACTOR,26
27188589,1,HUMAN FACTOR,18
27188589,1,VEHICULAR FACTOR,99
27188589,2,HUMAN FACTOR,99
27188589,2,VEHICULAR FACTOR,99
27188830,1,HUMAN FACTOR,19
27188830,1,VEHICULAR FACTOR,1
27189138,1,HUMAN FACTOR,14
27189138,1,VEHICULAR FACTOR,99
27189138,2,HUMAN FACTOR,99
27189138,2,VEHICULAR FACTOR,99
27189138,3,HUMAN FACTOR,99
27189138,3,VEHICULAR FACTOR,99
27189142,1,HUMAN FACTOR,9
27189142,1,HUMAN FACTOR,14
27189142,1,VEHICULAR FACTOR,99
27189142,2,HUMAN FACTOR,99
27189142,2,VEHICULAR FACTOR,99
27190866,1,HUMAN FACTOR,26
27190866,1,HUMAN FACTOR,8
27190866,1,HUMAN FACTOR,14
27190866,1,VEHICULAR FACTOR,99
27190866,2,HUMAN FACTOR,99
27190866,2,VEHICULAR FACTOR,99
27192309,1,HUMAN FACTOR,97
27192309,1,VEHICULAR FACTOR,97
27192309,2,HUMAN FACTOR,99
27192309,2,VEHICULAR FACTOR,99
27198060,1,HUMAN FACTOR,14
27198060,1,VEHICULAR FACTOR,99
27198060,2,HUMAN FACTOR,99
27198060,2,VEHICULAR FACTOR,99
27199164,1,HUMAN FACTOR,8
26133281,1,HUMAN FACTOR,14
26133281,1,VEHICULAR FACTOR,99
26133281,2,HUMAN FACTOR,99
26133281,2,VEHICULAR FACTOR,99
26148508,2,HUMAN FACTOR,99
26148508,2,VEHICULAR FACTOR,99
26148662,1,HUMAN FACTOR,14
26148662,1,VEHICULAR FACTOR,99
26148662,2,HUMAN FACTOR,99
26148662,2,VEHICULAR FACTOR,99
26163521,1,HUMAN FACTOR,14
26163521,1,VEHICULAR FACTOR,99
26163521,2,HUMAN FACTOR,99
26163521,2,VEHICULAR FACTOR,99
26166091,1,HUMAN FACTOR,8
26166091,1,VEHICULAR FACTOR,99
26166091,2,HUMAN FACTOR,99
26166091,2,VEHICULAR FACTOR,99
26186176,1,HUMAN FACTOR,99
26186176,1,VEHICULAR FACTOR,99
26193887,1,HUMAN FACTOR,99
26193887,1,VEHICULAR FACTOR,99
26193887,2,HUMAN FACTOR,99
26193887,2,VEHICULAR FACTOR,99
26194451,1,HUMAN FACTOR,3
26194451,1,VEHICULAR FACTOR,99
26194451,2,HUMAN FACTOR,99
26194451,2,VEHICULAR FACTOR,99
26202973,1,HUMAN FACTOR,97
26202973,1,VEHICULAR FACTOR,99
26202973,2,HUMAN FACTOR,97
26202973,2,VEHICULAR FACTOR,99
26220926,1,HUMAN FACTOR,14
26220926,1,VEHICULAR FACTOR,99
26220926,2,HUMAN FACTOR,99
26220926,2,VEHICULAR FACTOR,99
26231386,1,HUMAN FACTOR,26
26231386,1,VEHICULAR FACTOR,99
26231386,2,HUMAN FACTOR,99
26231386,2,VEHICULAR FACTOR,99
26231608,1,HUMAN FACTOR,14
26231608,1,VEHICULAR FACTOR,99
26231608,2,HUMAN FACTOR,14
26231608,2,VEHICULAR FACTOR,99
26231608,3,HUMAN FACTOR,97
26231608,3,VEHICULAR FACTOR,99
26232980,1,HUMAN FACTOR,99
26232980,1,VEHICULAR FACTOR,99
26241187,1,HUMAN FACTOR,11
26241187,1,VEHICULAR FACTOR,99
26241187,2,HUMAN FACTOR,99
26241187,2,VEHICULAR FACTOR,99
26255745,1,HUMAN FACTOR,11
26255745,1,HUMAN FACTOR,14
26255745,1,VEHICULAR FACTOR,99
26255745,2,HUMAN FACTOR,99
26255745,2,VEHICULAR FACTOR,99
26259380,1,HUMAN FACTOR,99
26259380,1,VEHICULAR FACTOR,99
26259380,2,HUMAN FACTOR,99
26259380,2,VEHICULAR FACTOR,99
26260463,1,HUMAN FACTOR,14
26260463,1,VEHICULAR FACTOR,99
26260463,2,HUMAN FACTOR,99
26260463,2,VEHICULAR FACTOR,99
26262381,1,HUMAN FACTOR,99
26262381,1,VEHICULAR FACTOR,99
26262381,2,HUMAN FACTOR,99
26262381,2,VEHICULAR FACTOR,99
26266428,1,HUMAN FACTOR,14
26266428,1,VEHICULAR FACTOR,99
26266428,2,HUMAN FACTOR,99
26266428,2,VEHICULAR FACTOR,99
26273031,1,HUMAN FACTOR,14
26273031,1,VEHICULAR FACTOR,99
26273031,2,HUMAN FACTOR,99
26273031,2,VEHICULAR FACTOR,99
26275187,1,HUMAN FACTOR,9
26275187,1,HUMAN FACTOR,10
26275187,1,VEHICULAR FACTOR,99
26275187,2,HUMAN FACTOR,99
26275187,2,VEHICULAR FACTOR,99
26299617,1,HUMAN FACTOR,26
26333020,1,HUMAN FACTOR,11
26333020,1,VEHICULAR FACTOR,99
26333020,2,HUMAN FACTOR,99
26333020,2,VEHICULAR FACTOR,99
26336563,1,HUMAN FACTOR,14
26336563,1,VEHICULAR FACTOR,99
26336563,2,HUMAN FACTOR,99
26336563,2,VEHICULAR FACTOR,99
26341550,1,HUMAN FACTOR,97
26341550,1,VEHICULAR FACTOR,99
26341550,2,HUMAN FACTOR,97
26341550,2,VEHICULAR FACTOR,99
26351580,1,HUMAN FACTOR,11
26351580,1,VEHICULAR FACTOR,99
26351580,2,HUMAN FACTOR,99
26351580,2,VEHICULAR FACTOR,99
26351580,3,HUMAN FACTOR,99
26351580,3,VEHICULAR FACTOR,99
26351580,4,HUMAN FACTOR,99
26351580,4,VEHICULAR FACTOR,99
26370141,1,HUMAN FACTOR,14
26370141,1,VEHICULAR FACTOR,99
26370141,2,HUMAN FACTOR,99
26370141,2,VEHICULAR FACTOR,99
26370141,3,HUMAN FACTOR,99
26370141,3,VEHICULAR FACTOR,99
26386646,1,HUMAN FACTOR,14
26386646,1,HUMAN FACTOR,17
26386646,1,VEHICULAR FACTOR,99
26391954,1,HUMAN FACTOR,14
26391954,1,VEHICULAR FACTOR,99
26391954,2,HUMAN FACTOR,99
26391954,2,VEHICULAR FACTOR,99
26392376,1,HUMAN FACTOR,14
26392376,1,VEHICULAR FACTOR,99
26392376,2,HUMAN FACTOR,99
26392376,2,VEHICULAR FACTOR,99
26402007,1,HUMAN FACTOR,14
26402007,1,VEHICULAR FACTOR,99
26402007,2,HUMAN FACTOR,99
26402007,2,VEHICULAR FACTOR,99
26403958,1,HUMAN FACTOR,11
26403958,1,VEHICULAR FACTOR,99
26403958,2,HUMAN FACTOR,99
26403958,2,VEHICULAR FACTOR,99
26440563,1,HUMAN FACTOR,17
26440563,1,VEHICULAR FACTOR,99
26440563,2,HUMAN FACTOR,99
26440563,2,VEHICULAR FACTOR,99
26443078,1,HUMAN FACTOR,97
26443078,1,VEHICULAR FACTOR,99
26451086,1,HUMAN FACTOR,4
26451086,1,HUMAN FACTOR,14
26451086,1,HUMAN FACTOR,18
26451086,1,VEHICULAR FACTOR,99
26451086,2,HUMAN FACTOR,99
26451086,2,VEHICULAR FACTOR,99
26451086,3,HUMAN FACTOR,99
26451086,3,VEHICULAR FACTOR,99
26467955,1,HUMAN FACTOR,11
26467955,1,VEHICULAR FACTOR,99
26467955,2,HUMAN FACTOR,99
26467955,2,VEHICULAR FACTOR,99
26470150,1,HUMAN FACTOR,99
26470150,1,VEHICULAR FACTOR,99
26470150,2,HUMAN FACTOR,99
26470150,2,VEHICULAR FACTOR,99
26472140,1,HUMAN FACTOR,12
26472140,1,HUMAN FACTOR,18
26472140,1,HUMAN FACTOR,20
26472140,1,VEHICULAR FACTOR,99
26472140,2,HUMAN FACTOR,99
26472140,2,VEHICULAR FACTOR,99
26472140,3,HUMAN FACTOR,99
26472140,3,VEHICULAR FACTOR,99
26472763,1,HUMAN FACTOR,14
26472763,1,HUMAN FACTOR,18
26472763,1,VEHICULAR FACTOR,99
26472763,2,HUMAN FACTOR,99
26472763,2,VEHICULAR FACTOR,99
26473617,1,HUMAN FACTOR,17
26473617,1,VEHICULAR FACTOR,99
26473617,2,HUMAN FACTOR,99
26473617,2,VEHICULAR FACTOR,99
26484436,1,HUMAN FACTOR,26
26484436,1,HUMAN FACTOR,8
26484436,1,VEHICULAR FACTOR,99
27199164,1,VEHICULAR FACTOR,13
27199164,2,HUMAN FACTOR,99
27199164,2,VEHICULAR FACTOR,99
27199678,1,HUMAN FACTOR,14
27199678,1,VEHICULAR FACTOR,99
27199678,2,HUMAN FACTOR,99
27199678,2,VEHICULAR FACTOR,99
27201585,1,HUMAN FACTOR,16
27201585,1,VEHICULAR FACTOR,99
27201585,2,HUMAN FACTOR,99
27201585,2,VEHICULAR FACTOR,99
27202013,1,HUMAN FACTOR,14
27202013,1,VEHICULAR FACTOR,99
27202013,2,HUMAN FACTOR,99
27202013,2,VEHICULAR FACTOR,99
27209927,1,HUMAN FACTOR,14
27209927,1,VEHICULAR FACTOR,99
27209927,2,HUMAN FACTOR,99
27209927,2,VEHICULAR FACTOR,99
27211345,1,HUMAN FACTOR,22
27211345,1,VEHICULAR FACTOR,99
27211345,2,HUMAN FACTOR,99
27211345,2,VEHICULAR FACTOR,99
27211345,3,HUMAN FACTOR,99
27211345,3,VEHICULAR FACTOR,99
27211345,4,HUMAN FACTOR,99
27211345,4,VEHICULAR FACTOR,99
27211346,1,HUMAN FACTOR,13
27211346,1,HUMAN FACTOR,14
27211346,1,VEHICULAR FACTOR,97
27211346,2,HUMAN FACTOR,99
27211346,2,VEHICULAR FACTOR,99
27211350,1,HUMAN FACTOR,99
27211350,1,VEHICULAR FACTOR,99
27211350,2,HUMAN FACTOR,99
27211350,2,VEHICULAR FACTOR,99
27211350,3,HUMAN FACTOR,99
27211350,3,VEHICULAR FACTOR,99
27215036,1,HUMAN FACTOR,99
27215036,1,VEHICULAR FACTOR,8
27215036,2,HUMAN FACTOR,99
27215036,2,VEHICULAR FACTOR,99
27215777,1,HUMAN FACTOR,99
27215777,1,VEHICULAR FACTOR,99
27215777,2,HUMAN FACTOR,99
27215777,2,VEHICULAR FACTOR,99
27216256,1,HUMAN FACTOR,14
27216256,1,HUMAN FACTOR,17
27216256,1,VEHICULAR FACTOR,99
27216256,2,HUMAN FACTOR,17
27216256,2,VEHICULAR FACTOR,99
27218579,1,HUMAN FACTOR,99
27218579,1,VEHICULAR FACTOR,11
27218579,2,HUMAN FACTOR,99
27218579,2,VEHICULAR FACTOR,99
27218580,1,HUMAN FACTOR,8
27218580,1,HUMAN FACTOR,24
27218580,1,VEHICULAR FACTOR,99
27218580,2,HUMAN FACTOR,97
27218580,2,VEHICULAR FACTOR,99
27220917,1,HUMAN FACTOR,4
27220917,1,HUMAN FACTOR,14
27220917,1,VEHICULAR FACTOR,99
27220917,2,HUMAN FACTOR,99
27220917,2,VEHICULAR FACTOR,99
27227840,1,HUMAN FACTOR,14
27227840,1,VEHICULAR FACTOR,99
27227840,2,HUMAN FACTOR,99
27227840,2,VEHICULAR FACTOR,99
27227987,1,HUMAN FACTOR,26
27227987,1,HUMAN FACTOR,8
27227987,1,HUMAN FACTOR,18
27227987,1,VEHICULAR FACTOR,99
27227987,2,HUMAN FACTOR,99
27227987,2,VEHICULAR FACTOR,99
27228749,1,HUMAN FACTOR,11
27228749,1,VEHICULAR FACTOR,99
27228749,2,HUMAN FACTOR,99
27228749,2,VEHICULAR FACTOR,99
27230929,1,HUMAN FACTOR,14
27230929,1,HUMAN FACTOR,17
27230929,1,VEHICULAR FACTOR,99
27230929,2,HUMAN FACTOR,99
27230929,2,VEHICULAR FACTOR,99
27235344,1,HUMAN FACTOR,26
27235344,1,HUMAN FACTOR,8
27235344,1,HUMAN FACTOR,14
27235344,1,VEHICULAR FACTOR,99
27235344,2,HUMAN FACTOR,99
27235344,2,VEHICULAR FACTOR,99
27241304,1,HUMAN FACTOR,17
27241304,1,VEHICULAR FACTOR,99
27241304,2,HUMAN FACTOR,99
27241304,2,VEHICULAR FACTOR,99
27243522,1,HUMAN FACTOR,18
27243522,1,VEHICULAR FACTOR,99
27243522,2,HUMAN FACTOR,99
27243522,2,VEHICULAR FACTOR,99
27244610,1,HUMAN FACTOR,99
27244610,1,VEHICULAR FACTOR,99
27244610,2,HUMAN FACTOR,99
27244610,2,VEHICULAR FACTOR,99
27254278,1,HUMAN FACTOR,14
27254278,1,VEHICULAR FACTOR,99
27254278,2,HUMAN FACTOR,99
27254278,2,VEHICULAR FACTOR,99
27255640,1,HUMAN FACTOR,14
27255640,1,VEHICULAR FACTOR,99
27255640,2,HUMAN FACTOR,99
27255640,2,VEHICULAR FACTOR,99
27260002,1,HUMAN FACTOR,14
27260002,1,VEHICULAR FACTOR,99
27260002,2,HUMAN FACTOR,99
27260002,2,VEHICULAR FACTOR,99
27261690,1,HUMAN FACTOR,18
27261690,1,VEHICULAR FACTOR,99
27262113,1,HUMAN FACTOR,99
27262113,1,VEHICULAR FACTOR,99
27262779,1,HUMAN FACTOR,99
27262779,1,VEHICULAR FACTOR,99
27262981,1,HUMAN FACTOR,99
27262981,1,VEHICULAR FACTOR,99
27267227,1,HUMAN FACTOR,99
27267227,1,VEHICULAR FACTOR,99
27267673,1,HUMAN FACTOR,11
27267673,1,HUMAN FACTOR,14
27267673,1,VEHICULAR FACTOR,99
27267673,2,HUMAN FACTOR,99
27267673,2,VEHICULAR FACTOR,99
27267698,1,HUMAN FACTOR,99
27267698,1,VEHICULAR FACTOR,99
27276785,1,HUMAN FACTOR,8
27276785,1,HUMAN FACTOR,14
27276785,1,VEHICULAR FACTOR,99
27276785,2,HUMAN FACTOR,99
27276785,2,VEHICULAR FACTOR,99
27278912,1,HUMAN FACTOR,17
27278912,1,VEHICULAR FACTOR,99
27278912,2,HUMAN FACTOR,99
27278912,2,VEHICULAR FACTOR,99
27282266,1,HUMAN FACTOR,8
27282266,1,VEHICULAR FACTOR,99
27282266,2,HUMAN FACTOR,99
27282266,2,VEHICULAR FACTOR,99
27284524,1,HUMAN FACTOR,99
27284524,1,VEHICULAR FACTOR,8
27286665,1,HUMAN FACTOR,4
27286665,1,HUMAN FACTOR,6
27286665,1,HUMAN FACTOR,26
27286665,1,VEHICULAR FACTOR,99
27286665,2,HUMAN FACTOR,14
27286665,2,HUMAN FACTOR,97
27286665,2,VEHICULAR FACTOR,97
27291370,1,HUMAN FACTOR,14
27291370,1,VEHICULAR FACTOR,99
27292945,1,HUMAN FACTOR,14
27292945,1,VEHICULAR FACTOR,99
27292945,2,HUMAN FACTOR,99
27292945,2,VEHICULAR FACTOR,99
27292945,3,HUMAN FACTOR,99
27292945,3,VEHICULAR FACTOR,99
27302038,1,HUMAN FACTOR,11
27302038,1,HUMAN FACTOR,14
27302038,1,VEHICULAR FACTOR,99
27302038,2,HUMAN FACTOR,99
27302038,2,VEHICULAR FACTOR,99
27311419,1,HUMAN FACTOR,14
27311419,1,VEHICULAR FACTOR,99
27311419,2,HUMAN FACTOR,99
27311419,2,VEHICULAR FACTOR,99
26484436,2,HUMAN FACTOR,99
26484436,2,VEHICULAR FACTOR,99
26485657,1,HUMAN FACTOR,17
26485657,1,VEHICULAR FACTOR,13
26485657,2,HUMAN FACTOR,99
26485657,2,VEHICULAR FACTOR,13
26491246,1,HUMAN FACTOR,14
26491246,1,VEHICULAR FACTOR,99
26491246,2,HUMAN FACTOR,99
26491246,2,VEHICULAR FACTOR,99
26493238,1,HUMAN FACTOR,11
26493238,1,VEHICULAR FACTOR,99
26493238,2,HUMAN FACTOR,11
26493238,2,VEHICULAR FACTOR,99
26493238,3,HUMAN FACTOR,11
26493238,3,VEHICULAR FACTOR,99
26493238,4,HUMAN FACTOR,99
26493238,4,VEHICULAR FACTOR,99
26493392,1,HUMAN FACTOR,99
26493392,1,VEHICULAR FACTOR,99
26508115,1,HUMAN FACTOR,17
26508115,1,VEHICULAR FACTOR,99
26508115,2,HUMAN FACTOR,99
26508115,2,VEHICULAR FACTOR,99
26508936,1,HUMAN FACTOR,99
26508936,1,VEHICULAR FACTOR,99
26508936,2,HUMAN FACTOR,99
26508936,2,VEHICULAR FACTOR,99
26509453,1,HUMAN FACTOR,14
26509453,1,VEHICULAR FACTOR,99
26509453,2,HUMAN FACTOR,99
26509453,2,VEHICULAR FACTOR,99
26509453,3,HUMAN FACTOR,99
26509453,3,VEHICULAR FACTOR,99
26526137,1,HUMAN FACTOR,11
26526137,1,HUMAN FACTOR,22
26526137,1,VEHICULAR FACTOR,99
26526137,2,HUMAN FACTOR,99
26526137,2,VEHICULAR FACTOR,99
26527980,1,HUMAN FACTOR,12
26527980,1,VEHICULAR FACTOR,99
26527980,2,HUMAN FACTOR,99
26527980,2,VEHICULAR FACTOR,99
26528028,1,HUMAN FACTOR,14
26528028,1,HUMAN FACTOR,22
26528028,1,VEHICULAR FACTOR,99
26528028,2,HUMAN FACTOR,99
26528028,2,VEHICULAR FACTOR,99
26541881,1,HUMAN FACTOR,99
26541881,1,VEHICULAR FACTOR,99
26542408,1,HUMAN FACTOR,14
26542408,1,HUMAN FACTOR,17
26542408,1,HUMAN FACTOR,22
26542408,1,VEHICULAR FACTOR,99
26542408,2,HUMAN FACTOR,99
26542408,2,VEHICULAR FACTOR,99
26547892,1,HUMAN FACTOR,18
26547892,1,VEHICULAR FACTOR,99
26548373,1,HUMAN FACTOR,14
26548373,1,VEHICULAR FACTOR,99
26548373,2,HUMAN FACTOR,99
26548373,2,VEHICULAR FACTOR,99
26556602,1,HUMAN FACTOR,18
26556602,1,VEHICULAR FACTOR,99
26556602,2,HUMAN FACTOR,99
26556602,2,VEHICULAR FACTOR,99
26556602,5,HUMAN FACTOR,99
26556602,5,VEHICULAR FACTOR,99
26566637,1,HUMAN FACTOR,14
26566637,1,VEHICULAR FACTOR,99
26566637,2,HUMAN FACTOR,99
26566637,2,VEHICULAR FACTOR,99
26569661,1,HUMAN FACTOR,1
26569661,1,VEHICULAR FACTOR,99
26579546,1,HUMAN FACTOR,14
26579546,1,VEHICULAR FACTOR,99
26600288,1,HUMAN FACTOR,17
26600288,1,VEHICULAR FACTOR,99
26600288,2,HUMAN FACTOR,99
26600288,2,VEHICULAR FACTOR,99
26602510,1,HUMAN FACTOR,8
26602510,1,VEHICULAR FACTOR,99
26602510,2,HUMAN FACTOR,99
26602510,2,VEHICULAR FACTOR,99
26606444,1,HUMAN FACTOR,12
26606444,1,HUMAN FACTOR,14
26606444,1,VEHICULAR FACTOR,99
26606444,2,HUMAN FACTOR,99
26606444,2,VEHICULAR FACTOR,99
26621685,1,HUMAN FACTOR,99
26621685,1,VEHICULAR FACTOR,99
26621685,2,HUMAN FACTOR,99
26621685,2,VEHICULAR FACTOR,99
26626513,1,HUMAN FACTOR,99
26626513,1,VEHICULAR FACTOR,99
26627903,1,HUMAN FACTOR,4
26627903,1,HUMAN FACTOR,8
26627903,1,VEHICULAR FACTOR,99
26627903,2,HUMAN FACTOR,99
26627903,2,VEHICULAR FACTOR,99
26632430,1,HUMAN FACTOR,99
26632430,1,VEHICULAR FACTOR,99
26632430,2,HUMAN FACTOR,99
26632430,2,VEHICULAR FACTOR,99
26636216,1,HUMAN FACTOR,99
26636216,1,VEHICULAR FACTOR,99
26636216,2,HUMAN FACTOR,99
26636216,2,VEHICULAR FACTOR,99
26637598,1,HUMAN FACTOR,11
26637598,1,HUMAN FACTOR,18
26637598,1,VEHICULAR FACTOR,99
26637598,2,HUMAN FACTOR,99
26637598,2,VEHICULAR FACTOR,99
26637600,1,HUMAN FACTOR,8
26637600,1,VEHICULAR FACTOR,99
26637600,2,HUMAN FACTOR,99
26637600,2,VEHICULAR FACTOR,99
26642185,1,HUMAN FACTOR,17
26642185,1,HUMAN FACTOR,18
26642185,1,VEHICULAR FACTOR,99
26642185,2,HUMAN FACTOR,99
26642185,2,VEHICULAR FACTOR,99
26646619,1,HUMAN FACTOR,99
26646619,1,VEHICULAR FACTOR,99
26646736,2,HUMAN FACTOR,99
26646736,2,VEHICULAR FACTOR,99
26646937,1,HUMAN FACTOR,11
26646937,1,HUMAN FACTOR,18
26646937,1,VEHICULAR FACTOR,99
26646937,2,HUMAN FACTOR,99
26646937,2,VEHICULAR FACTOR,99
26647872,1,HUMAN FACTOR,11
26647872,1,HUMAN FACTOR,22
26647872,1,VEHICULAR FACTOR,99
26647872,2,HUMAN FACTOR,99
26647872,2,VEHICULAR FACTOR,99
26652602,1,HUMAN FACTOR,14
26652602,1,VEHICULAR FACTOR,99
26652602,2,HUMAN FACTOR,99
26652602,2,VEHICULAR FACTOR,99
26652908,1,HUMAN FACTOR,19
26652908,1,VEHICULAR FACTOR,99
26654426,1,HUMAN FACTOR,99
26654426,1,VEHICULAR FACTOR,99
26654426,2,HUMAN FACTOR,11
26654426,2,HUMAN FACTOR,22
26654426,2,VEHICULAR FACTOR,99
26654426,3,HUMAN FACTOR,11
26654426,3,HUMAN FACTOR,14
26654426,3,VEHICULAR FACTOR,99
26654426,4,HUMAN FACTOR,11
26654426,4,HUMAN FACTOR,22
26654426,4,VEHICULAR FACTOR,99
26655128,1,HUMAN FACTOR,14
26655128,1,VEHICULAR FACTOR,99
26655128,2,HUMAN FACTOR,99
26655128,2,VEHICULAR FACTOR,99
26655128,3,HUMAN FACTOR,99
26655128,3,VEHICULAR FACTOR,99
26660715,1,HUMAN FACTOR,14
26660715,1,VEHICULAR FACTOR,99
26660715,2,HUMAN FACTOR,99
26660715,2,VEHICULAR FACTOR,99
26660715,3,HUMAN FACTOR,99
26660715,3,VEHICULAR FACTOR,99
26662632,1,HUMAN FACTOR,14
26662632,1,VEHICULAR FACTOR,99
26662632,2,HUMAN FACTOR,97
26662632,2,VEHICULAR FACTOR,99
26662632,3,HUMAN FACTOR,14
27311419,3,HUMAN FACTOR,99
27311419,3,VEHICULAR FACTOR,99
27317369,1,HUMAN FACTOR,8
27317369,1,HUMAN FACTOR,11
27317369,1,HUMAN FACTOR,18
27317369,1,VEHICULAR FACTOR,99
27317369,2,HUMAN FACTOR,99
27317369,2,VEHICULAR FACTOR,99
27320444,1,HUMAN FACTOR,17
27320444,1,VEHICULAR FACTOR,99
27320444,2,HUMAN FACTOR,99
27320444,2,VEHICULAR FACTOR,99
27323895,1,HUMAN FACTOR,26
27323895,1,HUMAN FACTOR,17
27323895,1,VEHICULAR FACTOR,99
27323895,2,HUMAN FACTOR,99
27323895,2,VEHICULAR FACTOR,99
27326123,1,HUMAN FACTOR,1
27326123,1,HUMAN FACTOR,97
27326123,1,VEHICULAR FACTOR,99
27327973,1,HUMAN FACTOR,17
27327973,1,VEHICULAR FACTOR,99
27327973,2,HUMAN FACTOR,99
27327973,2,VEHICULAR FACTOR,99
27329956,1,HUMAN FACTOR,14
27329956,1,HUMAN FACTOR,18
27329956,1,VEHICULAR FACTOR,99
27329956,2,HUMAN FACTOR,99
27329956,2,VEHICULAR FACTOR,99
27330961,1,HUMAN FACTOR,99
27330961,1,VEHICULAR FACTOR,99
27330961,2,HUMAN FACTOR,99
27330961,2,VEHICULAR FACTOR,99
27334090,1,HUMAN FACTOR,14
27334090,1,HUMAN FACTOR,17
27334090,1,VEHICULAR FACTOR,99
27334090,2,HUMAN FACTOR,99
27334090,2,VEHICULAR FACTOR,99
27335291,1,HUMAN FACTOR,11
27335291,1,HUMAN FACTOR,14
27335291,1,VEHICULAR FACTOR,99
27335291,2,HUMAN FACTOR,99
27335291,2,VEHICULAR FACTOR,99
27340792,1,HUMAN FACTOR,99
27340792,1,VEHICULAR FACTOR,99
27345551,1,HUMAN FACTOR,8
27345551,1,VEHICULAR FACTOR,99
27345551,2,HUMAN FACTOR,99
27345551,2,VEHICULAR FACTOR,99
27349986,1,HUMAN FACTOR,11
27349986,1,VEHICULAR FACTOR,99
27349986,2,HUMAN FACTOR,99
27349986,2,VEHICULAR FACTOR,99
27352393,1,HUMAN FACTOR,19
27352393,1,VEHICULAR FACTOR,99
27352393,2,HUMAN FACTOR,99
27352393,2,VEHICULAR FACTOR,99
27354372,1,HUMAN FACTOR,17
27354372,1,VEHICULAR FACTOR,99
27354372,2,HUMAN FACTOR,99
27354372,2,VEHICULAR FACTOR,99
27354625,1,HUMAN FACTOR,26
27354625,1,VEHICULAR FACTOR,99
27354625,2,HUMAN FACTOR,99
27354625,2,VEHICULAR FACTOR,99
27364968,1,HUMAN FACTOR,99
27364968,1,VEHICULAR FACTOR,99
27364968,2,HUMAN FACTOR,99
27364968,2,VEHICULAR FACTOR,99
27364968,3,HUMAN FACTOR,99
27364968,3,VEHICULAR FACTOR,99
27364968,4,HUMAN FACTOR,99
27364968,4,VEHICULAR FACTOR,99
27368636,1,HUMAN FACTOR,8
27368636,1,VEHICULAR FACTOR,99
27368636,2,HUMAN FACTOR,99
27368636,2,VEHICULAR FACTOR,99
27376799,1,HUMAN FACTOR,14
27376799,1,VEHICULAR FACTOR,99
27376799,2,HUMAN FACTOR,99
27376799,2,VEHICULAR FACTOR,99
27377585,1,HUMAN FACTOR,14
27377585,1,VEHICULAR FACTOR,99
27377585,2,HUMAN FACTOR,99
27377585,2,VEHICULAR FACTOR,99
27378913,1,HUMAN FACTOR,99
27378913,1,VEHICULAR FACTOR,99
27378913,2,HUMAN FACTOR,99
27378913,2,VEHICULAR FACTOR,99
27386600,1,HUMAN FACTOR,17
27386600,1,VEHICULAR FACTOR,99
27395330,2,HUMAN FACTOR,99
27395330,2,VEHICULAR FACTOR,99
27396831,1,HUMAN FACTOR,14
27396831,1,HUMAN FACTOR,19
27396831,1,HUMAN FACTOR,22
27396831,1,VEHICULAR FACTOR,99
27396831,2,HUMAN FACTOR,99
27396831,2,VEHICULAR FACTOR,99
27400918,1,HUMAN FACTOR,16
27400918,1,VEHICULAR FACTOR,99
27405970,1,HUMAN FACTOR,18
27405970,1,VEHICULAR FACTOR,99
27405970,2,HUMAN FACTOR,99
27405970,2,VEHICULAR FACTOR,99
27405989,1,HUMAN FACTOR,17
27405989,1,VEHICULAR FACTOR,99
27405989,2,HUMAN FACTOR,99
27405989,2,VEHICULAR FACTOR,99
27410303,1,HUMAN FACTOR,11
27410303,1,VEHICULAR FACTOR,99
27410303,2,HUMAN FACTOR,11
27410303,2,VEHICULAR FACTOR,99
27413091,1,HUMAN FACTOR,23
27413091,1,VEHICULAR FACTOR,99
27413091,2,HUMAN FACTOR,99
27413091,2,VEHICULAR FACTOR,99
27420858,1,HUMAN FACTOR,97
27420858,1,VEHICULAR FACTOR,99
27420858,2,HUMAN FACTOR,99
27420858,2,VEHICULAR FACTOR,99
27423604,1,HUMAN FACTOR,8
27423604,1,VEHICULAR FACTOR,99
27423604,2,HUMAN FACTOR,99
27423604,2,VEHICULAR FACTOR,99
27424646,1,HUMAN FACTOR,14
27424646,1,HUMAN FACTOR,18
27424646,1,VEHICULAR FACTOR,99
27424646,2,HUMAN FACTOR,99
27424646,2,VEHICULAR FACTOR,99
27425905,1,HUMAN FACTOR,14
27425905,1,HUMAN FACTOR,97
27425905,1,VEHICULAR FACTOR,99
27425905,2,HUMAN FACTOR,99
27425905,2,VEHICULAR FACTOR,99
27425905,3,HUMAN FACTOR,99
26451086,1,ENVIRON FACTOR,2
26451086,1,DRIVER DISTRACTED BY,2
26451086,2,ENVIRON FACTOR,2
26451086,3,ENVIRON FACTOR,2
26467955,1,ENVIRON FACTOR,2
26467955,2,ENVIRON FACTOR,99
26470150,1,ENVIRON FACTOR,17
26470150,1,ENVIRON FACTOR,2
26470150,2,ENVIRON FACTOR,17
26470150,2,ENVIRON FACTOR,2
26472140,1,ENVIRON FACTOR,2
26472140,2,ENVIRON FACTOR,99
26472140,3,ENVIRON FACTOR,99
26472763,1,ENVIRON FACTOR,2
26472763,2,ENVIRON FACTOR,2
26473617,1,ENVIRON FACTOR,2
26473617,2,ENVIRON FACTOR,2
26484436,1,ENVIRON FACTOR,2
26484436,2,ENVIRON FACTOR,2
26485657,1,ENVIRON FACTOR,2
26485657,1,ENVIRON FACTOR,6
26485657,2,ENVIRON FACTOR,16
26491246,1,ENVIRON FACTOR,2
26491246,2,ENVIRON FACTOR,99
26493238,1,ENVIRON FACTOR,2
26493238,2,ENVIRON FACTOR,2
26493238,3,ENVIRON FACTOR,2
26493238,4,ENVIRON FACTOR,2
26493392,1,ENVIRON FACTOR,2
26508115,1,ENVIRON FACTOR,2
26508115,2,ENVIRON FACTOR,99
26508936,1,ENVIRON FACTOR,2
26508936,2,ENVIRON FACTOR,2
26509453,1,ENVIRON FACTOR,17
26509453,1,ENVIRON FACTOR,2
26509453,2,ENVIRON FACTOR,2
26509453,3,ENVIRON FACTOR,17
26509453,3,ENVIRON FACTOR,2
26526137,1,ENVIRON FACTOR,17
26526137,1,ENVIRON FACTOR,2
26526137,2,ENVIRON FACTOR,17
26526137,2,ENVIRON FACTOR,2
26527980,1,ENVIRON FACTOR,2
26527980,1,ENVIRON FACTOR,14
26527980,2,ENVIRON FACTOR,2
26528028,1,ENVIRON FACTOR,2
26528028,2,ENVIRON FACTOR,2
26541881,1,ENVIRON FACTOR,2
26542408,1,ENVIRON FACTOR,2
26542408,1,ENVIRON FACTOR,11
26542408,2,ENVIRON FACTOR,2
26542408,2,ENVIRON FACTOR,11
26547892,1,ENVIRON FACTOR,2
26547892,1,ENVIRON FACTOR,11
26548373,1,ENVIRON FACTOR,2
26548373,2,ENVIRON FACTOR,2
26556602,1,ENVIRON FACTOR,2
26556602,2,ENVIRON FACTOR,2
26556602,5,ENVIRON FACTOR,2
26566637,1,ENVIRON FACTOR,2
26566637,2,ENVIRON FACTOR,2
26569661,1,ENVIRON FACTOR,2
26579546,1,ENVIRON FACTOR,2
26600288,1,ENVIRON FACTOR,2
26600288,2,ENVIRON FACTOR,2
26602510,1,ENVIRON FACTOR,2
26602510,1,ENVIRON FACTOR,12
26602510,2,ENVIRON FACTOR,2
26606444,1,ENVIRON FACTOR,2
26606444,2,ENVIRON FACTOR,99
26621685,1,ENVIRON FACTOR,17
26621685,1,ENVIRON FACTOR,2
26621685,2,ENVIRON FACTOR,17
26621685,2,ENVIRON FACTOR,2
26626513,1,ENVIRON FACTOR,2
26626513,1,ENVIRON FACTOR,3
26627903,1,ENVIRON FACTOR,2
26627903,1,DRIVER DISTRACTED BY,3
26627903,2,ENVIRON FACTOR,2
26632430,1,ENVIRON FACTOR,99
26632430,2,ENVIRON FACTOR,2
26636216,1,ENVIRON FACTOR,2
26636216,2,ENVIRON FACTOR,2
26637598,1,ENVIRON FACTOR,2
26637598,2,ENVIRON FACTOR,99
26637600,1,ENVIRON FACTOR,2
26637600,2,ENVIRON FACTOR,99
26642185,1,ENVIRON FACTOR,2
26642185,2,ENVIRON FACTOR,2
27129312,1,ENVIRON FACTOR,14
27129312,2,ENVIRON FACTOR,2
27136041,1,ENVIRON FACTOR,9
27136041,2,ENVIRON FACTOR,2
27138350,1,ENVIRON FACTOR,2
27138350,2,ENVIRON FACTOR,99
27141039,1,ENVIRON FACTOR,2
27141039,1,ENVIRON FACTOR,14
27146806,1,ENVIRON FACTOR,2
27153880,1,ENVIRON FACTOR,2
27153880,2,ENVIRON FACTOR,2
27155827,1,ENVIRON FACTOR,2
27155827,2,ENVIRON FACTOR,17
27155827,2,ENVIRON FACTOR,2
27157294,1,ENVIRON FACTOR,2
27157294,1,ENVIRON FACTOR,11
27164144,1,ENVIRON FACTOR,2
27164144,2,ENVIRON FACTOR,2
27164148,1,ENVIRON FACTOR,2
27164148,1,DRIVER DISTRACTED BY,4
27164645,1,ENVIRON FACTOR,2
27164645,2,ENVIRON FACTOR,2
27166486,1,ENVIRON FACTOR,17
27166486,1,ENVIRON FACTOR,2
27166486,2,ENVIRON FACTOR,17
27166486,2,ENVIRON FACTOR,2
27170741,1,ENVIRON FACTOR,2
27170741,1,ENVIRON FACTOR,6
27173199,1,ENVIRON FACTOR,2
27173199,2,ENVIRON FACTOR,2
27175838,1,ENVIRON FACTOR,2
27175838,2,ENVIRON FACTOR,99
27177889,1,ENVIRON FACTOR,2
27177889,1,DRIVER DISTRACTED BY,4
27177889,2,ENVIRON FACTOR,2
27177889,3,ENVIRON FACTOR,2
27177984,1,ENVIRON FACTOR,2
27177984,2,ENVIRON FACTOR,2
27177985,1,ENVIRON FACTOR,2
27177985,2,ENVIRON FACTOR,99
27179664,1,ENVIRON FACTOR,2
27179664,2,ENVIRON FACTOR,2
27184811,1,ENVIRON FACTOR,2
27184811,2,ENVIRON FACTOR,2
27186655,1,ENVIRON FACTOR,17
27186655,1,ENVIRON FACTOR,2
27186655,2,ENVIRON FACTOR,17
27186655,2,ENVIRON FACTOR,2
27186655,3,ENVIRON FACTOR,17
27186655,3,ENVIRON FACTOR,2
27188589,1,ENVIRON FACTOR,2
27188589,2,ENVIRON FACTOR,99
27188830,1,ENVIRON FACTOR,2
27189138,1,ENVIRON FACTOR,17
27189138,1,ENVIRON FACTOR,2
27189138,2,ENVIRON FACTOR,17
27189138,2,ENVIRON FACTOR,2
27189138,3,ENVIRON FACTOR,17
27189138,3,ENVIRON FACTOR,2
27189142,1,ENVIRON FACTOR,17
27189142,1,ENVIRON FACTOR,2
27189142,2,ENVIRON FACTOR,17
27189142,2,ENVIRON FACTOR,2
27190866,1,ENVIRON FACTOR,2
27190866,2,ENVIRON FACTOR,99
27192309,1,ENVIRON FACTOR,2
27192309,2,ENVIRON FACTOR,99
27198060,1,ENVIRON FACTOR,99
27198060,2,ENVIRON FACTOR,2
27199164,1,ENVIRON FACTOR,2
27199164,2,ENVIRON FACTOR,2
27199678,1,ENVIRON FACTOR,17
27199678,1,ENVIRON FACTOR,2
27199678,2,ENVIRON FACTOR,17
27199678,2,ENVIRON FACTOR,2
27201585,1,ENVIRON FACTOR,2
27201585,2,ENVIRON FACTOR,99
27202013,1,ENVIRON FACTOR,2
27202013,2,ENVIRON FACTOR,2
27209927,1,ENVIRON FACTOR,2
27209927,2,ENVIRON FACTOR,2
27211345,1,ENVIRON FACTOR,2
27211345,2,ENVIRON FACTOR,2
27211345,3,ENVIRON FACTOR,2
27211345,4,ENVIRON FACTOR,2
27211346,1,ENVIRON FACTOR,17
27211346,1,ENVIRON FACTOR,2
27211346,2,ENVIRON FACTOR,17
27211346,2,ENVIRON FACTOR,2
27211350,1,ENVIRON FACTOR,2
27211350,2,ENVIRON FACTOR,2
27211350,3,ENVIRON FACTOR,2
27215036,1,ENVIRON FACTOR,2
27215036,2,ENVIRON FACTOR,2
27215777,1,ENVIRON FACTOR,2
27215777,2,ENVIRON FACTOR,2
27216256,1,ENVIRON FACTOR,2
27216256,2,ENVIRON FACTOR,2
27218579,1,ENVIRON FACTOR,2
27218579,2,ENVIRON FACTOR,17
27218579,2,ENVIRON FACTOR,2
27218580,1,ENVIRON FACTOR,17
27218580,1,ENVIRON FACTOR,2
27218580,2,ENVIRON FACTOR,17
27218580,2,ENVIRON FACTOR,2
27220917,1,ENVIRON FACTOR,2
27220917,1,DRIVER DISTRACTED BY,3
27220917,2,ENVIRON FACTOR,2
27227840,1,ENVIRON FACTOR,2
27227840,2,ENVIRON FACTOR,2
27227987,1,ENVIRON FACTOR,2
27227987,2,ENVIRON FACTOR,2
27228749,1,ENVIRON FACTOR,2
27228749,2,ENVIRON FACTOR,99
27230929,1,ENVIRON FACTOR,2
27230929,2,ENVIRON FACTOR,99
27235344,1,ENVIRON FACTOR,2
27235344,2,ENVIRON FACTOR,2
27241304,1,ENVIRON FACTOR,99
27241304,2,ENVIRON FACTOR,2
27243522,1,ENVIRON FACTOR,17
27243522,1,ENVIRON FACTOR,2
27243522,2,ENVIRON FACTOR,17
27243522,2,ENVIRON FACTOR,2
27244610,1,ENVIRON FACTOR,2
27244610,2,ENVIRON FACTOR,99
27254278,1,ENVIRON FACTOR,17
27254278,1,ENVIRON FACTOR,2
27254278,2,ENVIRON FACTOR,17
27254278,2,ENVIRON FACTOR,2
27255640,1,ENVIRON FACTOR,2
27255640,2,ENVIRON FACTOR,99
27260002,1,ENVIRON FACTOR,17
27260002,1,ENVIRON FACTOR,2
27260002,2,ENVIRON FACTOR,17
27260002,2,ENVIRON FACTOR,2
27261690,1,ENVIRON FACTOR,2
27262113,1,ENVIRON FACTOR,2
27262779,1,ENVIRON FACTOR,2
27262981,1,ENVIRON FACTOR,2
27267227,1,ENVIRON FACTOR,2
27267227,1,ENVIRON FACTOR,3
27267673,1,ENVIRON FACTOR,2
27267673,2,ENVIRON FACTOR,99
27267698,1,ENVIRON FACTOR,2
27267698,1,ENVIRON FACTOR,6
27276785,1,ENVIRON FACTOR,17
27276785,1,ENVIRON FACTOR,2
27276785,2,ENVIRON FACTOR,17
27276785,2,ENVIRON FACTOR,2
27278912,1,ENVIRON FACTOR,2
27278912,2,ENVIRON FACTOR,2
27282266,1,ENVIRON FACTOR,2
27282266,2,ENVIRON FACTOR,2
27284524,1,ENVIRON FACTOR,2
27286665,1,ENVIRON FACTOR,2
27286665,1,DRIVER DISTRACTED BY,5
27286665,2,ENVIRON FACTOR,97
27291370,1,ENVIRON FACTOR,2
27292945,1,ENVIRON FACTOR,2
27292945,2,ENVIRON FACTOR,2
27292945,3,ENVIRON FACTOR,2
27302038,1,ENVIRON FACTOR,2
27302038,2,ENVIRON FACTOR,2
27311419,1,ENVIRON FACTOR,2
27311419,2,ENVIRON FACTOR,2
27311419,3,ENVIRON FACTOR,2
27311419,3,ENVIRON FACTOR,8
27317369,1,ENVIRON FACTOR,2
27317369,2,ENVIRON FACTOR,2
27320444,1,ENVIRON FACTOR,17
27320444,1,ENVIRON FACTOR,2
27320444,2,ENVIRON FACTOR,17
27320444,2,ENVIRON FACTOR,2
27323895,1,ENVIRON FACTOR,2
27323895,2,ENVIRON FACTOR,99
27326123,1,ENVIRON FACTOR,2
27327973,1,ENVIRON FACTOR,2
27327973,2,ENVIRON FACTOR,2
27329956,1,ENVIRON FACTOR,2
27329956,2,ENVIRON FACTOR,2
27330961,1,ENVIRON FACTOR,2
27330961,1,ENVIRON FACTOR,9
27330961,2,ENVIRON FACTOR,2
27330961,2,ENVIRON FACTOR,9
27334090,1,ENVIRON FACTOR,2
27334090,2,ENVIRON FACTOR,99
27335291,1,ENVIRON FACTOR,2
27335291,1,ENVIRON FACTOR,16
27335291,2,ENVIRON FACTOR,99
27340792,1,ENVIRON FACTOR,2
27345551,1,ENVIRON FACTOR,2
27345551,2,ENVIRON FACTOR,99
27349986,1,ENVIRON FACTOR,2
27349986,2,ENVIRON FACTOR,2
27352393,1,ENVIRON FACTOR,2
27352393,1,ENVIRON FACTOR,11
27352393,2,ENVIRON FACTOR,2
27352393,2,ENVIRON FACTOR,11
27354372,1,ENVIRON FACTOR,2
27354372,2,ENVIRON FACTOR,99
27354625,1,ENVIRON FACTOR,2
27354625,1,ENVIRON FACTOR,9
27354625,2,ENVIRON FACTOR,16
27364968,1,ENVIRON FACTOR,2
27364968,1,ENVIRON FACTOR,11
27364968,2,ENVIRON FACTOR,11
27364968,3,ENVIRON FACTOR,11
27364968,4,ENVIRON FACTOR,11
27368636,1,ENVIRON FACTOR,2
27368636,2,ENVIRON FACTOR,2
27376799,1,ENVIRON FACTOR,2
27376799,2,ENVIRON FACTOR,99
27377585,1,ENVIRON FACTOR,2
27377585,2,ENVIRON FACTOR,2
27378913,1,ENVIRON FACTOR,2
27378913,2,ENVIRON FACTOR,2
27386600,1,ENVIRON FACTOR,2
27386600,1,ENVIRON FACTOR,9
27395330,2,ENVIRON FACTOR,2
27396831,1,ENVIRON FACTOR,2
27396831,1,ENVIRON FACTOR,11
27396831,2,ENVIRON FACTOR,2
27396831,2,ENVIRON FACTOR,11
27400918,1,ENVIRON FACTOR,2
27400918,1,ENVIRON FACTOR,6
27405970,1,ENVIRON FACTOR,2
27405970,2,ENVIRON FACTOR,99
27405989,1,ENVIRON FACTOR,2
27405989,2,ENVIRON FACTOR,2
27410303,1,ENVIRON FACTOR,2
27410303,2,ENVIRON FACTOR,2
27413091,1,ENVIRON FACTOR,2
27413091,2,ENVIRON FACTOR,99
27420858,1,ENVIRON FACTOR,2
27420858,2,ENVIRON FACTOR,99
27423604,1,ENVIRON FACTOR,2
27423604,2,ENVIRON FACTOR,99
27424646,1,ENVIRON FACTOR,2
27424646,2,ENVIRON FACTOR,2
27425905,1,ENVIRON FACTOR,17
27425905,1,ENVIRON FACTOR,2
27425905,2,ENVIRON FACTOR,17
27425905,2,ENVIRON FACTOR,2
27425905,3,ENVIRON FACTOR,17
27425905,3,ENVIRON FACTOR,2
27425905,4,ENVIRON FACTOR,17
27425905,4,ENVIRON FACTOR,2
27425905,5,ENVIRON FACTOR,17
27425905,5,ENVIRON FACTOR,2
27426108,1,ENVIRON FACTOR,2
27427976,1,ENVIRON FACTOR,2
27427976,1,DRIVER DISTRACTED BY,1
27427976,2,ENVIRON FACTOR,2
27427976,3,ENVIRON FACTOR,2
27427976,4,ENVIRON FACTOR,2
27434181,1,ENVIRON FACTOR,2
27434181,2,ENVIRON FACTOR,2
27438258,1,ENVIRON FACTOR,2
27443767,1,ENVIRON FACTOR,2
27443767,1,ENVIRON FACTOR,3
27443767,2,ENVIRON FACTOR,2
27443767,2,ENVIRON FACTOR,3
27443850,1,ENVIRON FACTOR,2
27443850,2,ENVIRON FACTOR,2
27443850,2,ENVIRON FACTOR,10
27461524,1,ENVIRON FACTOR,2
27461524,2,ENVIRON FACTOR,2
27461524,3,ENVIRON FACTOR,2
27461524,4,ENVIRON FACTOR,2
27461524,5,ENVIRON FACTOR,2
27461678,1,ENVIRON FACTOR,2
27461678,1,ENVIRON FACTOR,4
27463732,1,ENVIRON FACTOR,2
27463732,2,ENVIRON FACTOR,2
27466030,1,ENVIRON FACTOR,2
27466030,2,ENVIRON FACTOR,2
27466066,1,ENVIRON FACTOR,2
27471219,1,ENVIRON FACTOR,2
27471219,2,ENVIRON FACTOR,2
27471219,3,ENVIRON FACTOR,2
27476960,1,ENVIRON FACTOR,2
27476960,2,ENVIRON FACTOR,2
27480238,1,ENVIRON FACTOR,2
27480238,2,ENVIRON FACTOR,2
27480403,1,ENVIRON FACTOR,2
27480403,2,ENVIRON FACTOR,2
27498056,1,ENVIRON FACTOR,2
27498056,2,ENVIRON FACTOR,2
27513565,1,ENVIRON FACTOR,2
27513565,2,ENVIRON FACTOR,2
27514358,1,ENVIRON FACTOR,2
27514358,2,ENVIRON FACTOR,2
27516989,1,ENVIRON FACTOR,2
27516989,2,ENVIRON FACTOR,2
27516989,3,ENVIRON FACTOR,2
27516989,4,ENVIRON FACTOR,2
27516991,1,ENVIRON FACTOR,2
27516991,2,ENVIRON FACTOR,2
27517074,1,ENVIRON FACTOR,2
27517074,2,ENVIRON FACTOR,2
27522395,1,ENVIRON FACTOR,2
27525047,1,ENVIRON FACTOR,7
27525047,2,ENVIRON FACTOR,2
27526435,1,ENVIRON FACTOR,17
27526435,1,ENVIRON FACTOR,2
27526435,2,ENVIRON FACTOR,99
27528768,1,ENVIRON FACTOR,2
27528768,2,ENVIRON FACTOR,2
27541295,1,ENVIRON FACTOR,2
27541295,2,ENVIRON FACTOR,99
27548161,1,ENVIRON FACTOR,2
27548161,2,ENVIRON FACTOR,2
27554549,1,ENVIRON FACTOR,2
27554769,1,ENVIRON FACTOR,2
27554769,2,ENVIRON FACTOR,2
27562126,1,ENVIRON FACTOR,2
27562126,2,ENVIRON FACTOR,2
27562921,1,ENVIRON FACTOR,2
27562921,2,ENVIRON FACTOR,2
27568381,1,ENVIRON FACTOR,17
27568381,1,ENVIRON FACTOR,2
27568381,2,ENVIRON FACTOR,99
27572802,1,ENVIRON FACTOR,2
27572802,2,ENVIRON FACTOR,99
27576317,1,ENVIRON FACTOR,2
27576605,1,ENVIRON FACTOR,2
27576605,1,ENVIRON FACTOR,12
27576605,2,ENVIRON FACTOR,2
27576611,1,ENVIRON FACTOR,2
27583373,1,ENVIRON FACTOR,2
27588909,1,ENVIRON FACTOR,2
27588909,1,ENVIRON FACTOR,97
27590249,1,ENVIRON FACTOR,17
27590249,1,ENVIRON FACTOR,2
27590249,2,ENVIRON FACTOR,17
27590249,2,ENVIRON FACTOR,2
27591189,1,ENVIRON FACTOR,2
27591189,2,ENVIRON FACTOR,2
27622376,1,ENVIRON FACTOR,99
27622376,2,ENVIRON FACTOR,99
27622376,3,ENVIRON FACTOR,17
27622376,3,ENVIRON FACTOR,2
27624848,1,ENVIRON FACTOR,2
27626519,1,ENVIRON FACTOR,2
27626519,1,ENVIRON FACTOR,11
27626519,2,ENVIRON FACTOR,2
27626519,2,ENVIRON FACTOR,11
27626519,3,ENVIRON FACTOR,2
27626519,3,ENVIRON FACTOR,11
27637231,1,ENVIRON FACTOR,2
27637231,1,ENVIRON FACTOR,9
27655143,1,ENVIRON FACTOR,2
27753117,1,ENVIRON FACTOR,2
27753117,1,ENVIRON FACTOR,9
27753117,2,ENVIRON FACTOR,2
27753117,2,ENVIRON FACTOR,9
27900151,1,ENVIRON FACTOR,2
27900151,2,ENVIRON FACTOR,2
27900151,3,ENVIRON FACTOR,2
27901137,1,ENVIRON FACTOR,2
27901137,2,ENVIRON FACTOR,99
27946778,1,ENVIRON FACTOR,99
27946778,2,ENVIRON FACTOR,2
27946778,2,ENVIRON FACTOR,99
28473452,1,ENVIRON FACTOR,2
28473452,2,ENVIRON FACTOR,9
26646619,1,ENVIRON FACTOR,2
26646736,2,ENVIRON FACTOR,2
26646736,2,ENVIRON FACTOR,11
26646937,1,ENVIRON FACTOR,2
26646937,2,ENVIRON FACTOR,2
26647872,1,ENVIRON FACTOR,2
26647872,2,ENVIRON FACTOR,2
26652602,1,ENVIRON FACTOR,2
26652602,2,ENVIRON FACTOR,2
26652908,1,ENVIRON FACTOR,2
26654426,1,ENVIRON FACTOR,2
26654426,2,ENVIRON FACTOR,2
26654426,3,ENVIRON FACTOR,2
26654426,4,ENVIRON FACTOR,2
26655128,1,ENVIRON FACTOR,2
26655128,2,ENVIRON FACTOR,2
26655128,3,ENVIRON FACTOR,2
26660715,1,ENVIRON FACTOR,2
26660715,2,ENVIRON FACTOR,2
26660715,3,ENVIRON FACTOR,2
26662632,1,ENVIRON FACTOR,2
26662632,2,ENVIRON FACTOR,2
26662632,3,ENVIRON FACTOR,2
26666439,1,ENVIRON FACTOR,2
26666439,2,ENVIRON FACTOR,2
26669772,2,ENVIRON FACTOR,2
26669772,2,ENVIRON FACTOR,13
26669772,3,ENVIRON FACTOR,2
26669772,3,ENVIRON FACTOR,13
26671159,1,ENVIRON FACTOR,2
26674106,1,ENVIRON FACTOR,2
26674106,2,ENVIRON FACTOR,99
26674772,2,ENVIRON FACTOR,2
26682647,1,ENVIRON FACTOR,2
26683028,1,ENVIRON FACTOR,2
26683028,2,ENVIRON FACTOR,2
26689209,1,ENVIRON FACTOR,2
26689209,2,ENVIRON FACTOR,2
26697302,1,ENVIRON FACTOR,99
26697302,2,ENVIRON FACTOR,2
26698409,1,ENVIRON FACTOR,2
26701461,1,ENVIRON FACTOR,2
26701461,2,ENVIRON FACTOR,2
26705623,1,ENVIRON FACTOR,2
26705623,2,ENVIRON FACTOR,2
26705729,1,ENVIRON FACTOR,2
26707335,1,ENVIRON FACTOR,2
26708418,1,ENVIRON FACTOR,17
26708418,1,ENVIRON FACTOR,2
26708418,1,DRIVER DISTRACTED BY,3
26708418,2,ENVIRON FACTOR,2
26711560,1,ENVIRON FACTOR,2
26715684,1,ENVIRON FACTOR,2
26715684,2,ENVIRON FACTOR,2
26715684,3,ENVIRON FACTOR,2
26717044,1,ENVIRON FACTOR,2
26717044,2,ENVIRON FACTOR,2
26717911,1,ENVIRON FACTOR,2
26717911,2,ENVIRON FACTOR,99
26723347,1,ENVIRON FACTOR,2
26725336,1,ENVIRON FACTOR,2
26725336,2,ENVIRON FACTOR,2
26741868,1,ENVIRON FACTOR,2
26743190,1,ENVIRON FACTOR,2
26743190,2,ENVIRON FACTOR,2
26745219,1,ENVIRON FACTOR,2
26745219,1,ENVIRON FACTOR,11
26745219,2,ENVIRON FACTOR,99
26746212,1,ENVIRON FACTOR,2
26746212,2,ENVIRON FACTOR,97
26746479,1,ENVIRON FACTOR,2
26746479,2,ENVIRON FACTOR,99
26746479,3,ENVIRON FACTOR,99
26746479,4,ENVIRON FACTOR,9
26752968,1,ENVIRON FACTOR,2
26752968,2,ENVIRON FACTOR,2
26757618,1,ENVIRON FACTOR,2
26757901,1,ENVIRON FACTOR,2
26757901,2,ENVIRON FACTOR,2
26759066,1,ENVIRON FACTOR,2
26759066,2,ENVIRON FACTOR,2
26759066,3,ENVIRON FACTOR,2
26764703,1,ENVIRON FACTOR,99
26764703,2,ENVIRON FACTOR,2
26765240,1,ENVIRON FACTOR,2
26765240,2,ENVIRON FACTOR,99
26769598,1,ENVIRON FACTOR,2
26769598,1,DRIVER DISTRACTED BY,1
26769598,2,ENVIRON FACTOR,2
26781374,1,ENVIRON FACTOR,2
26781374,1,DRIVER DISTRACTED BY,5
26781399,1,ENVIRON FACTOR,2
26781399,2,ENVIRON FACTOR,99
26781816,1,ENVIRON FACTOR,2
26783066,1,ENVIRON FACTOR,2
26783066,2,ENVIRON FACTOR,99
26783812,1,ENVIRON FACTOR,2
26783812,2,ENVIRON FACTOR,2
26786236,1,ENVIRON FACTOR,2
26786236,2,ENVIRON FACTOR,2
26786236,3,ENVIRON FACTOR,2
26791538,1,ENVIRON FACTOR,2
26791562,1,ENVIRON FACTOR,2
26791562,2,ENVIRON FACTOR,9
26795672,1,ENVIRON FACTOR,2
26795672,2,ENVIRON FACTOR,2
26799264,1,ENVIRON FACTOR,2
26799264,2,ENVIRON FACTOR,2
26801314,1,ENVIRON FACTOR,2
26801314,2,ENVIRON FACTOR,2
26801318,1,ENVIRON FACTOR,2
26801318,2,ENVIRON FACTOR,99
26806456,1,ENVIRON FACTOR,2
26806456,1,DRIVER DISTRACTED BY,5
26806456,2,ENVIRON FACTOR,2
26806907,1,ENVIRON FACTOR,17
26806907,1,ENVIRON FACTOR,2
26806907,2,ENVIRON FACTOR,17
26806907,2,ENVIRON FACTOR,2
26824982,1,ENVIRON FACTOR,2
26824982,2,ENVIRON FACTOR,2
26835667,1,ENVIRON FACTOR,2
26835667,1,ENVIRON FACTOR,12
26835667,2,ENVIRON FACTOR,99
26835749,1,ENVIRON FACTOR,2
26835749,2,ENVIRON FACTOR,2
26836129,1,ENVIRON FACTOR,2
26836129,1,ENVIRON FACTOR,11
26836129,2,ENVIRON FACTOR,3
26836129,2,ENVIRON FACTOR,11
26841029,1,ENVIRON FACTOR,2
26841029,2,ENVIRON FACTOR,99
26844390,1,ENVIRON FACTOR,2
26847656,1,ENVIRON FACTOR,2
26847656,2,ENVIRON FACTOR,99
27425905,3,VEHICULAR FACTOR,99
27425905,4,HUMAN FACTOR,99
27425905,4,VEHICULAR FACTOR,99
27425905,5,HUMAN FACTOR,99
27425905,5,VEHICULAR FACTOR,99
27426108,1,VEHICULAR FACTOR,99
27427976,1,HUMAN FACTOR,2
27427976,1,HUMAN FACTOR,4
27427976,1,VEHICULAR FACTOR,99
27427976,2,HUMAN FACTOR,99
27427976,2,VEHICULAR FACTOR,99
27427976,3,HUMAN FACTOR,99
27427976,3,VEHICULAR FACTOR,99
27427976,4,HUMAN FACTOR,99
27427976,4,VEHICULAR FACTOR,99
27434181,1,HUMAN FACTOR,14
27434181,1,VEHICULAR FACTOR,99
27434181,2,HUMAN FACTOR,99
27434181,2,VEHICULAR FACTOR,99
27438258,1,HUMAN FACTOR,17
27438258,1,VEHICULAR FACTOR,99
27443767,1,HUMAN FACTOR,18
27443767,1,VEHICULAR FACTOR,99
27443767,2,HUMAN FACTOR,99
27443767,2,VEHICULAR FACTOR,99
27443850,1,HUMAN FACTOR,99
27443850,1,VEHICULAR FACTOR,99
27443850,2,HUMAN FACTOR,99
27443850,2,VEHICULAR FACTOR,99
27461524,1,HUMAN FACTOR,99
27461524,1,VEHICULAR FACTOR,99
27461524,2,HUMAN FACTOR,99
27461524,2,VEHICULAR FACTOR,99
27461524,3,HUMAN FACTOR,11
27461524,3,VEHICULAR FACTOR,99
27461524,4,HUMAN FACTOR,99
27461524,4,VEHICULAR FACTOR,99
27461524,5,HUMAN FACTOR,11
27461524,5,VEHICULAR FACTOR,99
27461678,1,HUMAN FACTOR,99
27461678,1,VEHICULAR FACTOR,99
27463732,1,HUMAN FACTOR,11
27463732,1,VEHICULAR FACTOR,99
27463732,2,HUMAN FACTOR,99
27463732,2,VEHICULAR FACTOR,99
27466030,1,HUMAN FACTOR,14
27466030,1,VEHICULAR FACTOR,99
27466030,2,HUMAN FACTOR,99
27466030,2,VEHICULAR FACTOR,99
27466066,1,HUMAN FACTOR,14
27466066,1,VEHICULAR FACTOR,99
27471219,1,HUMAN FACTOR,14
27471219,1,HUMAN FACTOR,17
27471219,1,VEHICULAR FACTOR,99
27471219,2,HUMAN FACTOR,99
27471219,2,VEHICULAR FACTOR,99
27471219,3,HUMAN FACTOR,99
27471219,3,VEHICULAR FACTOR,99
27476960,1,HUMAN FACTOR,17
27476960,1,VEHICULAR FACTOR,99
27476960,2,HUMAN FACTOR,99
27476960,2,VEHICULAR FACTOR,99
27480238,1,HUMAN FACTOR,99
27480238,1,VEHICULAR FACTOR,99
27480238,2,HUMAN FACTOR,99
27480238,2,VEHICULAR FACTOR,99
27480403,1,HUMAN FACTOR,17
27480403,1,VEHICULAR FACTOR,99
27480403,2,HUMAN FACTOR,99
27480403,2,VEHICULAR FACTOR,99
27498056,1,HUMAN FACTOR,14
27498056,1,VEHICULAR FACTOR,99
27498056,2,HUMAN FACTOR,99
27498056,2,VEHICULAR FACTOR,99
27513565,1,HUMAN FACTOR,99
27513565,1,VEHICULAR FACTOR,99
27513565,2,HUMAN FACTOR,99
27513565,2,VEHICULAR FACTOR,99
27514358,1,HUMAN FACTOR,11
27514358,1,HUMAN FACTOR,14
27514358,1,VEHICULAR FACTOR,99
27514358,2,HUMAN FACTOR,99
27514358,2,VEHICULAR FACTOR,99
27516989,1,HUMAN FACTOR,11
27516989,1,VEHICULAR FACTOR,99
27516989,2,HUMAN FACTOR,99
27516989,2,VEHICULAR FACTOR,99
27516989,3,HUMAN FACTOR,99
27516989,3,VEHICULAR FACTOR,99
27516989,4,HUMAN FACTOR,99
27516989,4,VEHICULAR FACTOR,99
27516991,1,HUMAN FACTOR,17
27516991,1,VEHICULAR FACTOR,99
27516991,2,HUMAN FACTOR,99
27516991,2,VEHICULAR FACTOR,99
27517074,1,HUMAN FACTOR,99
27517074,1,VEHICULAR FACTOR,99
27517074,2,HUMAN FACTOR,99
27517074,2,VEHICULAR FACTOR,99
27522395,1,HUMAN FACTOR,17
27522395,1,VEHICULAR FACTOR,99
27525047,1,HUMAN FACTOR,17
27525047,1,VEHICULAR FACTOR,99
27525047,2,HUMAN FACTOR,99
27525047,2,VEHICULAR FACTOR,99
27526435,1,HUMAN FACTOR,11
27526435,1,VEHICULAR FACTOR,99
27526435,2,HUMAN FACTOR,99
27526435,2,VEHICULAR FACTOR,99
27528768,1,HUMAN FACTOR,8
27528768,1,VEHICULAR FACTOR,99
27528768,2,HUMAN FACTOR,99
27528768,2,VEHICULAR FACTOR,99
27541295,1,HUMAN FACTOR,14
27541295,1,VEHICULAR FACTOR,99
27541295,2,HUMAN FACTOR,99
27541295,2,VEHICULAR FACTOR,99
27548161,1,HUMAN FACTOR,14
27548161,1,VEHICULAR FACTOR,99
27548161,2,HUMAN FACTOR,99
27548161,2,VEHICULAR FACTOR,99
27554549,1,HUMAN FACTOR,9
27554549,1,HUMAN FACTOR,10
27554549,1,VEHICULAR FACTOR,99
27554769,1,HUMAN FACTOR,17
27554769,1,VEHICULAR FACTOR,99
27554769,2,HUMAN FACTOR,99
27554769,2,VEHICULAR FACTOR,99
27562126,1,HUMAN FACTOR,1
27562126,1,HUMAN FACTOR,7
27562126,1,VEHICULAR FACTOR,99
27562126,2,HUMAN FACTOR,99
27562126,2,VEHICULAR FACTOR,99
27562921,1,HUMAN FACTOR,8
27562921,1,HUMAN FACTOR,14
27562921,1,VEHICULAR FACTOR,99
27562921,2,HUMAN FACTOR,99
27562921,2,VEHICULAR FACTOR,99
27568381,1,HUMAN FACTOR,14
27568381,1,VEHICULAR FACTOR,99
27568381,2,HUMAN FACTOR,99
27568381,2,VEHICULAR FACTOR,99
27572802,1,HUMAN FACTOR,14
27572802,1,HUMAN FACTOR,17
27572802,1,VEHICULAR FACTOR,99
27572802,2,HUMAN FACTOR,99
27572802,2,VEHICULAR FACTOR,99
27576317,1,HUMAN FACTOR,26
27576317,1,HUMAN FACTOR,18
27576317,1,VEHICULAR FACTOR,5
27576605,1,HUMAN FACTOR,99
27576605,1,VEHICULAR FACTOR,99
27576605,2,HUMAN FACTOR,99
27576605,2,VEHICULAR FACTOR,99
27576611,1,HUMAN FACTOR,14
27576611,1,VEHICULAR FACTOR,99
27583373,1,HUMAN FACTOR,99
27583373,1,VEHICULAR FACTOR,99
27588909,1,HUMAN FACTOR,99
27588909,1,VEHICULAR FACTOR,99
27590249,1,HUMAN FACTOR,11
27590249,1,VEHICULAR FACTOR,99
27590249,2,HUMAN FACTOR,99
27590249,2,VEHICULAR FACTOR,99
27591189,1,HUMAN FACTOR,14
27591189,1,HUMAN FACTOR,18
27591189,1,HUMAN FACTOR,22
27591189,1,VEHICULAR FACTOR,99
27591189,2,HUMAN FACTOR,99
27591189,2,VEHICULAR FACTOR,99
27622376,1,HUMAN FACTOR,11
27622376,1,VEHICULAR FACTOR,99
27622376,2,HUMAN FACTOR,11
27622376,2,VEHICULAR FACTOR,99
27622376,3,HUMAN FACTOR,99
27622376,3,VEHICULAR FACTOR,99
27624848,1,HUMAN FACTOR,14
27624848,1,VEHICULAR FACTOR,99
27626519,1,HUMAN FACTOR,11
27626519,1,HUMAN FACTOR,18
27626519,1,VEHICULAR FACTOR,99
27626519,2,HUMAN FACTOR,11
27626519,2,HUMAN FACTOR,18
27626519,2,VEHICULAR FACTOR,99
27626519,3,HUMAN FACTOR,99
27626519,3,VEHICULAR FACTOR,99
27637231,1,HUMAN FACTOR,99
27637231,1,VEHICULAR FACTOR,99
27655143,1,HUMAN FACTOR,14
27655143,1,VEHICULAR FACTOR,99
27753117,1,HUMAN FACTOR,14
27753117,1,VEHICULAR FACTOR,99
27753117,2,HUMAN FACTOR,99
27753117,2,VEHICULAR FACTOR,99
27900151,1,HUMAN FACTOR,8
27900151,1,HUMAN FACTOR,14
27900151,1,VEHICULAR FACTOR,99
27900151,2,HUMAN FACTOR,99
27900151,2,VEHICULAR FACTOR,99
27900151,3,HUMAN FACTOR,99
27900151,3,VEHICULAR FACTOR,99
27901137,1,HUMAN FACTOR,9
27901137,1,HUMAN FACTOR,14
27901137,1,VEHICULAR FACTOR,99
27901137,2,HUMAN FACTOR,99
27901137,2,VEHICULAR FACTOR,99
27946778,1,HUMAN FACTOR,26
27946778,1,HUMAN FACTOR,8
27946778,1,HUMAN FACTOR,14
27946778,1,VEHICULAR FACTOR,13
27946778,2,VEHICULAR FACTOR,99
28473452,1,HUMAN FACTOR,3
28473452,1,HUMAN FACTOR,8
28473452,1,HUMAN FACTOR,14
28473452,1,VEHICULAR FACTOR,99
28473452,2,HUMAN FACTOR,99
28473452,2,VEHICULAR FACTOR,99
26662632,3,VEHICULAR FACTOR,99
26666439,1,HUMAN FACTOR,3
26666439,1,HUMAN FACTOR,8
26666439,1,VEHICULAR FACTOR,99
26666439,2,HUMAN FACTOR,99
26666439,2,VEHICULAR FACTOR,99
26669772,1,HUMAN FACTOR,18
26669772,2,HUMAN FACTOR,99
26669772,2,VEHICULAR FACTOR,99
26669772,3,HUMAN FACTOR,18
26669772,3,VEHICULAR FACTOR,99
26671159,1,HUMAN FACTOR,99
26671159,1,VEHICULAR FACTOR,99
26674106,1,HUMAN FACTOR,1
26674106,1,HUMAN FACTOR,17
26674106,1,VEHICULAR FACTOR,99
26674106,2,HUMAN FACTOR,99
26674106,2,VEHICULAR FACTOR,99
26674772,2,HUMAN FACTOR,22
26674772,2,VEHICULAR FACTOR,99
26682647,1,HUMAN FACTOR,9
26682647,1,HUMAN FACTOR,19
26682647,1,VEHICULAR FACTOR,99
26683028,1,HUMAN FACTOR,14
26683028,1,VEHICULAR FACTOR,99
26683028,2,HUMAN FACTOR,99
26683028,2,VEHICULAR FACTOR,99
26689209,1,HUMAN FACTOR,11
26689209,1,VEHICULAR FACTOR,99
26689209,2,HUMAN FACTOR,99
26689209,2,VEHICULAR FACTOR,99
26697302,1,HUMAN FACTOR,11
26697302,1,HUMAN FACTOR,17
26697302,1,VEHICULAR FACTOR,99
26697302,2,HUMAN FACTOR,99
26697302,2,VEHICULAR FACTOR,99
26698409,1,HUMAN FACTOR,99
26698409,1,VEHICULAR FACTOR,99
26701461,1,HUMAN FACTOR,99
26701461,1,VEHICULAR FACTOR,99
26701461,2,HUMAN FACTOR,99
26701461,2,VEHICULAR FACTOR,99
26705623,1,HUMAN FACTOR,13
26705623,1,HUMAN FACTOR,14
26705623,1,HUMAN FACTOR,24
26705623,1,VEHICULAR FACTOR,99
26705623,2,HUMAN FACTOR,99
26705623,2,VEHICULAR FACTOR,99
26705729,1,HUMAN FACTOR,99
26705729,1,VEHICULAR FACTOR,97
26707335,1,HUMAN FACTOR,14
26707335,1,HUMAN FACTOR,17
26707335,1,VEHICULAR FACTOR,99
26708418,1,HUMAN FACTOR,4
26708418,1,HUMAN FACTOR,14
26708418,1,VEHICULAR FACTOR,99
26708418,2,HUMAN FACTOR,99
26708418,2,VEHICULAR FACTOR,99
26711560,1,HUMAN FACTOR,97
26711560,1,VEHICULAR FACTOR,99
26715684,1,HUMAN FACTOR,8
26715684,1,VEHICULAR FACTOR,99
26715684,2,HUMAN FACTOR,99
26715684,2,VEHICULAR FACTOR,99
26715684,3,HUMAN FACTOR,99
26715684,3,VEHICULAR FACTOR,99
26717044,1,HUMAN FACTOR,14
26717044,1,VEHICULAR FACTOR,99
26717044,2,HUMAN FACTOR,99
26717044,2,VEHICULAR FACTOR,99
26717911,1,HUMAN FACTOR,14
26717911,1,VEHICULAR FACTOR,99
26717911,2,HUMAN FACTOR,99
26717911,2,VEHICULAR FACTOR,99
26723347,1,HUMAN FACTOR,17
26723347,1,VEHICULAR FACTOR,99
26725336,1,HUMAN FACTOR,14
26725336,1,VEHICULAR FACTOR,99
26725336,2,HUMAN FACTOR,99
26725336,2,VEHICULAR FACTOR,99
26741868,1,HUMAN FACTOR,14
26741868,1,HUMAN FACTOR,18
26741868,1,VEHICULAR FACTOR,99
26743190,1,HUMAN FACTOR,99
26743190,1,VEHICULAR FACTOR,99
26743190,2,HUMAN FACTOR,11
26743190,2,VEHICULAR FACTOR,9
26745219,1,HUMAN FACTOR,12
26745219,1,HUMAN FACTOR,14
26745219,1,VEHICULAR FACTOR,99
26745219,2,HUMAN FACTOR,99
26745219,2,VEHICULAR FACTOR,99
26746212,1,HUMAN FACTOR,17
26746212,1,VEHICULAR FACTOR,99
26746212,2,HUMAN FACTOR,99
26746212,2,VEHICULAR FACTOR,99
26746479,1,HUMAN FACTOR,26
26746479,1,HUMAN FACTOR,14
26746479,1,HUMAN FACTOR,18
26746479,1,VEHICULAR FACTOR,99
26746479,2,HUMAN FACTOR,99
26746479,2,VEHICULAR FACTOR,99
26746479,3,HUMAN FACTOR,99
26746479,3,VEHICULAR FACTOR,99
26746479,4,HUMAN FACTOR,99
26746479,4,VEHICULAR FACTOR,99
26752968,1,HUMAN FACTOR,3
26752968,1,HUMAN FACTOR,17
26752968,1,VEHICULAR FACTOR,99
26752968,2,HUMAN FACTOR,99
26752968,2,VEHICULAR FACTOR,99
26757618,1,HUMAN FACTOR,5
26757618,1,HUMAN FACTOR,22
26757618,1,VEHICULAR FACTOR,99
26757901,1,HUMAN FACTOR,99
26757901,1,VEHICULAR FACTOR,99
26757901,2,HUMAN FACTOR,99
26757901,2,VEHICULAR FACTOR,99
26759066,1,HUMAN FACTOR,11
26759066,1,VEHICULAR FACTOR,99
26759066,2,HUMAN FACTOR,22
26759066,2,VEHICULAR FACTOR,99
26759066,3,HUMAN FACTOR,99
26759066,3,VEHICULAR FACTOR,99
26764703,1,HUMAN FACTOR,6
26764703,1,HUMAN FACTOR,14
26764703,1,VEHICULAR FACTOR,99
26764703,2,HUMAN FACTOR,99
26764703,2,VEHICULAR FACTOR,99
26765240,1,HUMAN FACTOR,12
26765240,1,VEHICULAR FACTOR,99
26765240,2,HUMAN FACTOR,99
26765240,2,VEHICULAR FACTOR,99
26769598,1,HUMAN FACTOR,2
26769598,1,HUMAN FACTOR,4
26769598,1,VEHICULAR FACTOR,99
26769598,2,HUMAN FACTOR,99
26769598,2,VEHICULAR FACTOR,99
26781374,1,HUMAN FACTOR,4
26781374,1,HUMAN FACTOR,18
26781374,1,VEHICULAR FACTOR,99
26781399,1,HUMAN FACTOR,14
26781399,1,VEHICULAR FACTOR,99
26781399,2,HUMAN FACTOR,99
26781399,2,VEHICULAR FACTOR,99
26781816,1,HUMAN FACTOR,17
26781816,1,VEHICULAR FACTOR,99
26783066,1,HUMAN FACTOR,8
26783066,1,HUMAN FACTOR,14
26783066,1,HUMAN FACTOR,18
26783066,1,VEHICULAR FACTOR,99
26783066,2,HUMAN FACTOR,99
26783066,2,VEHICULAR FACTOR,99
26783812,1,HUMAN FACTOR,14
26783812,1,VEHICULAR FACTOR,99
26783812,2,HUMAN FACTOR,14
26783812,2,VEHICULAR FACTOR,99
26786236,1,HUMAN FACTOR,8
26786236,1,VEHICULAR FACTOR,99
26786236,2,HUMAN FACTOR,99
26786236,2,VEHICULAR FACTOR,99
26786236,3,HUMAN FACTOR,99
26786236,3,VEHICULAR FACTOR,99
26791538,1,HUMAN FACTOR,99
26791538,1,VEHICULAR FACTOR,99
26791562,2,HUMAN FACTOR,99
26791562,2,VEHICULAR FACTOR,99
26795672,1,HUMAN FACTOR,14
26795672,1,VEHICULAR FACTOR,99
26795672,2,HUMAN FACTOR,99
26795672,2,VEHICULAR FACTOR,99
26799264,1,HUMAN FACTOR,1
26799264,1,HUMAN FACTOR,26
26799264,1,HUMAN FACTOR,18
26799264,1,VEHICULAR FACTOR,99
26799264,2,HUMAN FACTOR,99
26799264,2,VEHICULAR FACTOR,99
26801314,1,HUMAN FACTOR,11
26801314,1,VEHICULAR FACTOR,99
26801314,2,HUMAN FACTOR,99
26801314,2,VEHICULAR FACTOR,99
26801318,1,HUMAN FACTOR,17
26801318,1,VEHICULAR FACTOR,99
26801318,2,HUMAN FACTOR,99
26801318,2,VEHICULAR FACTOR,99
26806456,1,HUMAN FACTOR,4
26806456,1,HUMAN FACTOR,11
26806456,1,HUMAN FACTOR,18
26806456,1,VEHICULAR FACTOR,99
26806456,2,HUMAN FACTOR,99
26806456,2,VEHICULAR FACTOR,99
26806907,1,HUMAN FACTOR,11
26806907,1,HUMAN FACTOR,14
26806907,1,VEHICULAR FACTOR,99
26806907,2,HUMAN FACTOR,99
26806907,2,VEHICULAR FACTOR,99
26824982,1,HUMAN FACTOR,14
26824982,1,VEHICULAR FACTOR,99
26824982,2,HUMAN FACTOR,99
26824982,2,VEHICULAR FACTOR,99
26835667,1,HUMAN FACTOR,17
26835667,1,VEHICULAR FACTOR,99
26835667,2,HUMAN FACTOR,99
26835667,2,VEHICULAR FACTOR,99
26835749,1,HUMAN FACTOR,14
26835749,1,VEHICULAR FACTOR,99
26835749,2,HUMAN FACTOR,99
26835749,2,VEHICULAR FACTOR,99
26836129,1,HUMAN FACTOR,99
26836129,1,VEHICULAR FACTOR,99
26836129,2,HUMAN FACTOR,99
26836129,2,VEHICULAR FACTOR,99
26841029,1,HUMAN FACTOR,8
26841029,1,VEHICULAR FACTOR,99
26841029,2,HUMAN FACTOR,99
26841029,2,VEHICULAR FACTOR,99
26844390,1,HUMAN FACTOR,5
26844390,1,VEHICULAR FACTOR,99
26847656,1,HUMAN FACTOR,97
26847656,1,VEHICULAR FACTOR,8
26847656,2,HUMAN FACTOR,99
26847656,2,VEHICULAR FACTOR,99
26850705,1,HUMAN FACTOR,99
26850705,1,VEHICULAR FACTOR,99
26850705,2,HUMAN FACTOR,99
26850705,2,VEHICULAR FACTOR,99
26856211,1,HUMAN FACTOR,11
26856211,1,HUMAN FACTOR,14
26856211,1,HUMAN FACTOR,18
26856211,1,VEHICULAR FACTOR,99
26856211,2,HUMAN FACTOR,99
26856211,2,VEHICULAR FACTOR,99
26858720,1,HUMAN FACTOR,18
26858720,1,VEHICULAR FACTOR,97
26858720,2,HUMAN FACTOR,99
26858720,2,VEHICULAR FACTOR,99
26860786,1,HUMAN FACTOR,99
26860786,1,VEHICULAR FACTOR,99
26862836,1,HUMAN FACTOR,17
26862836,1,VEHICULAR FACTOR,99
26862836,2,HUMAN FACTOR,99
26862836,2,VEHICULAR FACTOR,99
26869705,1,HUMAN FACTOR,18
26869705,1,VEHICULAR FACTOR,99
26869707,1,HUMAN FACTOR,14
26869707,1,VEHICULAR FACTOR,99
26869707,2,HUMAN FACTOR,99
26869707,2,VEHICULAR FACTOR,99
26869708,1,HUMAN FACTOR,14
26869708,1,VEHICULAR FACTOR,99
26869708,2,HUMAN FACTOR,99
26869708,2,VEHICULAR FACTOR,99
26869710,2,HUMAN FACTOR,99
26869710,2,VEHICULAR FACTOR,99
26869710,1,HUMAN FACTOR,14
26869710,1,VEHICULAR FACTOR,99
26877053,2,HUMAN FACTOR,97
26877053,2,VEHICULAR FACTOR,99
26886047,1,HUMAN FACTOR,14
26886047,1,VEHICULAR FACTOR,99
26886047,2,HUMAN FACTOR,99
26886047,2,VEHICULAR FACTOR,99
26890293,1,HUMAN FACTOR,14
26890293,1,HUMAN FACTOR,18
26890293,1,VEHICULAR FACTOR,99
26890293,2,HUMAN FACTOR,99
26890293,2,VEHICULAR FACTOR,99
26897210,1,HUMAN FACTOR,97
26897210,1,VEHICULAR FACTOR,99
26903430,1,HUMAN FACTOR,99
26903430,1,VEHICULAR FACTOR,99
26909447,1,HUMAN FACTOR,11
26909447,1,VEHICULAR FACTOR,99
26909447,2,HUMAN FACTOR,99
26909447,2,VEHICULAR FACTOR,99
26913747,1,HUMAN FACTOR,99
26913747,1,VEHICULAR FACTOR,99
26914654,1,HUMAN FACTOR,4
26914654,1,HUMAN FACTOR,14
26915377,1,HUMAN FACTOR,1
26915377,1,HUMAN FACTOR,14
26915377,1,HUMAN FACTOR,18
26915377,1,VEHICULAR FACTOR,99
26915378,1,HUMAN FACTOR,1
26915378,1,HUMAN FACTOR,18
26915378,1,HUMAN FACTOR,19
26915378,1,VEHICULAR FACTOR,99
26917638,1,HUMAN FACTOR,97
26917638,1,VEHICULAR FACTOR,99
26917638,2,HUMAN FACTOR,99
26917638,2,VEHICULAR FACTOR,99
26920475,1,HUMAN FACTOR,17
26920475,1,VEHICULAR FACTOR,99
26920475,2,HUMAN FACTOR,99
26920475,2,VEHICULAR FACTOR,99
26922736,1,HUMAN FACTOR,17
26922736,1,VEHICULAR FACTOR,99
26922736,2,HUMAN FACTOR,99
26922736,2,VEHICULAR FACTOR,99
26924995,1,HUMAN FACTOR,11
26924995,1,VEHICULAR FACTOR,99
26924995,2,HUMAN FACTOR,99
26924995,2,VEHICULAR FACTOR,99
26927560,1,HUMAN FACTOR,3
26927560,1,HUMAN FACTOR,26
26927560,1,HUMAN FACTOR,14
26927560,1,VEHICULAR FACTOR,99
26930654,1,HUMAN FACTOR,14
26930654,1,VEHICULAR FACTOR,99
26930654,2,HUMAN FACTOR,99
26930654,2,VEHICULAR FACTOR,99
26931111,1,HUMAN FACTOR,14
26931111,1,VEHICULAR FACTOR,99
26931111,2,HUMAN FACTOR,99
26931111,2,VEHICULAR FACTOR,99
26934462,1,HUMAN FACTOR,17
26934462,1,VEHICULAR FACTOR,99
26934462,2,HUMAN FACTOR,99
26934462,2,VEHICULAR FACTOR,99
26934690,1,HUMAN FACTOR,26
26934690,1,VEHICULAR FACTOR,99
26934690,2,HUMAN FACTOR,99
26934690,2,VEHICULAR FACTOR,99
26937093,1,HUMAN FACTOR,2
26937093,1,HUMAN FACTOR,4
26937093,1,HUMAN FACTOR,14
26937093,1,VEHICULAR FACTOR,2
26937093,2,HUMAN FACTOR,99
26937093,2,VEHICULAR FACTOR,99
26938866,1,HUMAN FACTOR,26
26938866,1,VEHICULAR FACTOR,99
26940833,1,HUMAN FACTOR,11
26940833,1,VEHICULAR FACTOR,1
26940833,2,HUMAN FACTOR,99
26940833,2,VEHICULAR FACTOR,99
26941464,1,HUMAN FACTOR,23
26941464,1,VEHICULAR FACTOR,99
26941464,2,HUMAN FACTOR,97
26941464,2,VEHICULAR FACTOR,99
26941514,1,HUMAN FACTOR,11
26941514,1,VEHICULAR FACTOR,99
26941514,2,HUMAN FACTOR,99
26941514,2,VEHICULAR FACTOR,99
26941514,3,HUMAN FACTOR,99
26941514,3,VEHICULAR FACTOR,99
26941514,4,HUMAN FACTOR,99
26941514,4,VEHICULAR FACTOR,99
26941552,1,HUMAN FACTOR,14
26941552,1,VEHICULAR FACTOR,99
26941552,2,HUMAN FACTOR,99
26941552,2,VEHICULAR FACTOR,99
26942136,1,HUMAN FACTOR,14
26942136,1,VEHICULAR FACTOR,99
26942136,2,HUMAN FACTOR,99
26942136,2,VEHICULAR FACTOR,99
26942137,1,HUMAN FACTOR,11
26942137,1,VEHICULAR FACTOR,99
26942137,2,HUMAN FACTOR,97
26942137,2,VEHICULAR FACTOR,99
26944981,1,HUMAN FACTOR,26
26944981,1,HUMAN FACTOR,14
26944981,1,VEHICULAR FACTOR,99
26944981,2,HUMAN FACTOR,99
26944981,2,VEHICULAR FACTOR,99
26945031,1,HUMAN FACTOR,26
26945031,1,VEHICULAR FACTOR,99
26945031,2,HUMAN FACTOR,8
26945031,2,VEHICULAR FACTOR,99
26946047,1,HUMAN FACTOR,14
26946047,1,VEHICULAR FACTOR,99
26946047,2,HUMAN FACTOR,99
26946047,2,VEHICULAR FACTOR,99
26946939,1,HUMAN FACTOR,22
26946939,1,VEHICULAR FACTOR,99
26946939,2,HUMAN FACTOR,99
26946939,2,VEHICULAR FACTOR,99
26947646,1,HUMAN FACTOR,17
26947646,1,VEHICULAR FACTOR,99
26947646,2,HUMAN FACTOR,99
26947646,2,VEHICULAR FACTOR,99
26948563,1,HUMAN FACTOR,14
26948563,1,VEHICULAR FACTOR,99
26948563,2,HUMAN FACTOR,99
26948563,2,VEHICULAR FACTOR,99
26959793,1,HUMAN FACTOR,18
26959793,1,VEHICULAR FACTOR,99
26959793,2,HUMAN FACTOR,99
26959793,2,VEHICULAR FACTOR,99
26960753,1,HUMAN FACTOR,18
26960753,1,VEHICULAR FACTOR,99
26960753,2,HUMAN FACTOR,99
26960753,2,VEHICULAR FACTOR,99
26968330,1,HUMAN FACTOR,14
26968330,1,VEHICULAR FACTOR,99
26984712,1,HUMAN FACTOR,14
26984712,1,VEHICULAR FACTOR,99
26984712,2,HUMAN FACTOR,99
26984712,2,VEHICULAR FACTOR,99
26984894,1,HUMAN FACTOR,17
26984894,1,VEHICULAR FACTOR,99
26984894,2,HUMAN FACTOR,99
26984894,2,VEHICULAR FACTOR,99
26988900,1,HUMAN FACTOR,17
26988900,1,VEHICULAR FACTOR,99
26988900,2,HUMAN FACTOR,99
26988900,2,VEHICULAR FACTOR,99
26992286,1,HUMAN FACTOR,14
26992286,1,VEHICULAR FACTOR,99
27008628,1,HUMAN FACTOR,11
27008628,1,VEHICULAR FACTOR,99
27008628,2,HUMAN FACTOR,99
27008628,2,VEHICULAR FACTOR,99
27008630,1,HUMAN FACTOR,11
27008630,1,VEHICULAR FACTOR,99
27008630,2,HUMAN FACTOR,99
27008630,2,VEHICULAR FACTOR,99
27008632,1,HUMAN FACTOR,14
27008632,1,HUMAN FACTOR,22
27008632,1,VEHICULAR FACTOR,99
27008632,2,HUMAN FACTOR,99
27008632,2,VEHICULAR FACTOR,99
27008632,3,HUMAN FACTOR,99
27008632,3,VEHICULAR FACTOR,99
27008632,4,HUMAN FACTOR,99
27008632,4,VEHICULAR FACTOR,99
27008633,1,HUMAN FACTOR,2
27008633,1,HUMAN FACTOR,14
27008633,1,VEHICULAR FACTOR,99
27008633,2,HUMAN FACTOR,99
27008633,2,VEHICULAR FACTOR,99
27014254,1,HUMAN FACTOR,17
27014254,1,VEHICULAR FACTOR,99
27014254,2,HUMAN FACTOR,99
27014254,2,VEHICULAR FACTOR,99
27015752,1,HUMAN FACTOR,26
27015752,1,VEHICULAR FACTOR,99
27015752,2,HUMAN FACTOR,99
27015752,2,VEHICULAR FACTOR,99
27019509,1,HUMAN FACTOR,99
27019509,1,VEHICULAR FACTOR,99
27019509,2,HUMAN FACTOR,99
27019509,2,VEHICULAR FACTOR,99
27019509,3,HUMAN FACTOR,99
27019509,3,VEHICULAR FACTOR,99
27020042,1,HUMAN FACTOR,26
27020042,1,HUMAN FACTOR,17
27020042,1,VEHICULAR FACTOR,99
27020042,2,HUMAN FACTOR,99
27020042,2,VEHICULAR FACTOR,99
27022103,1,HUMAN FACTOR,99
27022103,1,VEHICULAR FACTOR,99
27023871,1,HUMAN FACTOR,97
27023871,1,VEHICULAR FACTOR,99
27023871,2,HUMAN FACTOR,99
27023871,2,VEHICULAR FACTOR,99
27024280,1,HUMAN FACTOR,11
27024280,1,HUMAN FACTOR,17
27024280,1,VEHICULAR FACTOR,99
27024280,2,HUMAN FACTOR,99
27024280,2,VEHICULAR FACTOR,99
27024281,1,HUMAN FACTOR,18
27024281,1,VEHICULAR FACTOR,99
27024281,2,HUMAN FACTOR,99
27024281,2,VEHICULAR FACTOR,99
27024282,1,HUMAN FACTOR,19
27024282,1,VEHICULAR FACTOR,99
27028281,1,HUMAN FACTOR,14
27028281,1,VEHICULAR FACTOR,99
27028389,1,HUMAN FACTOR,14
27028389,1,VEHICULAR FACTOR,99
27028389,2,HUMAN FACTOR,99
27028389,2,VEHICULAR FACTOR,99
27029638,1,HUMAN FACTOR,14
27029638,1,VEHICULAR FACTOR,99
27029638,2,HUMAN FACTOR,99
27029638,2,VEHICULAR FACTOR,99
27033464,1,HUMAN FACTOR,14
27033464,1,VEHICULAR FACTOR,99
27033464,2,HUMAN FACTOR,99
27033464,2,VEHICULAR FACTOR,99
27035819,1,HUMAN FACTOR,17
27035819,1,HUMAN FACTOR,22
27035819,1,VEHICULAR FACTOR,99
27035819,2,HUMAN FACTOR,99
27035819,2,VEHICULAR FACTOR,99
27037223,1,HUMAN FACTOR,11
27037223,1,HUMAN FACTOR,14
27037223,1,VEHICULAR FACTOR,99
27037223,2,HUMAN FACTOR,99
27037223,2,VEHICULAR FACTOR,99
27040076,1,HUMAN FACTOR,99
27040076,1,VEHICULAR FACTOR,99
27040076,2,HUMAN FACTOR,99
27040076,2,VEHICULAR FACTOR,99
27044883,1,HUMAN FACTOR,14
27044883,1,VEHICULAR FACTOR,99
27044883,2,HUMAN FACTOR,99
27044883,2,VEHICULAR FACTOR,99
26850705,1,ENVIRON FACTOR,9
26850705,2,ENVIRON FACTOR,2
26856211,1,ENVIRON FACTOR,2
26856211,2,ENVIRON FACTOR,2
26858720,1,ENVIRON FACTOR,2
26858720,2,ENVIRON FACTOR,2
26860786,1,ENVIRON FACTOR,2
26862836,1,ENVIRON FACTOR,2
26862836,2,ENVIRON FACTOR,2
26869705,1,ENVIRON FACTOR,17
26869705,1,ENVIRON FACTOR,2
26869707,1,ENVIRON FACTOR,2
26869707,2,ENVIRON FACTOR,2
26869708,1,ENVIRON FACTOR,17
26869708,1,ENVIRON FACTOR,2
26869708,2,ENVIRON FACTOR,2
26869710,2,ENVIRON FACTOR,2
26869710,1,ENVIRON FACTOR,2
26877053,2,ENVIRON FACTOR,2
26886047,1,ENVIRON FACTOR,2
26886047,2,ENVIRON FACTOR,99
26890293,1,ENVIRON FACTOR,2
26890293,1,ENVIRON FACTOR,11
26890293,2,ENVIRON FACTOR,99
26897210,1,ENVIRON FACTOR,2
26903430,1,ENVIRON FACTOR,1
26903430,1,ENVIRON FACTOR,2
26909447,1,ENVIRON FACTOR,17
26909447,1,ENVIRON FACTOR,2
26909447,2,ENVIRON FACTOR,17
26909447,2,ENVIRON FACTOR,2
26913747,1,ENVIRON FACTOR,2
26913747,1,ENVIRON FACTOR,97
26914654,1,ENVIRON FACTOR,2
26914654,1,DRIVER DISTRACTED BY,5
26915377,1,ENVIRON FACTOR,2
26915378,1,ENVIRON FACTOR,2
26917638,1,ENVIRON FACTOR,2
26917638,2,ENVIRON FACTOR,2
26920475,1,ENVIRON FACTOR,17
26920475,1,ENVIRON FACTOR,2
26920475,2,ENVIRON FACTOR,17
26920475,2,ENVIRON FACTOR,2
26922736,1,ENVIRON FACTOR,2
26922736,2,ENVIRON FACTOR,2
26924995,1,ENVIRON FACTOR,2
26924995,2,ENVIRON FACTOR,2
26927560,1,ENVIRON FACTOR,2
26927560,1,ENVIRON FACTOR,16
26930654,1,ENVIRON FACTOR,99
26930654,2,ENVIRON FACTOR,2
26931111,1,ENVIRON FACTOR,17
26931111,1,ENVIRON FACTOR,2
26931111,2,ENVIRON FACTOR,17
26931111,2,ENVIRON FACTOR,2
26934462,1,ENVIRON FACTOR,2
26934462,2,ENVIRON FACTOR,2
26934690,1,ENVIRON FACTOR,2
26934690,2,ENVIRON FACTOR,99
26937093,1,ENVIRON FACTOR,2
26937093,1,DRIVER DISTRACTED BY,1
26937093,2,ENVIRON FACTOR,2
26938866,1,ENVIRON FACTOR,2
26938866,1,ENVIRON FACTOR,10
26940833,1,ENVIRON FACTOR,2
26940833,2,ENVIRON FACTOR,2
26941464,1,ENVIRON FACTOR,2
26941464,2,ENVIRON FACTOR,2
26941514,1,ENVIRON FACTOR,2
26941514,2,ENVIRON FACTOR,99
26941514,3,ENVIRON FACTOR,99
26941514,4,ENVIRON FACTOR,99
26941552,1,ENVIRON FACTOR,2
26941552,2,ENVIRON FACTOR,2
26942136,1,ENVIRON FACTOR,2
26942136,2,ENVIRON FACTOR,99
26942137,1,ENVIRON FACTOR,2
26942137,2,ENVIRON FACTOR,2
26944981,1,ENVIRON FACTOR,2
26944981,2,ENVIRON FACTOR,99
26945031,1,ENVIRON FACTOR,2
26945031,2,ENVIRON FACTOR,99
26946047,1,ENVIRON FACTOR,2
26946047,2,ENVIRON FACTOR,2
26946939,1,ENVIRON FACTOR,2
26946939,1,ENVIRON FACTOR,14
26946939,2,ENVIRON FACTOR,2
26946939,2,ENVIRON FACTOR,13
26947646,1,ENVIRON FACTOR,2
26947646,2,ENVIRON FACTOR,2
26948563,1,ENVIRON FACTOR,2
26948563,2,ENVIRON FACTOR,2
26959793,1,ENVIRON FACTOR,2
26959793,2,ENVIRON FACTOR,2
26960753,1,ENVIRON FACTOR,17
26960753,1,ENVIRON FACTOR,2
26960753,2,ENVIRON FACTOR,17
26960753,2,ENVIRON FACTOR,2
26968330,1,ENVIRON FACTOR,2
26984712,1,ENVIRON FACTOR,2
26984712,2,ENVIRON FACTOR,2
26984894,1,ENVIRON FACTOR,2
26984894,2,ENVIRON FACTOR,2
26988900,1,ENVIRON FACTOR,17
26988900,1,ENVIRON FACTOR,2
26988900,2,ENVIRON FACTOR,17
26988900,2,ENVIRON FACTOR,2
26992286,1,ENVIRON FACTOR,2
27008628,1,ENVIRON FACTOR,2
27008628,2,ENVIRON FACTOR,99
27008630,1,ENVIRON FACTOR,2
27008630,2,ENVIRON FACTOR,2
27008632,1,ENVIRON FACTOR,2
27008632,2,ENVIRON FACTOR,2
27008632,3,ENVIRON FACTOR,2
27008632,4,ENVIRON FACTOR,2
27008633,1,ENVIRON FACTOR,2
27008633,2,ENVIRON FACTOR,2
27014254,1,ENVIRON FACTOR,2
27014254,1,ENVIRON FACTOR,5
27014254,2,ENVIRON FACTOR,2
27015752,1,ENVIRON FACTOR,2
27015752,2,ENVIRON FACTOR,2
27019509,1,ENVIRON FACTOR,2
27019509,1,ENVIRON FACTOR,97
27019509,2,ENVIRON FACTOR,2
27019509,2,ENVIRON FACTOR,97
27019509,3,ENVIRON FACTOR,2
27019509,3,ENVIRON FACTOR,97
27020042,1,ENVIRON FACTOR,2
27020042,2,ENVIRON FACTOR,2
27022103,1,ENVIRON FACTOR,2
27022103,1,ENVIRON FACTOR,11
27023871,1,ENVIRON FACTOR,2
27023871,2,ENVIRON FACTOR,99
27024280,1,ENVIRON FACTOR,2
27024280,2,ENVIRON FACTOR,2
27024281,1,ENVIRON FACTOR,2
27024281,2,ENVIRON FACTOR,99
27024282,1,ENVIRON FACTOR,2
27028281,1,ENVIRON FACTOR,2
27028389,1,ENVIRON FACTOR,2
27028389,2,ENVIRON FACTOR,2
27029638,1,ENVIRON FACTOR,2
27029638,2,ENVIRON FACTOR,2
27033464,1,ENVIRON FACTOR,2
27033464,2,ENVIRON FACTOR,99
27035819,1,ENVIRON FACTOR,2
27035819,1,ENVIRON FACTOR,11
27035819,2,ENVIRON FACTOR,11
27037223,1,ENVIRON FACTOR,2
27037223,2,ENVIRON FACTOR,99
27040076,1,ENVIRON FACTOR,2
27040076,2,ENVIRON FACTOR,2
27040076,2,ENVIRON FACTOR,16
27044883,1,ENVIRON FACTOR,2
27044883,2,ENVIRON FACTOR,99
27044885,1,ENVIRON FACTOR,2
27044885,2,ENVIRON FACTOR,2
27044885,3,ENVIRON FACTOR,2
27045345,1,ENVIRON FACTOR,2
27045345,2,ENVIRON FACTOR,99
27045980,1,ENVIRON FACTOR,2
27045980,2,ENVIRON FACTOR,2
27048786,1,ENVIRON FACTOR,2
27053890,1,ENVIRON FACTOR,2
27053890,2,ENVIRON FACTOR,2
27059086,1,ENVIRON FACTOR,2
27060107,1,ENVIRON FACTOR,2
27060107,2,ENVIRON FACTOR,99
27060703,1,ENVIRON FACTOR,2
27060703,2,ENVIRON FACTOR,99
27060703,3,ENVIRON FACTOR,99
27060703,4,ENVIRON FACTOR,99
27060703,5,ENVIRON FACTOR,99
27060703,6,ENVIRON FACTOR,99
27062344,1,ENVIRON FACTOR,2
27062344,2,ENVIRON FACTOR,2
27065830,1,ENVIRON FACTOR,2
27065830,2,ENVIRON FACTOR,2
27065901,1,ENVIRON FACTOR,17
27065901,1,ENVIRON FACTOR,2
27065901,2,ENVIRON FACTOR,17
27065901,2,ENVIRON FACTOR,2
27067210,2,ENVIRON FACTOR,17
27067210,2,ENVIRON FACTOR,2
27069578,1,ENVIRON FACTOR,2
27069578,2,ENVIRON FACTOR,99
27069699,1,ENVIRON FACTOR,17
27069699,1,ENVIRON FACTOR,2
27069699,2,ENVIRON FACTOR,17
27069699,2,ENVIRON FACTOR,2
27073019,1,ENVIRON FACTOR,2
27073019,2,ENVIRON FACTOR,2
27078576,1,ENVIRON FACTOR,2
27078576,2,ENVIRON FACTOR,2
27080426,1,ENVIRON FACTOR,2
27080426,2,ENVIRON FACTOR,2
27083502,1,ENVIRON FACTOR,2
27083502,2,ENVIRON FACTOR,2
27085762,1,ENVIRON FACTOR,2
27085762,2,ENVIRON FACTOR,2
27085762,3,ENVIRON FACTOR,2
27091512,1,ENVIRON FACTOR,2
27091512,1,ENVIRON FACTOR,11
27091512,2,ENVIRON FACTOR,2
27091512,2,ENVIRON FACTOR,11
27091512,3,ENVIRON FACTOR,2
27091512,3,ENVIRON FACTOR,11
27092252,1,ENVIRON FACTOR,17
27092252,1,ENVIRON FACTOR,2
27092252,2,ENVIRON FACTOR,99
27092252,3,ENVIRON FACTOR,99
27092252,4,ENVIRON FACTOR,99
27092252,5,ENVIRON FACTOR,99
27092252,6,ENVIRON FACTOR,99
27094111,1,ENVIRON FACTOR,2
27094111,2,ENVIRON FACTOR,99
27096166,1,ENVIRON FACTOR,2
27096166,2,ENVIRON FACTOR,2
27096166,3,ENVIRON FACTOR,2
27099758,1,ENVIRON FACTOR,99
27099758,2,ENVIRON FACTOR,2
27099912,1,ENVIRON FACTOR,17
27099912,1,ENVIRON FACTOR,2
27099912,2,ENVIRON FACTOR,17
27099912,2,ENVIRON FACTOR,2
27100309,1,ENVIRON FACTOR,2
27100309,2,ENVIRON FACTOR,99
27103656,1,ENVIRON FACTOR,2
27104205,1,ENVIRON FACTOR,2
27104205,2,ENVIRON FACTOR,3
27108708,1,ENVIRON FACTOR,2
27108708,2,ENVIRON FACTOR,2
27108708,3,ENVIRON FACTOR,2
27109211,1,ENVIRON FACTOR,2
27109211,2,ENVIRON FACTOR,2
27114218,1,ENVIRON FACTOR,2
27115037,1,ENVIRON FACTOR,2
27115037,2,ENVIRON FACTOR,2
27115037,3,ENVIRON FACTOR,2
27115037,4,ENVIRON FACTOR,2
27116203,1,ENVIRON FACTOR,2
27116203,2,ENVIRON FACTOR,2
27116354,1,ENVIRON FACTOR,2
27116354,2,ENVIRON FACTOR,2
27116354,3,ENVIRON FACTOR,2
27128061,1,ENVIRON FACTOR,2
27128061,2,ENVIRON FACTOR,2
27128061,3,ENVIRON FACTOR,2
27132390,1,ENVIRON FACTOR,2
27133863,1,ENVIRON FACTOR,2
27133863,2,ENVIRON FACTOR,2
27136267,1,ENVIRON FACTOR,2
27137917,1,ENVIRON FACTOR,2
27137917,2,ENVIRON FACTOR,2
27142793,1,ENVIRON FACTOR,2
27142793,2,ENVIRON FACTOR,2
27144456,1,ENVIRON FACTOR,2
27144456,2,ENVIRON FACTOR,2
27149628,1,ENVIRON FACTOR,2
27149628,2,ENVIRON FACTOR,2
27149733,1,ENVIRON FACTOR,2
27149733,2,ENVIRON FACTOR,2
27149733,3,ENVIRON FACTOR,2
27154295,1,ENVIRON FACTOR,2
27154295,2,ENVIRON FACTOR,99
27160078,1,ENVIRON FACTOR,2
27160078,2,ENVIRON FACTOR,99
27162553,1,ENVIRON FACTOR,17
27162553,1,ENVIRON FACTOR,2
27162553,2,ENVIRON FACTOR,2
27162553,3,ENVIRON FACTOR,2
27162553,4,ENVIRON FACTOR,2
27162553,5,ENVIRON FACTOR,2
27162553,6,ENVIRON FACTOR,2
27162553,7,ENVIRON FACTOR,2
27170197,1,ENVIRON FACTOR,2
27170197,2,ENVIRON FACTOR,2
27172982,1,ENVIRON FACTOR,2
27172982,2,ENVIRON FACTOR,2
27175275,1,ENVIRON FACTOR,2
27175275,2,ENVIRON FACTOR,2
27175836,1,ENVIRON FACTOR,2
27175836,2,ENVIRON FACTOR,99
27186723,1,ENVIRON FACTOR,2
27186723,2,ENVIRON FACTOR,99
27192102,1,ENVIRON FACTOR,2
27192102,2,ENVIRON FACTOR,99
27196555,1,ENVIRON FACTOR,2
27196555,2,ENVIRON FACTOR,2
27196608,1,ENVIRON FACTOR,2
27196608,1,ENVIRON FACTOR,10
27201646,1,ENVIRON FACTOR,2
27201646,1,ENVIRON FACTOR,97
27201646,2,ENVIRON FACTOR,97
27203599,1,ENVIRON FACTOR,17
27203599,1,ENVIRON FACTOR,2
27203599,2,ENVIRON FACTOR,17
27203599,2,ENVIRON FACTOR,2
27204333,1,ENVIRON FACTOR,2
27206566,1,ENVIRON FACTOR,99
27206566,2,ENVIRON FACTOR,2
27206566,2,ENVIRON FACTOR,99
27206733,1,ENVIRON FACTOR,2
27206733,1,ENVIRON FACTOR,11
27207778,1,ENVIRON FACTOR,2
27207778,2,ENVIRON FACTOR,2
27208509,1,ENVIRON FACTOR,2
27208509,1,DRIVER DISTRACTED BY,3
27208509,2,ENVIRON FACTOR,2
27208509,3,ENVIRON FACTOR,2
27211339,1,ENVIRON FACTOR,2
27211339,2,ENVIRON FACTOR,99
27219956,1,ENVIRON FACTOR,2
27219956,2,ENVIRON FACTOR,99
27219956,3,ENVIRON FACTOR,99
27219956,4,ENVIRON FACTOR,99
27219956,5,ENVIRON FACTOR,99
27221463,1,ENVIRON FACTOR,2
27221463,2,ENVIRON FACTOR,2
27233076,1,ENVIRON FACTOR,2
27233076,2,ENVIRON FACTOR,2
27237814,1,ENVIRON FACTOR,2
27237814,2,ENVIRON FACTOR,99
27240428,1,ENVIRON FACTOR,2
27243523,1,ENVIRON FACTOR,17
27243523,1,ENVIRON FACTOR,2
27243523,2,ENVIRON FACTOR,17
27243523,2,ENVIRON FACTOR,2
27243524,1,ENVIRON FACTOR,17
27243524,1,ENVIRON FACTOR,2
27243524,2,ENVIRON FACTOR,99
27253582,1,ENVIRON FACTOR,2
27253582,2,ENVIRON FACTOR,2
27260169,1,ENVIRON FACTOR,2
27260169,1,ENVIRON FACTOR,9
27260169,2,ENVIRON FACTOR,2
27264417,1,ENVIRON FACTOR,2
27264417,1,ENVIRON FACTOR,9
27264417,2,ENVIRON FACTOR,99
27267641,1,ENVIRON FACTOR,2
27267641,2,ENVIRON FACTOR,2
27267702,1,ENVIRON FACTOR,2
27267702,1,ENVIRON FACTOR,5
27267702,1,DRIVER DISTRACTED BY,3
27267702,2,ENVIRON FACTOR,2
27267702,3,ENVIRON FACTOR,2
27272403,1,ENVIRON FACTOR,2
27272403,2,ENVIRON FACTOR,99
27275234,1,ENVIRON FACTOR,2
27275234,2,ENVIRON FACTOR,2
27276787,1,ENVIRON FACTOR,17
27276787,1,ENVIRON FACTOR,2
27276787,2,ENVIRON FACTOR,17
27276787,2,ENVIRON FACTOR,2
27279327,1,ENVIRON FACTOR,2
27279327,1,ENVIRON FACTOR,10
27282115,1,ENVIRON FACTOR,2
27284025,1,ENVIRON FACTOR,2
27284025,2,ENVIRON FACTOR,2
27284025,3,ENVIRON FACTOR,2
27284025,4,ENVIRON FACTOR,2
27284025,5,ENVIRON FACTOR,2
27284025,6,ENVIRON FACTOR,2
27285555,1,ENVIRON FACTOR,2
27285555,2,ENVIRON FACTOR,2
27285980,1,ENVIRON FACTOR,2
27285980,2,ENVIRON FACTOR,2
27297306,1,ENVIRON FACTOR,2
27297306,2,ENVIRON FACTOR,99
27301349,1,ENVIRON FACTOR,2
27301349,1,ENVIRON FACTOR,12
27306362,1,ENVIRON FACTOR,2
27306362,2,ENVIRON FACTOR,99
27309835,1,ENVIRON FACTOR,2
27318720,1,ENVIRON FACTOR,99
27318720,2,ENVIRON FACTOR,2
27320889,1,ENVIRON FACTOR,2
27320889,1,ENVIRON FACTOR,11
27320889,2,ENVIRON FACTOR,11
27320889,3,ENVIRON FACTOR,11
27320889,4,ENVIRON FACTOR,4
27320889,4,ENVIRON FACTOR,11
27323707,1,ENVIRON FACTOR,2
27323707,2,ENVIRON FACTOR,2
27323899,1,ENVIRON FACTOR,2
27323899,2,ENVIRON FACTOR,2
27330470,1,ENVIRON FACTOR,2
27330914,1,ENVIRON FACTOR,2
27330914,2,ENVIRON FACTOR,2
27333987,1,ENVIRON FACTOR,2
27333987,2,ENVIRON FACTOR,2
27338029,1,ENVIRON FACTOR,17
27338029,1,ENVIRON FACTOR,2
27338029,2,ENVIRON FACTOR,17
27338029,2,ENVIRON FACTOR,2
27345546,1,ENVIRON FACTOR,2
27345546,2,ENVIRON FACTOR,2
27348982,1,ENVIRON FACTOR,2
27348982,2,ENVIRON FACTOR,2
27363062,1,ENVIRON FACTOR,17
27363062,1,ENVIRON FACTOR,2
27363062,2,ENVIRON FACTOR,17
27363062,2,ENVIRON FACTOR,2
27364971,1,ENVIRON FACTOR,2
27366990,1,ENVIRON FACTOR,2
27366990,2,ENVIRON FACTOR,2
27368618,1,ENVIRON FACTOR,17
27368618,1,ENVIRON FACTOR,2
27368618,2,ENVIRON FACTOR,17
27368618,2,ENVIRON FACTOR,2
27370429,1,ENVIRON FACTOR,2
27370429,2,ENVIRON FACTOR,2
27384730,1,ENVIRON FACTOR,2
27384730,2,ENVIRON FACTOR,2
27386637,1,ENVIRON FACTOR,2
27386637,2,ENVIRON FACTOR,2
27389922,1,ENVIRON FACTOR,2
27389922,2,ENVIRON FACTOR,2
27389922,3,ENVIRON FACTOR,2
27389957,1,ENVIRON FACTOR,2
27389957,2,ENVIRON FACTOR,2
27395366,1,ENVIRON FACTOR,2
27395366,1,ENVIRON FACTOR,12
27395366,2,ENVIRON FACTOR,99
27396898,1,ENVIRON FACTOR,2
27396898,2,ENVIRON FACTOR,2
27398144,1,ENVIRON FACTOR,2
27398144,2,ENVIRON FACTOR,2
27405819,1,ENVIRON FACTOR,2
27405819,2,ENVIRON FACTOR,2
27406649,1,ENVIRON FACTOR,2
27406649,1,ENVIRON FACTOR,6
27406649,2,ENVIRON FACTOR,2
27406649,2,ENVIRON FACTOR,6
27416600,1,ENVIRON FACTOR,2
27423767,1,ENVIRON FACTOR,2
27423767,1,ENVIRON FACTOR,14
27423767,2,ENVIRON FACTOR,99
27424647,1,ENVIRON FACTOR,2
27424647,2,ENVIRON FACTOR,2
27425499,1,ENVIRON FACTOR,2
27433207,1,ENVIRON FACTOR,2
27433207,2,ENVIRON FACTOR,17
27433207,2,ENVIRON FACTOR,2
27433207,3,ENVIRON FACTOR,17
27433207,3,ENVIRON FACTOR,2
27433207,4,ENVIRON FACTOR,17
27433207,4,ENVIRON FACTOR,2
27433207,5,ENVIRON FACTOR,17
27433207,5,ENVIRON FACTOR,2
27433207,6,ENVIRON FACTOR,17
27433207,6,ENVIRON FACTOR,2
27433207,7,ENVIRON FACTOR,17
27433207,7,ENVIRON FACTOR,2
27450871,1,ENVIRON FACTOR,2
27450871,2,ENVIRON FACTOR,99
27460642,1,ENVIRON FACTOR,2
27460642,2,ENVIRON FACTOR,2
27463736,1,ENVIRON FACTOR,2
27463736,2,ENVIRON FACTOR,2
27469018,1,ENVIRON FACTOR,2
27469018,1,ENVIRON FACTOR,16
27469018,2,ENVIRON FACTOR,99
27471436,1,ENVIRON FACTOR,2
27481551,1,ENVIRON FACTOR,2
27481551,1,ENVIRON FACTOR,5
27488902,1,ENVIRON FACTOR,2
27488983,1,ENVIRON FACTOR,2
27488983,1,DRIVER DISTRACTED BY,3
27490114,1,ENVIRON FACTOR,9
27490114,2,ENVIRON FACTOR,2
27494394,1,ENVIRON FACTOR,2
27494394,2,ENVIRON FACTOR,2
27497522,1,ENVIRON FACTOR,2
27497522,2,ENVIRON FACTOR,99
27498095,1,ENVIRON FACTOR,2
27498095,2,ENVIRON FACTOR,2
27499841,1,ENVIRON FACTOR,2
27518555,1,ENVIRON FACTOR,2
27518555,2,ENVIRON FACTOR,2
27522472,1,ENVIRON FACTOR,2
27522472,2,ENVIRON FACTOR,2
27530771,1,ENVIRON FACTOR,2
27530771,2,ENVIRON FACTOR,2
27537043,1,ENVIRON FACTOR,2
27537043,2,ENVIRON FACTOR,2
27537234,1,ENVIRON FACTOR,2
27537234,1,DRIVER DISTRACTED BY,4
27537234,2,ENVIRON FACTOR,99
27537580,1,ENVIRON FACTOR,2
27537580,2,ENVIRON FACTOR,2
27540947,1,ENVIRON FACTOR,2
27540947,2,ENVIRON FACTOR,2
27547790,1,ENVIRON FACTOR,2
27547790,2,ENVIRON FACTOR,2
27548183,1,ENVIRON FACTOR,17
27548183,1,ENVIRON FACTOR,2
27548183,2,ENVIRON FACTOR,99
27552571,1,ENVIRON FACTOR,2
27553429,1,ENVIRON FACTOR,2
27553429,2,ENVIRON FACTOR,2
27562611,1,ENVIRON FACTOR,2
27562611,2,ENVIRON FACTOR,2
27562883,1,ENVIRON FACTOR,2
27562883,2,ENVIRON FACTOR,2
27564000,1,ENVIRON FACTOR,2
27564000,2,ENVIRON FACTOR,2
27564014,1,ENVIRON FACTOR,2
27564014,2,ENVIRON FACTOR,2
27564014,3,ENVIRON FACTOR,2
27566826,1,ENVIRON FACTOR,2
27566826,2,ENVIRON FACTOR,2
27569059,1,ENVIRON FACTOR,2
27569059,2,ENVIRON FACTOR,2
27572613,1,ENVIRON FACTOR,2
27572613,2,ENVIRON FACTOR,99
27574170,1,ENVIRON FACTOR,2
27574170,2,ENVIRON FACTOR,2
27584195,1,ENVIRON FACTOR,2
27584195,2,ENVIRON FACTOR,2
27591638,1,ENVIRON FACTOR,2
27598728,1,ENVIRON FACTOR,2
27598728,2,ENVIRON FACTOR,2
27605815,1,ENVIRON FACTOR,2
27605815,1,DRIVER DISTRACTED BY,4
27605815,2,ENVIRON FACTOR,17
27605815,2,ENVIRON FACTOR,2
27608419,1,ENVIRON FACTOR,2
27608419,1,ENVIRON FACTOR,9
27608419,2,ENVIRON FACTOR,99
27608772,1,ENVIRON FACTOR,2
27608772,1,ENVIRON FACTOR,97
27608772,2,ENVIRON FACTOR,9
27611802,1,ENVIRON FACTOR,2
27618244,1,ENVIRON FACTOR,17
27618244,1,ENVIRON FACTOR,2
27618244,2,ENVIRON FACTOR,17
27618244,2,ENVIRON FACTOR,2
27627314,1,ENVIRON FACTOR,2
27627314,2,ENVIRON FACTOR,2
27633830,1,ENVIRON FACTOR,2
27633830,2,ENVIRON FACTOR,2
27662941,1,ENVIRON FACTOR,2
27662941,2,ENVIRON FACTOR,2
27686911,1,ENVIRON FACTOR,2
27686911,2,ENVIRON FACTOR,2
27691444,1,ENVIRON FACTOR,2
27691444,1,ENVIRON FACTOR,97
27700408,1,ENVIRON FACTOR,2
27700408,1,ENVIRON FACTOR,15
27700408,2,ENVIRON FACTOR,99
27771747,1,ENVIRON FACTOR,2
27771747,2,ENVIRON FACTOR,99
27771747,3,ENVIRON FACTOR,99
27803280,1,ENVIRON FACTOR,2
27803280,2,ENVIRON FACTOR,99
29965440,1,ENVIRON FACTOR,2
29965440,1,DRIVER DISTRACTED BY,4
29965440,2,ENVIRON FACTOR,99
32884029,1,ENVIRON FACTOR,2
32884044,1,ENVIRON FACTOR,2
32884044,2,ENVIRON FACTOR,2
32884044,3,ENVIRON FACTOR,2
32884044,3,ENVIRON FACTOR,9
27044885,1,HUMAN FACTOR,14
27044885,1,HUMAN FACTOR,22
27044885,1,VEHICULAR FACTOR,99
27044885,2,HUMAN FACTOR,99
27044885,2,VEHICULAR FACTOR,99
27044885,3,HUMAN FACTOR,97
27044885,3,VEHICULAR FACTOR,99
27045345,1,HUMAN FACTOR,17
27045345,1,VEHICULAR FACTOR,99
27045345,2,HUMAN FACTOR,99
27045345,2,VEHICULAR FACTOR,99
27045980,1,HUMAN FACTOR,11
27045980,1,VEHICULAR FACTOR,99
27045980,2,HUMAN FACTOR,99
27045980,2,VEHICULAR FACTOR,99
27048786,1,HUMAN FACTOR,26
27048786,1,HUMAN FACTOR,14
27048786,1,HUMAN FACTOR,19
27048786,1,VEHICULAR FACTOR,99
27053890,1,HUMAN FACTOR,17
27053890,1,VEHICULAR FACTOR,99
27053890,2,HUMAN FACTOR,99
27053890,2,VEHICULAR FACTOR,99
27059086,1,HUMAN FACTOR,1
27059086,1,HUMAN FACTOR,7
27059086,1,HUMAN FACTOR,18
27059086,1,VEHICULAR FACTOR,99
27060107,1,HUMAN FACTOR,14
27060107,1,VEHICULAR FACTOR,99
27060107,2,HUMAN FACTOR,99
27060107,2,VEHICULAR FACTOR,99
27060703,1,HUMAN FACTOR,14
27060703,1,VEHICULAR FACTOR,99
27060703,2,HUMAN FACTOR,99
27060703,2,VEHICULAR FACTOR,99
27060703,3,HUMAN FACTOR,99
27060703,3,VEHICULAR FACTOR,99
27060703,4,HUMAN FACTOR,14
27060703,4,VEHICULAR FACTOR,99
27062344,1,HUMAN FACTOR,14
27062344,1,VEHICULAR FACTOR,99
27062344,2,HUMAN FACTOR,99
27062344,2,VEHICULAR FACTOR,99
27065830,1,HUMAN FACTOR,99
27065830,1,VEHICULAR FACTOR,1
27065830,2,HUMAN FACTOR,99
27065830,2,VEHICULAR FACTOR,99
27065901,1,HUMAN FACTOR,14
27065901,1,VEHICULAR FACTOR,99
27065901,2,HUMAN FACTOR,99
27065901,2,VEHICULAR FACTOR,99
27067210,2,HUMAN FACTOR,99
27067210,2,VEHICULAR FACTOR,99
27069578,1,HUMAN FACTOR,22
27069578,1,VEHICULAR FACTOR,99
27069578,2,HUMAN FACTOR,99
27069578,2,VEHICULAR FACTOR,99
27069699,1,HUMAN FACTOR,14
27069699,1,VEHICULAR FACTOR,99
27069699,2,HUMAN FACTOR,99
27069699,2,VEHICULAR FACTOR,99
27073019,1,HUMAN FACTOR,18
27073019,1,HUMAN FACTOR,22
27073019,1,VEHICULAR FACTOR,99
27073019,2,HUMAN FACTOR,99
27073019,2,VEHICULAR FACTOR,99
27078576,1,HUMAN FACTOR,14
27078576,1,VEHICULAR FACTOR,99
27078576,2,HUMAN FACTOR,14
27078576,2,VEHICULAR FACTOR,99
27080426,1,HUMAN FACTOR,14
27080426,1,VEHICULAR FACTOR,99
27080426,2,HUMAN FACTOR,99
27080426,2,VEHICULAR FACTOR,99
27083502,1,HUMAN FACTOR,26
27083502,1,HUMAN FACTOR,8
27083502,1,HUMAN FACTOR,14
27083502,1,VEHICULAR FACTOR,99
27083502,2,HUMAN FACTOR,99
27083502,2,VEHICULAR FACTOR,99
27085762,1,HUMAN FACTOR,97
27085762,1,VEHICULAR FACTOR,99
27085762,2,HUMAN FACTOR,99
27085762,2,VEHICULAR FACTOR,99
27085762,3,HUMAN FACTOR,99
27085762,3,VEHICULAR FACTOR,99
27091512,1,HUMAN FACTOR,99
27091512,1,VEHICULAR FACTOR,99
27091512,2,HUMAN FACTOR,99
27091512,2,VEHICULAR FACTOR,99
27091512,3,HUMAN FACTOR,17
27091512,3,VEHICULAR FACTOR,99
27092252,1,HUMAN FACTOR,8
27092252,1,HUMAN FACTOR,14
27092252,1,VEHICULAR FACTOR,99
27092252,2,HUMAN FACTOR,99
27092252,2,VEHICULAR FACTOR,99
27092252,3,HUMAN FACTOR,99
27092252,3,VEHICULAR FACTOR,99
27092252,4,HUMAN FACTOR,99
27092252,4,VEHICULAR FACTOR,99
27092252,5,HUMAN FACTOR,99
27092252,5,VEHICULAR FACTOR,99
27092252,6,HUMAN FACTOR,99
27092252,6,VEHICULAR FACTOR,99
27094111,1,HUMAN FACTOR,14
27094111,1,VEHICULAR FACTOR,99
27094111,2,HUMAN FACTOR,99
27094111,2,VEHICULAR FACTOR,99
27096166,1,HUMAN FACTOR,99
27096166,1,VEHICULAR FACTOR,99
27096166,2,HUMAN FACTOR,14
27096166,2,VEHICULAR FACTOR,99
27096166,3,HUMAN FACTOR,99
27096166,3,VEHICULAR FACTOR,99
27099758,1,HUMAN FACTOR,14
27099758,1,VEHICULAR FACTOR,99
27099758,2,HUMAN FACTOR,99
27099758,2,VEHICULAR FACTOR,99
27099912,1,HUMAN FACTOR,14
27099912,1,VEHICULAR FACTOR,97
27099912,2,HUMAN FACTOR,14
27099912,2,VEHICULAR FACTOR,99
27100309,1,HUMAN FACTOR,14
27100309,1,VEHICULAR FACTOR,99
27100309,2,HUMAN FACTOR,99
27100309,2,VEHICULAR FACTOR,99
27103656,1,HUMAN FACTOR,97
27103656,1,VEHICULAR FACTOR,99
27104205,1,HUMAN FACTOR,3
27104205,1,HUMAN FACTOR,14
27104205,1,VEHICULAR FACTOR,99
27104205,2,HUMAN FACTOR,99
27104205,2,VEHICULAR FACTOR,99
27108708,2,HUMAN FACTOR,99
27108708,2,VEHICULAR FACTOR,99
27108708,3,HUMAN FACTOR,99
27108708,3,VEHICULAR FACTOR,99
27109211,1,HUMAN FACTOR,5
27109211,1,VEHICULAR FACTOR,99
27109211,2,HUMAN FACTOR,99
27109211,2,VEHICULAR FACTOR,99
27114218,1,HUMAN FACTOR,18
27114218,1,VEHICULAR FACTOR,99
27115037,1,HUMAN FACTOR,11
27115037,1,VEHICULAR FACTOR,99
27115037,2,HUMAN FACTOR,11
27115037,2,VEHICULAR FACTOR,99
27115037,3,HUMAN FACTOR,11
27115037,3,VEHICULAR FACTOR,99
27115037,4,HUMAN FACTOR,99
27115037,4,VEHICULAR FACTOR,99
27116203,1,HUMAN FACTOR,14
27116203,1,VEHICULAR FACTOR,99
27116203,2,HUMAN FACTOR,99
27116203,2,VEHICULAR FACTOR,99
27116354,1,HUMAN FACTOR,14
27116354,1,VEHICULAR FACTOR,99
27116354,2,HUMAN FACTOR,99
27116354,2,VEHICULAR FACTOR,99
27116354,3,HUMAN FACTOR,99
27116354,3,VEHICULAR FACTOR,99
27128061,1,HUMAN FACTOR,11
27128061,1,VEHICULAR FACTOR,1
27128061,2,HUMAN FACTOR,99
27128061,2,VEHICULAR FACTOR,99
27128061,3,HUMAN FACTOR,99
27128061,3,VEHICULAR FACTOR,99
27132390,1,HUMAN FACTOR,17
27132390,1,VEHICULAR FACTOR,99
27133863,1,HUMAN FACTOR,8
27133863,1,VEHICULAR FACTOR,99
27133863,2,HUMAN FACTOR,99
27133863,2,VEHICULAR FACTOR,99
27136267,1,HUMAN FACTOR,26
27136267,1,HUMAN FACTOR,9
27136267,1,HUMAN FACTOR,10
27136267,1,VEHICULAR FACTOR,97
27137917,1,HUMAN FACTOR,14
27137917,1,VEHICULAR FACTOR,99
27137917,2,HUMAN FACTOR,99
27137917,2,VEHICULAR FACTOR,99
27142793,1,HUMAN FACTOR,14
27142793,1,VEHICULAR FACTOR,99
27142793,2,HUMAN FACTOR,99
27142793,2,VEHICULAR FACTOR,99
27144456,1,HUMAN FACTOR,3
27144456,1,HUMAN FACTOR,11
27144456,1,VEHICULAR FACTOR,99
27144456,2,HUMAN FACTOR,99
27144456,2,VEHICULAR FACTOR,99
27149628,1,HUMAN FACTOR,14
27149628,1,VEHICULAR FACTOR,99
27149628,2,HUMAN FACTOR,99
27149628,2,VEHICULAR FACTOR,99
27149733,1,HUMAN FACTOR,14
27149733,1,VEHICULAR FACTOR,99
27149733,2,HUMAN FACTOR,99
27149733,2,VEHICULAR FACTOR,99
27149733,3,HUMAN FACTOR,14
27149733,3,VEHICULAR FACTOR,99
27154295,1,HUMAN FACTOR,12
27154295,1,VEHICULAR FACTOR,99
27154295,2,HUMAN FACTOR,99
27154295,2,VEHICULAR FACTOR,99
27160078,1,HUMAN FACTOR,99
27160078,1,VEHICULAR FACTOR,99
27160078,2,HUMAN FACTOR,6
27160078,2,VEHICULAR FACTOR,99
27162553,1,HUMAN FACTOR,11
27162553,1,VEHICULAR FACTOR,99
27162553,2,HUMAN FACTOR,99
27162553,2,VEHICULAR FACTOR,99
27162553,3,HUMAN FACTOR,11
27162553,3,VEHICULAR FACTOR,99
27162553,4,HUMAN FACTOR,11
27162553,4,VEHICULAR FACTOR,99
27162553,5,HUMAN FACTOR,11
27162553,5,VEHICULAR FACTOR,99
27162553,6,HUMAN FACTOR,11
27162553,6,VEHICULAR FACTOR,99
27162553,7,HUMAN FACTOR,11
27162553,7,VEHICULAR FACTOR,99
27170197,1,HUMAN FACTOR,11
27170197,1,VEHICULAR FACTOR,99
27170197,2,HUMAN FACTOR,99
27170197,2,VEHICULAR FACTOR,99
27172982,1,HUMAN FACTOR,14
27172982,1,VEHICULAR FACTOR,99
27172982,2,HUMAN FACTOR,99
27172982,2,VEHICULAR FACTOR,99
27175275,1,HUMAN FACTOR,26
27175275,1,VEHICULAR FACTOR,99
27175275,2,HUMAN FACTOR,26
27175275,2,VEHICULAR FACTOR,99
27175836,1,HUMAN FACTOR,14
27175836,1,VEHICULAR FACTOR,99
27175836,2,HUMAN FACTOR,99
27175836,2,VEHICULAR FACTOR,99
27186723,1,HUMAN FACTOR,14
27186723,1,VEHICULAR FACTOR,99
27186723,2,HUMAN FACTOR,99
27186723,2,VEHICULAR FACTOR,99
27192102,1,HUMAN FACTOR,99
27192102,1,VEHICULAR FACTOR,99
27192102,2,HUMAN FACTOR,99
27192102,2,VEHICULAR FACTOR,99
27196555,1,HUMAN FACTOR,14
27196555,1,HUMAN FACTOR,23
27196555,1,VEHICULAR FACTOR,99
27196555,2,HUMAN FACTOR,99
27196555,2,VEHICULAR FACTOR,99
27196608,1,HUMAN FACTOR,14
27196608,1,VEHICULAR FACTOR,99
27201646,1,HUMAN FACTOR,14
27201646,1,VEHICULAR FACTOR,99
27201646,2,HUMAN FACTOR,99
27201646,2,VEHICULAR FACTOR,99
27203599,1,HUMAN FACTOR,99
27203599,1,VEHICULAR FACTOR,99
27203599,2,HUMAN FACTOR,99
27203599,2,VEHICULAR FACTOR,99
27204333,1,HUMAN FACTOR,8
27204333,1,HUMAN FACTOR,14
27204333,1,VEHICULAR FACTOR,99
27206566,1,HUMAN FACTOR,26
27206566,1,HUMAN FACTOR,14
27206566,1,VEHICULAR FACTOR,99
27206566,2,HUMAN FACTOR,5
27206566,2,HUMAN FACTOR,99
27206566,2,VEHICULAR FACTOR,99
27206733,1,HUMAN FACTOR,14
27206733,1,VEHICULAR FACTOR,99
27207778,1,HUMAN FACTOR,14
27207778,1,VEHICULAR FACTOR,99
27207778,2,HUMAN FACTOR,14
27207778,2,VEHICULAR FACTOR,99
27208509,1,HUMAN FACTOR,4
27208509,1,HUMAN FACTOR,18
27208509,1,VEHICULAR FACTOR,99
27208509,2,HUMAN FACTOR,99
27208509,2,VEHICULAR FACTOR,99
27208509,3,HUMAN FACTOR,99
27208509,3,VEHICULAR FACTOR,99
27211339,1,HUMAN FACTOR,14
27211339,1,HUMAN FACTOR,18
27211339,1,VEHICULAR FACTOR,99
27211339,2,HUMAN FACTOR,99
27211339,2,VEHICULAR FACTOR,99
27219956,1,HUMAN FACTOR,14
27219956,1,HUMAN FACTOR,18
27219956,1,VEHICULAR FACTOR,99
27219956,2,HUMAN FACTOR,99
27219956,2,VEHICULAR FACTOR,99
27219956,3,HUMAN FACTOR,99
27219956,3,VEHICULAR FACTOR,99
27219956,4,HUMAN FACTOR,99
27219956,4,VEHICULAR FACTOR,99
27219956,5,HUMAN FACTOR,14
27219956,5,HUMAN FACTOR,18
27219956,5,VEHICULAR FACTOR,99
27221463,1,HUMAN FACTOR,11
27221463,1,HUMAN FACTOR,22
27221463,1,VEHICULAR FACTOR,99
27221463,2,HUMAN FACTOR,99
27221463,2,VEHICULAR FACTOR,99
27233076,1,HUMAN FACTOR,14
27233076,1,HUMAN FACTOR,18
27233076,1,VEHICULAR FACTOR,99
27233076,2,HUMAN FACTOR,99
27233076,2,VEHICULAR FACTOR,99
27237814,1,HUMAN FACTOR,14
27237814,1,VEHICULAR FACTOR,99
27237814,2,HUMAN FACTOR,99
27237814,2,VEHICULAR FACTOR,99
27240428,1,HUMAN FACTOR,19
27240428,1,VEHICULAR FACTOR,99
27243523,1,HUMAN FACTOR,26
27243523,1,HUMAN FACTOR,13
27243523,1,HUMAN FACTOR,18
27243523,1,VEHICULAR FACTOR,99
27243523,2,HUMAN FACTOR,26
27243523,2,HUMAN FACTOR,13
27243523,2,HUMAN FACTOR,18
27243523,2,VEHICULAR FACTOR,99
27243524,1,HUMAN FACTOR,18
27243524,1,VEHICULAR FACTOR,99
27243524,2,HUMAN FACTOR,99
27243524,2,VEHICULAR FACTOR,99
27253582,1,HUMAN FACTOR,14
27253582,1,VEHICULAR FACTOR,99
27253582,2,HUMAN FACTOR,99
27253582,2,VEHICULAR FACTOR,99
27260169,1,HUMAN FACTOR,99
27260169,1,VEHICULAR FACTOR,99
27260169,2,HUMAN FACTOR,99
27260169,2,VEHICULAR FACTOR,99
27264417,1,HUMAN FACTOR,14
27264417,1,VEHICULAR FACTOR,99
27264417,2,HUMAN FACTOR,99
27264417,2,VEHICULAR FACTOR,99
27267641,1,HUMAN FACTOR,1
27267641,1,HUMAN FACTOR,3
27267641,1,VEHICULAR FACTOR,99
27267641,2,HUMAN FACTOR,99
27267641,2,VEHICULAR FACTOR,99
27267702,1,HUMAN FACTOR,4
27267702,1,HUMAN FACTOR,14
27267702,1,HUMAN FACTOR,18
27267702,1,VEHICULAR FACTOR,99
27267702,2,HUMAN FACTOR,99
27267702,2,VEHICULAR FACTOR,99
27267702,3,HUMAN FACTOR,99
27267702,3,VEHICULAR FACTOR,99
27272403,1,HUMAN FACTOR,7
27272403,1,VEHICULAR FACTOR,99
27272403,2,HUMAN FACTOR,99
27272403,2,VEHICULAR FACTOR,99
27275234,1,HUMAN FACTOR,97
27275234,1,VEHICULAR FACTOR,99
27275234,2,HUMAN FACTOR,99
27275234,2,VEHICULAR FACTOR,97
27276787,1,HUMAN FACTOR,8
27276787,1,VEHICULAR FACTOR,99
27276787,2,HUMAN FACTOR,99
27276787,2,VEHICULAR FACTOR,99
27279327,1,HUMAN FACTOR,14
27279327,1,VEHICULAR FACTOR,99
27282115,1,HUMAN FACTOR,99
27282115,1,VEHICULAR FACTOR,99
27284025,1,HUMAN FACTOR,14
27284025,1,VEHICULAR FACTOR,99
27284025,2,HUMAN FACTOR,99
27284025,2,VEHICULAR FACTOR,99
27284025,3,HUMAN FACTOR,99
27284025,3,VEHICULAR FACTOR,99
27284025,4,HUMAN FACTOR,99
27284025,4,VEHICULAR FACTOR,99
27284025,5,HUMAN FACTOR,99
27284025,5,VEHICULAR FACTOR,99
27284025,6,HUMAN FACTOR,14
27284025,6,VEHICULAR FACTOR,99
27285555,1,HUMAN FACTOR,8
27285555,1,VEHICULAR FACTOR,99
27285555,2,HUMAN FACTOR,99
27285555,2,VEHICULAR FACTOR,99
27285980,1,HUMAN FACTOR,14
27285980,1,VEHICULAR FACTOR,99
27285980,2,HUMAN FACTOR,99
27285980,2,VEHICULAR FACTOR,99
27297306,1,HUMAN FACTOR,11
27297306,1,VEHICULAR FACTOR,99
27297306,2,HUMAN FACTOR,99
27297306,2,VEHICULAR FACTOR,99
27301349,1,HUMAN FACTOR,99
27301349,1,VEHICULAR FACTOR,99
27306362,1,HUMAN FACTOR,3
27306362,1,HUMAN FACTOR,6
27306362,1,HUMAN FACTOR,7
27306362,1,VEHICULAR FACTOR,99
27306362,2,HUMAN FACTOR,99
27306362,2,VEHICULAR FACTOR,99
27309835,1,HUMAN FACTOR,7
27309835,1,HUMAN FACTOR,26
27309835,1,HUMAN FACTOR,19
27309835,1,VEHICULAR FACTOR,99
27318720,1,HUMAN FACTOR,14
27318720,1,VEHICULAR FACTOR,99
27318720,2,HUMAN FACTOR,99
27318720,2,VEHICULAR FACTOR,99
27320889,1,HUMAN FACTOR,14
27320889,1,VEHICULAR FACTOR,11
27320889,2,HUMAN FACTOR,99
27320889,2,VEHICULAR FACTOR,99
27320889,3,HUMAN FACTOR,99
27320889,3,VEHICULAR FACTOR,99
27320889,4,HUMAN FACTOR,14
27320889,4,VEHICULAR FACTOR,99
27323707,1,HUMAN FACTOR,14
27323707,1,VEHICULAR FACTOR,99
27323707,2,HUMAN FACTOR,99
27323707,2,VEHICULAR FACTOR,99
27323899,1,HUMAN FACTOR,8
27323899,1,VEHICULAR FACTOR,99
27323899,2,HUMAN FACTOR,99
27323899,2,VEHICULAR FACTOR,99
27330470,1,HUMAN FACTOR,18
27330470,1,VEHICULAR FACTOR,99
27330914,1,HUMAN FACTOR,11
27330914,1,HUMAN FACTOR,14
27330914,1,VEHICULAR FACTOR,99
27330914,2,HUMAN FACTOR,99
27330914,2,VEHICULAR FACTOR,99
27333987,2,HUMAN FACTOR,99
27333987,2,VEHICULAR FACTOR,99
27338029,1,HUMAN FACTOR,18
27338029,1,VEHICULAR FACTOR,99
27338029,2,HUMAN FACTOR,99
27338029,2,VEHICULAR FACTOR,99
27345546,1,HUMAN FACTOR,14
27345546,1,VEHICULAR FACTOR,99
27345546,2,HUMAN FACTOR,99
27345546,2,VEHICULAR FACTOR,99
27348982,1,HUMAN FACTOR,11
27348982,1,VEHICULAR FACTOR,99
27348982,2,HUMAN FACTOR,99
27348982,2,VEHICULAR FACTOR,99
27363062,1,HUMAN FACTOR,14
27363062,1,VEHICULAR FACTOR,99
27363062,2,HUMAN FACTOR,99
27363062,2,VEHICULAR FACTOR,99
27364971,1,HUMAN FACTOR,99
27364971,1,VEHICULAR FACTOR,8
27366990,1,HUMAN FACTOR,3
27366990,1,HUMAN FACTOR,7
27366990,1,HUMAN FACTOR,17
27366990,1,HUMAN FACTOR,18
27366990,1,HUMAN FACTOR,22
27366990,1,HUMAN FACTOR,24
27366990,1,VEHICULAR FACTOR,99
27366990,2,HUMAN FACTOR,99
27366990,2,VEHICULAR FACTOR,99
27368618,1,HUMAN FACTOR,18
27368618,1,VEHICULAR FACTOR,99
27368618,2,HUMAN FACTOR,99
27368618,2,VEHICULAR FACTOR,99
27370429,1,HUMAN FACTOR,14
27370429,1,HUMAN FACTOR,17
27370429,1,VEHICULAR FACTOR,1
27370429,2,HUMAN FACTOR,99
27370429,2,VEHICULAR FACTOR,99
27384730,1,HUMAN FACTOR,14
27384730,1,VEHICULAR FACTOR,99
27384730,2,HUMAN FACTOR,99
27384730,2,VEHICULAR FACTOR,99
27386637,1,HUMAN FACTOR,17
27386637,1,VEHICULAR FACTOR,99
27386637,2,HUMAN FACTOR,17
27386637,2,VEHICULAR FACTOR,99
27389922,1,HUMAN FACTOR,18
27389922,1,VEHICULAR FACTOR,99
27389922,2,HUMAN FACTOR,99
27389922,2,VEHICULAR FACTOR,99
27389922,3,HUMAN FACTOR,99
27389922,3,VEHICULAR FACTOR,99
27389957,1,HUMAN FACTOR,1
27389957,1,HUMAN FACTOR,18
27389957,1,VEHICULAR FACTOR,99
27389957,2,HUMAN FACTOR,99
27389957,2,VEHICULAR FACTOR,99
27395366,1,HUMAN FACTOR,8
27395366,1,HUMAN FACTOR,14
27395366,1,VEHICULAR FACTOR,99
27395366,2,HUMAN FACTOR,99
27395366,2,VEHICULAR FACTOR,99
27396898,1,HUMAN FACTOR,14
27396898,1,VEHICULAR FACTOR,99
27396898,2,HUMAN FACTOR,99
27396898,2,VEHICULAR FACTOR,99
27398144,1,HUMAN FACTOR,11
27398144,1,VEHICULAR FACTOR,1
27398144,2,HUMAN FACTOR,99
27398144,2,VEHICULAR FACTOR,99
27405819,1,HUMAN FACTOR,99
27405819,1,VEHICULAR FACTOR,99
27405819,2,HUMAN FACTOR,99
27405819,2,VEHICULAR FACTOR,99
27406649,1,HUMAN FACTOR,99
27406649,1,VEHICULAR FACTOR,99
27406649,2,HUMAN FACTOR,99
27406649,2,VEHICULAR FACTOR,99
27416600,1,HUMAN FACTOR,7
27416600,1,HUMAN FACTOR,18
27416600,1,HUMAN FACTOR,19
27416600,1,VEHICULAR FACTOR,99
27423767,1,HUMAN FACTOR,18
27423767,1,VEHICULAR FACTOR,99
27423767,2,HUMAN FACTOR,99
27423767,2,VEHICULAR FACTOR,99
27424647,1,HUMAN FACTOR,11
27424647,1,VEHICULAR FACTOR,99
27424647,2,HUMAN FACTOR,99
27424647,2,VEHICULAR FACTOR,99
27425499,1,HUMAN FACTOR,17
27425499,1,VEHICULAR FACTOR,99
27433207,1,HUMAN FACTOR,14
27433207,1,VEHICULAR FACTOR,99
27433207,2,HUMAN FACTOR,99
27433207,2,VEHICULAR FACTOR,99
27433207,3,HUMAN FACTOR,99
27433207,3,VEHICULAR FACTOR,99
27433207,4,HUMAN FACTOR,99
27433207,4,VEHICULAR FACTOR,99
27433207,5,HUMAN FACTOR,99
27433207,5,VEHICULAR FACTOR,99
27433207,6,HUMAN FACTOR,99
27433207,6,VEHICULAR FACTOR,99
27433207,7,HUMAN FACTOR,99
27433207,7,VEHICULAR FACTOR,99
27450871,1,HUMAN FACTOR,26
27450871,1,HUMAN FACTOR,8
27450871,1,HUMAN FACTOR,17
27450871,1,VEHICULAR FACTOR,99
27450871,2,HUMAN FACTOR,99
27450871,2,VEHICULAR FACTOR,99
27460642,1,HUMAN FACTOR,11
27460642,1,VEHICULAR FACTOR,99
27460642,2,HUMAN FACTOR,11
27460642,2,VEHICULAR FACTOR,99
27463736,2,HUMAN FACTOR,99
27463736,2,VEHICULAR FACTOR,99
27469018,1,HUMAN FACTOR,8
27469018,1,HUMAN FACTOR,14
27469018,1,VEHICULAR FACTOR,99
27469018,2,HUMAN FACTOR,99
27469018,2,VEHICULAR FACTOR,99
27471436,1,HUMAN FACTOR,99
27471436,1,VEHICULAR FACTOR,97
27481551,1,HUMAN FACTOR,3
27481551,1,HUMAN FACTOR,14
27481551,1,HUMAN FACTOR,22
27481551,1,VEHICULAR FACTOR,99
27488902,1,HUMAN FACTOR,22
27488902,1,VEHICULAR FACTOR,99
27488983,1,HUMAN FACTOR,4
27488983,1,VEHICULAR FACTOR,99
27490114,1,HUMAN FACTOR,8
27490114,1,VEHICULAR FACTOR,99
27490114,2,HUMAN FACTOR,99
27490114,2,VEHICULAR FACTOR,99
27494394,1,HUMAN FACTOR,14
27494394,1,HUMAN FACTOR,17
27494394,1,VEHICULAR FACTOR,99
27494394,2,HUMAN FACTOR,99
27494394,2,VEHICULAR FACTOR,99
27497522,1,HUMAN FACTOR,26
27497522,1,HUMAN FACTOR,8
27497522,1,HUMAN FACTOR,19
27497522,1,VEHICULAR FACTOR,99
27497522,2,HUMAN FACTOR,99
27497522,2,VEHICULAR FACTOR,99
27498095,1,HUMAN FACTOR,8
27498095,1,HUMAN FACTOR,14
27498095,1,VEHICULAR FACTOR,99
27498095,2,HUMAN FACTOR,99
27498095,2,VEHICULAR FACTOR,5
27499841,1,HUMAN FACTOR,17
27499841,1,VEHICULAR FACTOR,99
27518555,1,HUMAN FACTOR,8
27518555,1,VEHICULAR FACTOR,99
27518555,2,HUMAN FACTOR,99
27518555,2,VEHICULAR FACTOR,99
27522472,1,HUMAN FACTOR,26
27522472,1,HUMAN FACTOR,14
27522472,1,HUMAN FACTOR,18
27522472,1,VEHICULAR FACTOR,99
27522472,2,HUMAN FACTOR,99
27522472,2,VEHICULAR FACTOR,99
27530771,1,HUMAN FACTOR,11
27530771,1,VEHICULAR FACTOR,99
27530771,2,HUMAN FACTOR,99
27530771,2,VEHICULAR FACTOR,99
27537043,1,HUMAN FACTOR,11
27537043,1,HUMAN FACTOR,14
27537043,1,VEHICULAR FACTOR,99
27537043,2,HUMAN FACTOR,99
27537043,2,VEHICULAR FACTOR,99
27537234,1,HUMAN FACTOR,4
27537234,1,VEHICULAR FACTOR,99
27537234,2,HUMAN FACTOR,99
27537234,2,VEHICULAR FACTOR,99
27537580,1,HUMAN FACTOR,11
27537580,1,HUMAN FACTOR,14
27537580,1,VEHICULAR FACTOR,1
27537580,2,HUMAN FACTOR,99
27537580,2,VEHICULAR FACTOR,99
27540947,1,HUMAN FACTOR,99
27540947,1,VEHICULAR FACTOR,99
27540947,2,HUMAN FACTOR,99
27540947,2,VEHICULAR FACTOR,99
27547790,1,HUMAN FACTOR,11
27547790,1,VEHICULAR FACTOR,99
27547790,2,HUMAN FACTOR,99
27547790,2,VEHICULAR FACTOR,99
27548183,1,HUMAN FACTOR,18
27548183,1,VEHICULAR FACTOR,99
27548183,2,HUMAN FACTOR,99
27548183,2,VEHICULAR FACTOR,99
27552571,1,HUMAN FACTOR,99
27552571,1,VEHICULAR FACTOR,99
27553429,1,HUMAN FACTOR,10
27553429,1,VEHICULAR FACTOR,99
27553429,2,HUMAN FACTOR,99
27553429,2,VEHICULAR FACTOR,99
27562611,1,HUMAN FACTOR,14
27562611,1,VEHICULAR FACTOR,99
27562611,2,HUMAN FACTOR,99
27562611,2,VEHICULAR FACTOR,99
27562883,1,HUMAN FACTOR,14
27562883,1,VEHICULAR FACTOR,99
27562883,2,HUMAN FACTOR,99
27562883,2,VEHICULAR FACTOR,99
27564000,1,HUMAN FACTOR,9
27564000,1,HUMAN FACTOR,10
27564000,1,HUMAN FACTOR,18
27564000,1,VEHICULAR FACTOR,99
27564000,2,HUMAN FACTOR,99
27564000,2,VEHICULAR FACTOR,99
27564014,1,HUMAN FACTOR,11
27564014,1,VEHICULAR FACTOR,99
27564014,2,HUMAN FACTOR,99
27564014,2,VEHICULAR FACTOR,99
27564014,3,HUMAN FACTOR,99
27564014,3,VEHICULAR FACTOR,99
27566826,1,HUMAN FACTOR,14
27566826,1,HUMAN FACTOR,17
27566826,1,VEHICULAR FACTOR,99
27566826,2,HUMAN FACTOR,99
27566826,2,VEHICULAR FACTOR,99
27569059,1,HUMAN FACTOR,8
27569059,1,VEHICULAR FACTOR,99
27569059,2,HUMAN FACTOR,99
27569059,2,VEHICULAR FACTOR,99
27572613,1,HUMAN FACTOR,26
27572613,1,VEHICULAR FACTOR,99
27572613,2,HUMAN FACTOR,99
27572613,2,VEHICULAR FACTOR,99
27574170,1,HUMAN FACTOR,14
27574170,1,VEHICULAR FACTOR,99
27574170,2,HUMAN FACTOR,14
27574170,2,VEHICULAR FACTOR,99
27584195,1,HUMAN FACTOR,99
27584195,1,VEHICULAR FACTOR,99
27584195,2,HUMAN FACTOR,99
27584195,2,VEHICULAR FACTOR,99
27591638,1,HUMAN FACTOR,99
27591638,1,VEHICULAR FACTOR,99
27598728,1,HUMAN FACTOR,97
27598728,1,VEHICULAR FACTOR,5
27598728,2,HUMAN FACTOR,99
27598728,2,VEHICULAR FACTOR,99
27605815,1,HUMAN FACTOR,4
27605815,1,VEHICULAR FACTOR,99
27605815,2,HUMAN FACTOR,99
27605815,2,VEHICULAR FACTOR,99
27608419,1,HUMAN FACTOR,8
27608419,1,HUMAN FACTOR,14
27608419,1,HUMAN FACTOR,20
27608419,1,VEHICULAR FACTOR,99
27608419,2,HUMAN FACTOR,99
27608419,2,VEHICULAR FACTOR,99
27608772,1,HUMAN FACTOR,14
27608772,1,HUMAN FACTOR,17
27608772,1,VEHICULAR FACTOR,99
27608772,2,HUMAN FACTOR,99
27608772,2,VEHICULAR FACTOR,99
27611802,1,HUMAN FACTOR,10
27611802,1,HUMAN FACTOR,18
27611802,1,VEHICULAR FACTOR,99
27618244,1,HUMAN FACTOR,14
27618244,1,VEHICULAR FACTOR,99
27618244,2,HUMAN FACTOR,99
27618244,2,VEHICULAR FACTOR,99
27627314,1,HUMAN FACTOR,18
27627314,1,VEHICULAR FACTOR,1
27627314,2,HUMAN FACTOR,99
27627314,2,VEHICULAR FACTOR,99
27633830,1,HUMAN FACTOR,18
27633830,1,HUMAN FACTOR,19
27633830,1,VEHICULAR FACTOR,99
27633830,2,HUMAN FACTOR,99
27633830,2,VEHICULAR FACTOR,99
27662941,1,HUMAN FACTOR,14
27662941,1,VEHICULAR FACTOR,99
27662941,2,HUMAN FACTOR,99
27662941,2,VEHICULAR FACTOR,99
27686911,1,HUMAN FACTOR,97
27686911,1,VEHICULAR FACTOR,99
27686911,2,HUMAN FACTOR,99
27686911,2,VEHICULAR FACTOR,99
27691444,1,HUMAN FACTOR,99
27691444,1,VEHICULAR FACTOR,99
27700408,1,HUMAN FACTOR,99
27700408,1,VEHICULAR FACTOR,99
27700408,2,HUMAN FACTOR,99
27771747,1,HUMAN FACTOR,14
27771747,1,HUMAN FACTOR,18
27771747,1,HUMAN FACTOR,22
27771747,1,VEHICULAR FACTOR,99
27771747,2,HUMAN FACTOR,14
27771747,2,HUMAN FACTOR,17
27771747,2,VEHICULAR FACTOR,99
27771747,3,HUMAN FACTOR,99
27771747,3,VEHICULAR FACTOR,99
27803280,1,HUMAN FACTOR,26
27803280,1,HUMAN FACTOR,18
27803280,1,HUMAN FACTOR,22
27803280,1,VEHICULAR FACTOR,3
27803280,2,HUMAN FACTOR,99
27803280,2,VEHICULAR FACTOR,99
29965440,1,HUMAN FACTOR,4
29965440,1,HUMAN FACTOR,18
29965440,1,VEHICULAR FACTOR,99
29965440,2,HUMAN FACTOR,99
29965440,2,VEHICULAR FACTOR,99
32884029,1,HUMAN FACTOR,17
32884029,1,HUMAN FACTOR,18
32884029,1,VEHICULAR FACTOR,99
32884044,1,HUMAN FACTOR,11
32884044,1,VEHICULAR FACTOR,99
32884044,2,HUMAN FACTOR,99
32884044,2,VEHICULAR FACTOR,99
32884044,3,HUMAN FACTOR,99
32884044,3,VEHICULAR FACTOR,99
27633727,1,HUMAN FACTOR,8
27633727,1,VEHICULAR FACTOR,99
27633727,2,HUMAN FACTOR,99
27633727,2,VEHICULAR FACTOR,99
27657115,1,HUMAN FACTOR,18
27657115,1,VEHICULAR FACTOR,99
27657891,1,HUMAN FACTOR,14
27657891,1,VEHICULAR FACTOR,99
27657891,2,HUMAN FACTOR,99
27657891,2,VEHICULAR FACTOR,99
27661484,1,HUMAN FACTOR,1
27661484,1,VEHICULAR FACTOR,99
27661484,2,HUMAN FACTOR,99
27661484,2,VEHICULAR FACTOR,99
27662939,1,HUMAN FACTOR,26
27662939,1,VEHICULAR FACTOR,99
27662939,2,HUMAN FACTOR,99
27662939,2,VEHICULAR FACTOR,99
27666327,1,HUMAN FACTOR,97
27666327,1,VEHICULAR FACTOR,99
27666327,2,HUMAN FACTOR,97
27666327,2,VEHICULAR FACTOR,99
27685188,1,HUMAN FACTOR,14
27685188,1,VEHICULAR FACTOR,99
27685188,2,HUMAN FACTOR,99
27685188,2,VEHICULAR FACTOR,99
27687005,1,HUMAN FACTOR,99
27687005,1,VEHICULAR FACTOR,99
27687005,2,HUMAN FACTOR,99
27687005,2,VEHICULAR FACTOR,99
27691094,1,HUMAN FACTOR,21
27691094,1,VEHICULAR FACTOR,99
27692183,1,HUMAN FACTOR,14
27692183,1,VEHICULAR FACTOR,99
27692183,2,HUMAN FACTOR,99
27692183,2,VEHICULAR FACTOR,99
27700265,1,HUMAN FACTOR,14
27700265,1,VEHICULAR FACTOR,99
27700265,2,HUMAN FACTOR,99
27700265,2,VEHICULAR FACTOR,99
27708842,1,HUMAN FACTOR,97
27708842,1,VEHICULAR FACTOR,3
27708842,2,HUMAN FACTOR,99
27708842,2,VEHICULAR FACTOR,99
27710028,1,HUMAN FACTOR,14
27710028,1,VEHICULAR FACTOR,99
27710028,2,HUMAN FACTOR,99
27710028,2,VEHICULAR FACTOR,99
27716573,1,HUMAN FACTOR,99
27716573,1,VEHICULAR FACTOR,1
27716573,2,HUMAN FACTOR,99
27716573,2,VEHICULAR FACTOR,99
27716573,3,HUMAN FACTOR,99
27716573,3,VEHICULAR FACTOR,99
27717820,1,HUMAN FACTOR,26
27717820,1,VEHICULAR FACTOR,99
27717820,2,HUMAN FACTOR,99
27717820,2,VEHICULAR FACTOR,99
27726993,1,HUMAN FACTOR,14
27726993,1,VEHICULAR FACTOR,99
27726993,2,HUMAN FACTOR,99
27726993,2,VEHICULAR FACTOR,99
27731417,1,HUMAN FACTOR,8
27731417,1,HUMAN FACTOR,14
27731417,1,VEHICULAR FACTOR,99
27731417,2,HUMAN FACTOR,99
27731417,2,VEHICULAR FACTOR,99
27734462,1,HUMAN FACTOR,14
27734462,1,VEHICULAR FACTOR,99
27734462,2,HUMAN FACTOR,3
27734462,2,VEHICULAR FACTOR,99
27747267,1,HUMAN FACTOR,3
27747267,1,VEHICULAR FACTOR,99
27753228,1,HUMAN FACTOR,99
27753228,1,VEHICULAR FACTOR,99
27753228,2,HUMAN FACTOR,99
27753228,2,VEHICULAR FACTOR,99
27765059,1,HUMAN FACTOR,26
27765059,1,HUMAN FACTOR,17
27765059,1,VEHICULAR FACTOR,99
27766333,2,HUMAN FACTOR,99
27766333,2,VEHICULAR FACTOR,99
27772309,1,HUMAN FACTOR,14
27772309,1,VEHICULAR FACTOR,99
27772309,2,HUMAN FACTOR,99
27772309,2,VEHICULAR FACTOR,99
27824449,1,HUMAN FACTOR,14
27824449,1,VEHICULAR FACTOR,99
27824449,2,HUMAN FACTOR,99
27824449,2,VEHICULAR FACTOR,99
27829632,1,HUMAN FACTOR,18
27829632,1,VEHICULAR FACTOR,99
27833575,1,HUMAN FACTOR,97
27833575,1,VEHICULAR FACTOR,99
27836876,1,HUMAN FACTOR,14
27836876,1,VEHICULAR FACTOR,99
27858489,1,HUMAN FACTOR,14
27858489,1,HUMAN FACTOR,18
27858489,1,VEHICULAR FACTOR,99
27858489,2,HUMAN FACTOR,99
27858489,2,VEHICULAR FACTOR,99
27864172,1,HUMAN FACTOR,17
27864172,1,VEHICULAR FACTOR,99
27864172,2,HUMAN FACTOR,99
27864172,2,VEHICULAR FACTOR,99
27868833,1,HUMAN FACTOR,8
27868833,1,VEHICULAR FACTOR,99
27868833,2,HUMAN FACTOR,99
27868833,2,VEHICULAR FACTOR,99
27876336,1,HUMAN FACTOR,4
27876336,1,HUMAN FACTOR,14
27876336,1,VEHICULAR FACTOR,99
27876336,2,HUMAN FACTOR,99
27876336,2,VEHICULAR FACTOR,99
27876606,1,HUMAN FACTOR,8
27876606,1,VEHICULAR FACTOR,99
27876606,2,HUMAN FACTOR,99
27876606,2,VEHICULAR FACTOR,99
27877027,1,HUMAN FACTOR,11
27633727,1,ENVIRON FACTOR,2
27633727,2,ENVIRON FACTOR,99
27657115,1,ENVIRON FACTOR,2
27657891,1,ENVIRON FACTOR,2
27657891,2,ENVIRON FACTOR,2
27661484,1,ENVIRON FACTOR,2
27661484,2,ENVIRON FACTOR,99
27662939,1,ENVIRON FACTOR,2
27662939,2,ENVIRON FACTOR,99
27666327,1,ENVIRON FACTOR,2
27666327,2,ENVIRON FACTOR,2
27685188,1,ENVIRON FACTOR,17
27685188,1,ENVIRON FACTOR,2
27685188,2,ENVIRON FACTOR,17
27685188,2,ENVIRON FACTOR,2
27687005,1,ENVIRON FACTOR,2
27687005,2,ENVIRON FACTOR,2
27691094,1,ENVIRON FACTOR,2
27692183,1,ENVIRON FACTOR,2
27692183,2,ENVIRON FACTOR,2
27700265,1,ENVIRON FACTOR,2
27700265,1,ENVIRON FACTOR,9
27700265,2,ENVIRON FACTOR,2
27708842,1,ENVIRON FACTOR,2
27708842,2,ENVIRON FACTOR,9
27710028,1,ENVIRON FACTOR,2
27710028,2,ENVIRON FACTOR,2
27716573,1,ENVIRON FACTOR,2
27716573,2,ENVIRON FACTOR,2
27716573,3,ENVIRON FACTOR,2
27717820,1,ENVIRON FACTOR,2
27717820,2,ENVIRON FACTOR,2
27726993,1,ENVIRON FACTOR,2
27726993,1,ENVIRON FACTOR,11
27726993,2,ENVIRON FACTOR,2
27726993,2,ENVIRON FACTOR,11
27731417,1,ENVIRON FACTOR,2
27731417,2,ENVIRON FACTOR,2
27734462,1,ENVIRON FACTOR,2
27734462,2,ENVIRON FACTOR,2
27747267,1,ENVIRON FACTOR,2
27753228,1,ENVIRON FACTOR,2
27753228,1,ENVIRON FACTOR,16
27753228,2,ENVIRON FACTOR,16
27765059,1,ENVIRON FACTOR,2
27766333,2,ENVIRON FACTOR,2
27772309,1,ENVIRON FACTOR,2
27772309,2,ENVIRON FACTOR,2
27824449,1,ENVIRON FACTOR,2
27824449,2,ENVIRON FACTOR,2
27824449,2,ENVIRON FACTOR,9
27829632,1,ENVIRON FACTOR,2
27833575,1,ENVIRON FACTOR,2
27836876,1,ENVIRON FACTOR,2
27836876,1,ENVIRON FACTOR,16
27858489,1,ENVIRON FACTOR,2
27858489,2,ENVIRON FACTOR,99
27864172,1,ENVIRON FACTOR,2
27864172,2,ENVIRON FACTOR,99
27868833,1,ENVIRON FACTOR,2
27868833,2,ENVIRON FACTOR,2
27876336,1,ENVIRON FACTOR,2
27876336,1,DRIVER DISTRACTED BY,1
27876336,2,ENVIRON FACTOR,2
27876606,1,ENVIRON FACTOR,99
27876606,2,ENVIRON FACTOR,2
27877027,1,ENVIRON FACTOR,2
27877027,2,ENVIRON FACTOR,2
27899783,1,ENVIRON FACTOR,2
27899783,1,ENVIRON FACTOR,11
27899783,2,ENVIRON FACTOR,2
27899783,2,ENVIRON FACTOR,11
27904812,1,ENVIRON FACTOR,2
27904812,2,ENVIRON FACTOR,2
27918680,1,ENVIRON FACTOR,17
27918680,1,ENVIRON FACTOR,2
27918680,2,ENVIRON FACTOR,17
27918680,2,ENVIRON FACTOR,2
27918680,3,ENVIRON FACTOR,17
27918680,3,ENVIRON FACTOR,2
27923551,1,ENVIRON FACTOR,2
27924693,1,ENVIRON FACTOR,2
27924693,2,ENVIRON FACTOR,2
27931926,1,ENVIRON FACTOR,2
27931926,2,ENVIRON FACTOR,99
27934406,1,ENVIRON FACTOR,2
27934406,1,ENVIRON FACTOR,16
27934406,2,ENVIRON FACTOR,99
27941670,1,ENVIRON FACTOR,2
27941670,2,ENVIRON FACTOR,2
27947197,1,ENVIRON FACTOR,2
27947197,1,ENVIRON FACTOR,5
27947197,2,ENVIRON FACTOR,99
27953060,1,ENVIRON FACTOR,2
27954733,1,ENVIRON FACTOR,2
27954733,1,ENVIRON FACTOR,12
27954733,2,ENVIRON FACTOR,99
27955457,1,ENVIRON FACTOR,17
27955457,1,ENVIRON FACTOR,2
27955457,2,ENVIRON FACTOR,17
27955457,2,ENVIRON FACTOR,2
27958919,1,ENVIRON FACTOR,2
27958919,2,ENVIRON FACTOR,2
27972287,1,ENVIRON FACTOR,2
27972287,2,ENVIRON FACTOR,2
27977060,1,ENVIRON FACTOR,2
27977060,2,ENVIRON FACTOR,99
27985632,1,ENVIRON FACTOR,2
27985632,2,ENVIRON FACTOR,2
27989352,1,ENVIRON FACTOR,2
27989994,1,ENVIRON FACTOR,2
27989994,2,ENVIRON FACTOR,2
27993776,1,ENVIRON FACTOR,2
27993776,2,ENVIRON FACTOR,2
27993776,3,ENVIRON FACTOR,2
27996741,1,ENVIRON FACTOR,2
27996741,2,ENVIRON FACTOR,2
27996741,3,ENVIRON FACTOR,2
28000227,1,ENVIRON FACTOR,2
28000227,1,ENVIRON FACTOR,3
28000369,1,ENVIRON FACTOR,2
28000369,2,ENVIRON FACTOR,2
28001397,1,ENVIRON FACTOR,2
28001397,1,ENVIRON FACTOR,97
28001397,2,ENVIRON FACTOR,2
28001397,2,ENVIRON FACTOR,97
28002405,1,ENVIRON FACTOR,2
28002405,2,ENVIRON FACTOR,99
28004201,1,ENVIRON FACTOR,2
28004201,2,ENVIRON FACTOR,99
28004201,3,ENVIRON FACTOR,99
28009776,1,ENVIRON FACTOR,17
28009776,1,ENVIRON FACTOR,2
28009776,2,ENVIRON FACTOR,17
28009776,2,ENVIRON FACTOR,2
28009776,3,ENVIRON FACTOR,17
28009776,3,ENVIRON FACTOR,2
28009992,1,ENVIRON FACTOR,2
28009992,1,DRIVER DISTRACTED BY,1
28010101,1,ENVIRON FACTOR,2
28010453,1,ENVIRON FACTOR,2
28010453,1,ENVIRON FACTOR,10
28012087,1,ENVIRON FACTOR,2
28012087,2,ENVIRON FACTOR,99
28014535,1,ENVIRON FACTOR,2
28014535,2,ENVIRON FACTOR,2
28017733,1,ENVIRON FACTOR,2
28019445,1,ENVIRON FACTOR,2
28019445,2,ENVIRON FACTOR,2
28021726,1,ENVIRON FACTOR,2
28021726,2,ENVIRON FACTOR,2
28024356,1,ENVIRON FACTOR,2
28024356,2,ENVIRON FACTOR,2
28026208,1,ENVIRON FACTOR,2
28026208,2,ENVIRON FACTOR,2
28026295,1,ENVIRON FACTOR,2
28026295,2,ENVIRON FACTOR,2
28026407,1,ENVIRON FACTOR,2
28026407,1,ENVIRON FACTOR,99
28026407,2,ENVIRON FACTOR,2
28026426,1,ENVIRON FACTOR,2
28026426,2,ENVIRON FACTOR,2
28034752,1,ENVIRON FACTOR,2
28034752,2,ENVIRON FACTOR,2
28035286,1,ENVIRON FACTOR,2
28035286,2,ENVIRON FACTOR,2
28041215,1,ENVIRON FACTOR,2
28041215,2,ENVIRON FACTOR,2
28042876,1,ENVIRON FACTOR,2
28042876,2,ENVIRON FACTOR,2
28042990,1,ENVIRON FACTOR,2
28042990,2,ENVIRON FACTOR,2
28043009,1,ENVIRON FACTOR,9
28043009,2,ENVIRON FACTOR,2
28043009,2,ENVIRON FACTOR,9
28046964,1,ENVIRON FACTOR,2
28046964,1,ENVIRON FACTOR,3
28053153,1,ENVIRON FACTOR,2
28053153,2,ENVIRON FACTOR,2
28056453,1,ENVIRON FACTOR,2
28056747,1,ENVIRON FACTOR,2
28056747,2,ENVIRON FACTOR,2
28057508,1,ENVIRON FACTOR,2
28057508,2,ENVIRON FACTOR,2
28061268,1,ENVIRON FACTOR,2
28061268,2,ENVIRON FACTOR,2
28061268,3,ENVIRON FACTOR,2
28062541,1,ENVIRON FACTOR,2
28062541,2,ENVIRON FACTOR,2
28063742,1,ENVIRON FACTOR,2
28065545,1,ENVIRON FACTOR,2
28065545,1,ENVIRON FACTOR,9
28066882,1,ENVIRON FACTOR,2
28066882,2,ENVIRON FACTOR,99
28071866,1,ENVIRON FACTOR,2
28071866,2,ENVIRON FACTOR,2
28073611,1,ENVIRON FACTOR,2
28073611,2,ENVIRON FACTOR,99
28074014,1,ENVIRON FACTOR,2
28074014,2,ENVIRON FACTOR,2
28075899,1,ENVIRON FACTOR,2
28075899,2,ENVIRON FACTOR,2
28085334,1,ENVIRON FACTOR,2
28085334,1,DRIVER DISTRACTED BY,3
28085334,2,ENVIRON FACTOR,2
28085485,1,ENVIRON FACTOR,2
28085485,2,ENVIRON FACTOR,2
28085945,1,ENVIRON FACTOR,2
28085945,1,DRIVER DISTRACTED BY,3
28085945,2,ENVIRON FACTOR,99
28094820,1,ENVIRON FACTOR,2
28094820,2,ENVIRON FACTOR,2
28098980,1,ENVIRON FACTOR,99
28098980,2,ENVIRON FACTOR,99
28098980,3,ENVIRON FACTOR,99
28098980,4,ENVIRON FACTOR,2
28098980,4,ENVIRON FACTOR,9
28104166,1,ENVIRON FACTOR,2
28104166,2,ENVIRON FACTOR,2
28108567,1,ENVIRON FACTOR,2
28108567,2,ENVIRON FACTOR,2
28108567,3,ENVIRON FACTOR,2
28109800,1,ENVIRON FACTOR,2
28109800,2,ENVIRON FACTOR,99
28111347,1,ENVIRON FACTOR,2
28111539,1,ENVIRON FACTOR,2
28111539,2,ENVIRON FACTOR,2
28111539,3,ENVIRON FACTOR,2
28111851,1,ENVIRON FACTOR,2
28111851,2,ENVIRON FACTOR,2
28112807,1,ENVIRON FACTOR,17
28112807,1,ENVIRON FACTOR,2
28112807,2,ENVIRON FACTOR,2
28116675,1,ENVIRON FACTOR,2
28116675,2,ENVIRON FACTOR,2
28116701,1,ENVIRON FACTOR,2
27877027,1,HUMAN FACTOR,14
27877027,1,VEHICULAR FACTOR,99
27877027,2,HUMAN FACTOR,99
27877027,2,VEHICULAR FACTOR,99
27899783,1,HUMAN FACTOR,14
27899783,1,VEHICULAR FACTOR,99
27899783,2,HUMAN FACTOR,99
27899783,2,VEHICULAR FACTOR,99
27904812,2,HUMAN FACTOR,99
27904812,2,VEHICULAR FACTOR,99
27918680,1,HUMAN FACTOR,18
27918680,1,VEHICULAR FACTOR,99
27918680,2,HUMAN FACTOR,99
27918680,2,VEHICULAR FACTOR,99
27918680,3,HUMAN FACTOR,99
27918680,3,VEHICULAR FACTOR,99
27923551,1,HUMAN FACTOR,8
27923551,1,HUMAN FACTOR,11
27923551,1,HUMAN FACTOR,14
27923551,1,VEHICULAR FACTOR,99
27924693,1,HUMAN FACTOR,99
27924693,1,VEHICULAR FACTOR,99
27924693,2,HUMAN FACTOR,99
27924693,2,VEHICULAR FACTOR,99
27931926,1,HUMAN FACTOR,17
27931926,1,VEHICULAR FACTOR,99
27931926,2,HUMAN FACTOR,99
27931926,2,VEHICULAR FACTOR,99
27934406,1,HUMAN FACTOR,18
27934406,1,VEHICULAR FACTOR,99
27934406,2,HUMAN FACTOR,99
27934406,2,VEHICULAR FACTOR,99
27941670,1,HUMAN FACTOR,14
27941670,1,VEHICULAR FACTOR,99
27941670,2,HUMAN FACTOR,99
27941670,2,VEHICULAR FACTOR,99
27947197,1,HUMAN FACTOR,17
27947197,1,VEHICULAR FACTOR,99
27947197,2,HUMAN FACTOR,99
27947197,2,VEHICULAR FACTOR,99
27953060,1,HUMAN FACTOR,99
27953060,1,VEHICULAR FACTOR,9
27954733,1,HUMAN FACTOR,17
27954733,1,VEHICULAR FACTOR,99
27954733,2,HUMAN FACTOR,99
27954733,2,VEHICULAR FACTOR,99
27955457,1,HUMAN FACTOR,14
27955457,1,VEHICULAR FACTOR,99
27955457,2,HUMAN FACTOR,99
27955457,2,VEHICULAR FACTOR,99
27958919,1,HUMAN FACTOR,97
27958919,1,VEHICULAR FACTOR,99
27958919,2,HUMAN FACTOR,99
27958919,2,VEHICULAR FACTOR,99
27972287,1,HUMAN FACTOR,99
27972287,1,VEHICULAR FACTOR,99
27972287,2,HUMAN FACTOR,99
27972287,2,VEHICULAR FACTOR,99
27977060,1,HUMAN FACTOR,17
27977060,1,VEHICULAR FACTOR,99
27977060,2,HUMAN FACTOR,99
27977060,2,VEHICULAR FACTOR,99
27985632,1,HUMAN FACTOR,14
27985632,1,VEHICULAR FACTOR,99
27985632,2,HUMAN FACTOR,99
27985632,2,VEHICULAR FACTOR,99
27989352,1,HUMAN FACTOR,1
27989352,1,HUMAN FACTOR,14
27989352,1,HUMAN FACTOR,18
27989352,1,VEHICULAR FACTOR,7
27989994,1,HUMAN FACTOR,18
27989994,1,VEHICULAR FACTOR,99
27989994,2,HUMAN FACTOR,99
27989994,2,VEHICULAR FACTOR,99
27993776,1,HUMAN FACTOR,14
27993776,1,HUMAN FACTOR,18
27993776,1,VEHICULAR FACTOR,99
27993776,2,HUMAN FACTOR,99
27993776,2,VEHICULAR FACTOR,99
27993776,3,HUMAN FACTOR,99
27993776,3,VEHICULAR FACTOR,99
27996741,1,HUMAN FACTOR,8
27996741,1,HUMAN FACTOR,11
27996741,1,VEHICULAR FACTOR,99
27996741,2,HUMAN FACTOR,11
27996741,2,VEHICULAR FACTOR,99
27996741,3,HUMAN FACTOR,99
27996741,3,VEHICULAR FACTOR,99
28000227,1,HUMAN FACTOR,99
28000227,1,VEHICULAR FACTOR,99
28000369,1,HUMAN FACTOR,26
28000369,1,VEHICULAR FACTOR,99
28000369,2,HUMAN FACTOR,99
28000369,2,VEHICULAR FACTOR,99
28001397,1,HUMAN FACTOR,14
28001397,1,VEHICULAR FACTOR,99
28001397,2,HUMAN FACTOR,99
28001397,2,VEHICULAR FACTOR,99
28002405,1,HUMAN FACTOR,99
28002405,1,VEHICULAR FACTOR,99
28002405,2,HUMAN FACTOR,99
28002405,2,VEHICULAR FACTOR,99
28004201,1,HUMAN FACTOR,14
28004201,1,VEHICULAR FACTOR,99
28004201,2,HUMAN FACTOR,99
28004201,2,VEHICULAR FACTOR,99
28004201,3,HUMAN FACTOR,99
28004201,3,VEHICULAR FACTOR,99
28009776,1,HUMAN FACTOR,14
28009776,1,VEHICULAR FACTOR,99
28009776,2,HUMAN FACTOR,99
28009776,2,VEHICULAR FACTOR,99
28009776,3,HUMAN FACTOR,99
28009776,3,VEHICULAR FACTOR,99
28009992,1,HUMAN FACTOR,2
28009992,1,HUMAN FACTOR,4
28009992,1,HUMAN FACTOR,14
28009992,1,VEHICULAR FACTOR,99
28010101,1,HUMAN FACTOR,14
28010101,1,VEHICULAR FACTOR,99
28010453,1,HUMAN FACTOR,1
28010453,1,HUMAN FACTOR,5
28010453,1,HUMAN FACTOR,19
28010453,1,VEHICULAR FACTOR,99
28012087,1,HUMAN FACTOR,14
28012087,1,HUMAN FACTOR,17
28012087,1,VEHICULAR FACTOR,99
28012087,2,HUMAN FACTOR,99
28012087,2,VEHICULAR FACTOR,99
28014535,1,HUMAN FACTOR,14
28014535,1,HUMAN FACTOR,18
28014535,1,VEHICULAR FACTOR,99
28014535,2,HUMAN FACTOR,99
28014535,2,VEHICULAR FACTOR,99
28017733,1,HUMAN FACTOR,1
28017733,1,HUMAN FACTOR,5
28017733,1,VEHICULAR FACTOR,99
28019445,1,HUMAN FACTOR,26
28019445,1,HUMAN FACTOR,8
28019445,1,VEHICULAR FACTOR,99
28019445,2,HUMAN FACTOR,99
28019445,2,VEHICULAR FACTOR,99
28021726,1,HUMAN FACTOR,99
28021726,1,VEHICULAR FACTOR,99
28021726,2,HUMAN FACTOR,99
28021726,2,VEHICULAR FACTOR,99
28024356,1,HUMAN FACTOR,14
28024356,1,VEHICULAR FACTOR,99
28024356,2,HUMAN FACTOR,99
28024356,2,VEHICULAR FACTOR,99
28026208,1,HUMAN FACTOR,23
28026208,1,VEHICULAR FACTOR,99
28026208,2,HUMAN FACTOR,99
28026208,2,VEHICULAR FACTOR,99
28026295,1,HUMAN FACTOR,11
28026295,1,HUMAN FACTOR,14
28026295,1,VEHICULAR FACTOR,99
28026295,2,HUMAN FACTOR,99
28026295,2,VEHICULAR FACTOR,99
28026407,1,HUMAN FACTOR,26
28026407,1,HUMAN FACTOR,8
28026407,1,HUMAN FACTOR,14
28026407,1,VEHICULAR FACTOR,99
28026407,2,HUMAN FACTOR,99
28026407,2,VEHICULAR FACTOR,99
28026426,1,HUMAN FACTOR,11
28026426,1,HUMAN FACTOR,14
28026426,1,VEHICULAR FACTOR,99
28026426,2,HUMAN FACTOR,99
28026426,2,VEHICULAR FACTOR,99
28034752,1,HUMAN FACTOR,26
28034752,1,HUMAN FACTOR,14
28034752,1,HUMAN FACTOR,17
28034752,1,VEHICULAR FACTOR,99
28034752,2,HUMAN FACTOR,99
28034752,2,VEHICULAR FACTOR,99
28035286,1,HUMAN FACTOR,14
28035286,1,HUMAN FACTOR,18
28035286,1,HUMAN FACTOR,22
28035286,1,VEHICULAR FACTOR,99
28035286,2,HUMAN FACTOR,99
28035286,2,VEHICULAR FACTOR,99
28041215,1,HUMAN FACTOR,18
28041215,1,VEHICULAR FACTOR,99
28041215,2,HUMAN FACTOR,99
28041215,2,VEHICULAR FACTOR,99
28042876,1,HUMAN FACTOR,99
28042876,1,VEHICULAR FACTOR,99
28042876,2,HUMAN FACTOR,99
28042876,2,VEHICULAR FACTOR,99
28042990,1,HUMAN FACTOR,97
28042990,1,VEHICULAR FACTOR,99
28042990,2,HUMAN FACTOR,99
28042990,2,VEHICULAR FACTOR,99
28043009,1,HUMAN FACTOR,17
28043009,1,VEHICULAR FACTOR,99
28043009,2,HUMAN FACTOR,99
28043009,2,VEHICULAR FACTOR,99
28046964,1,HUMAN FACTOR,99
28046964,1,VEHICULAR FACTOR,99
28053153,1,HUMAN FACTOR,99
28053153,1,VEHICULAR FACTOR,99
28053153,2,HUMAN FACTOR,99
28053153,2,VEHICULAR FACTOR,99
28056453,1,HUMAN FACTOR,5
28056453,1,VEHICULAR FACTOR,99
28056747,1,HUMAN FACTOR,8
28056747,1,HUMAN FACTOR,18
28056747,1,VEHICULAR FACTOR,99
28056747,2,HUMAN FACTOR,99
28056747,2,VEHICULAR FACTOR,99
28057508,1,HUMAN FACTOR,14
28057508,1,HUMAN FACTOR,18
28057508,1,VEHICULAR FACTOR,99
28057508,2,HUMAN FACTOR,99
28057508,2,VEHICULAR FACTOR,99
28061268,1,HUMAN FACTOR,18
28061268,1,VEHICULAR FACTOR,1
28061268,2,HUMAN FACTOR,99
28061268,2,VEHICULAR FACTOR,99
28061268,3,HUMAN FACTOR,99
28061268,3,VEHICULAR FACTOR,99
28062541,1,HUMAN FACTOR,14
28062541,1,VEHICULAR FACTOR,99
28062541,2,HUMAN FACTOR,99
28062541,2,VEHICULAR FACTOR,99
28063742,1,HUMAN FACTOR,5
28063742,1,HUMAN FACTOR,26
28063742,1,HUMAN FACTOR,10
28063742,1,VEHICULAR FACTOR,99
28066882,1,HUMAN FACTOR,14
28066882,1,VEHICULAR FACTOR,99
28066882,2,HUMAN FACTOR,99
28066882,2,VEHICULAR FACTOR,99
28071866,1,HUMAN FACTOR,26
28071866,1,HUMAN FACTOR,14
28071866,1,VEHICULAR FACTOR,99
28071866,2,HUMAN FACTOR,99
28071866,2,VEHICULAR FACTOR,99
28073611,1,HUMAN FACTOR,1
28073611,1,HUMAN FACTOR,13
28073611,1,HUMAN FACTOR,17
28073611,1,VEHICULAR FACTOR,99
28073611,2,HUMAN FACTOR,99
28073611,2,VEHICULAR FACTOR,99
28074014,1,HUMAN FACTOR,8
28074014,1,VEHICULAR FACTOR,99
28074014,2,HUMAN FACTOR,99
28074014,2,VEHICULAR FACTOR,99
28075899,1,HUMAN FACTOR,11
28075899,1,VEHICULAR FACTOR,99
28075899,2,HUMAN FACTOR,99
28075899,2,VEHICULAR FACTOR,99
28085334,1,HUMAN FACTOR,4
28085334,1,VEHICULAR FACTOR,99
28085334,2,HUMAN FACTOR,99
28085334,2,VEHICULAR FACTOR,99
28085485,1,HUMAN FACTOR,7
28085485,1,VEHICULAR FACTOR,99
28085485,2,HUMAN FACTOR,99
28085485,2,VEHICULAR FACTOR,99
28085945,1,HUMAN FACTOR,4
28085945,1,VEHICULAR FACTOR,99
28085945,2,HUMAN FACTOR,99
28085945,2,VEHICULAR FACTOR,99
28094820,1,HUMAN FACTOR,14
28094820,1,VEHICULAR FACTOR,99
28094820,2,HUMAN FACTOR,99
28094820,2,VEHICULAR FACTOR,99
28098980,1,HUMAN FACTOR,99
28098980,1,VEHICULAR FACTOR,99
28098980,2,HUMAN FACTOR,99
28098980,2,VEHICULAR FACTOR,99
28098980,3,HUMAN FACTOR,99
28098980,3,VEHICULAR FACTOR,99
28098980,4,HUMAN FACTOR,99
28098980,4,VEHICULAR FACTOR,99
28104166,1,HUMAN FACTOR,8
28104166,1,VEHICULAR FACTOR,99
28104166,2,HUMAN FACTOR,99
28104166,2,VEHICULAR FACTOR,99
28108567,1,HUMAN FACTOR,8
28108567,1,HUMAN FACTOR,11
28108567,1,HUMAN FACTOR,14
28108567,1,VEHICULAR FACTOR,99
28108567,2,HUMAN FACTOR,11
28108567,2,VEHICULAR FACTOR,99
28108567,3,HUMAN FACTOR,99
28108567,3,VEHICULAR FACTOR,99
28109800,1,HUMAN FACTOR,14
28109800,1,VEHICULAR FACTOR,99
28109800,2,HUMAN FACTOR,99
28109800,2,VEHICULAR FACTOR,99
28111347,1,HUMAN FACTOR,14
28111347,1,HUMAN FACTOR,18
28111347,1,VEHICULAR FACTOR,99
28111539,1,HUMAN FACTOR,17
28111539,1,VEHICULAR FACTOR,99
28111539,2,HUMAN FACTOR,99
28111539,2,VEHICULAR FACTOR,99
28111539,3,HUMAN FACTOR,99
28111539,3,VEHICULAR FACTOR,99
28111851,1,HUMAN FACTOR,14
28111851,1,VEHICULAR FACTOR,99
28111851,2,HUMAN FACTOR,99
28111851,2,VEHICULAR FACTOR,99
28112807,1,HUMAN FACTOR,11
28112807,1,VEHICULAR FACTOR,99
28112807,2,HUMAN FACTOR,97
28112807,2,VEHICULAR FACTOR,97
28116675,1,HUMAN FACTOR,3
28116675,1,VEHICULAR FACTOR,99
28116675,2,HUMAN FACTOR,99
28116675,2,VEHICULAR FACTOR,99
28116701,1,HUMAN FACTOR,17
28116701,1,VEHICULAR FACTOR,99
28116701,2,HUMAN FACTOR,99
28116701,2,VEHICULAR FACTOR,99
28126646,1,HUMAN FACTOR,17
28126646,1,VEHICULAR FACTOR,13
28126646,2,HUMAN FACTOR,99
28126646,2,VEHICULAR FACTOR,13
28126665,1,HUMAN FACTOR,14
28126665,1,VEHICULAR FACTOR,99
28126665,2,HUMAN FACTOR,99
28126665,2,VEHICULAR FACTOR,99
28126747,1,HUMAN FACTOR,26
28126747,1,HUMAN FACTOR,18
28126747,2,HUMAN FACTOR,99
28126747,2,VEHICULAR FACTOR,99
28130209,1,HUMAN FACTOR,14
28130209,1,HUMAN FACTOR,18
28130209,1,VEHICULAR FACTOR,99
28130209,2,HUMAN FACTOR,99
28130209,2,VEHICULAR FACTOR,99
28130214,1,HUMAN FACTOR,99
28130214,1,VEHICULAR FACTOR,99
28130214,2,HUMAN FACTOR,99
28130214,2,VEHICULAR FACTOR,99
28130299,1,HUMAN FACTOR,99
28130299,1,VEHICULAR FACTOR,99
28130299,2,VEHICULAR FACTOR,99
28130467,1,HUMAN FACTOR,8
28130467,1,HUMAN FACTOR,17
28130467,1,VEHICULAR FACTOR,99
28130467,2,HUMAN FACTOR,99
28130467,2,VEHICULAR FACTOR,99
28130692,1,HUMAN FACTOR,8
28130692,1,VEHICULAR FACTOR,99
28130692,2,HUMAN FACTOR,99
28130692,2,VEHICULAR FACTOR,99
28131125,1,HUMAN FACTOR,3
28131125,1,HUMAN FACTOR,14
28131125,1,VEHICULAR FACTOR,99
28131125,2,HUMAN FACTOR,99
28131125,2,VEHICULAR FACTOR,99
28133581,1,HUMAN FACTOR,14
28133581,1,VEHICULAR FACTOR,99
28134761,1,HUMAN FACTOR,14
28134761,1,HUMAN FACTOR,18
28134761,1,VEHICULAR FACTOR,99
28134761,2,HUMAN FACTOR,99
28134761,2,VEHICULAR FACTOR,99
28140485,1,HUMAN FACTOR,18
28140485,1,VEHICULAR FACTOR,99
28140485,2,HUMAN FACTOR,99
28140485,2,VEHICULAR FACTOR,99
28142072,1,HUMAN FACTOR,11
28142072,1,VEHICULAR FACTOR,99
28142072,2,HUMAN FACTOR,99
28142072,2,VEHICULAR FACTOR,99
28142072,3,HUMAN FACTOR,99
28142072,3,VEHICULAR FACTOR,99
28144964,1,HUMAN FACTOR,8
28144964,1,HUMAN FACTOR,23
28144964,1,VEHICULAR FACTOR,99
28144964,2,HUMAN FACTOR,99
28144964,2,VEHICULAR FACTOR,99
28149038,1,HUMAN FACTOR,14
28149038,1,VEHICULAR FACTOR,99
28149038,2,HUMAN FACTOR,99
28149038,2,VEHICULAR FACTOR,99
28150140,1,HUMAN FACTOR,99
28150140,1,VEHICULAR FACTOR,99
28153549,1,HUMAN FACTOR,99
28153549,1,VEHICULAR FACTOR,99
28154051,1,HUMAN FACTOR,3
28154051,1,HUMAN FACTOR,18
28154051,1,VEHICULAR FACTOR,99
28154051,2,HUMAN FACTOR,99
28154051,2,VEHICULAR FACTOR,99
28154051,3,HUMAN FACTOR,99
28154051,3,VEHICULAR FACTOR,99
28154051,4,HUMAN FACTOR,99
28154051,4,VEHICULAR FACTOR,99
28157873,1,HUMAN FACTOR,8
28157873,1,VEHICULAR FACTOR,99
28157873,2,HUMAN FACTOR,99
28157873,2,VEHICULAR FACTOR,99
28158712,1,HUMAN FACTOR,4
28158712,1,VEHICULAR FACTOR,99
28158712,2,HUMAN FACTOR,99
28158712,2,VEHICULAR FACTOR,99
28159772,1,HUMAN FACTOR,12
28159772,1,HUMAN FACTOR,14
28159772,1,HUMAN FACTOR,17
28159772,1,VEHICULAR FACTOR,99
28159772,2,HUMAN FACTOR,99
28159772,2,VEHICULAR FACTOR,99
28161946,1,HUMAN FACTOR,99
28161946,1,VEHICULAR FACTOR,99
28161946,2,HUMAN FACTOR,99
28161946,2,VEHICULAR FACTOR,99
28161947,1,HUMAN FACTOR,26
28161947,1,HUMAN FACTOR,8
28161947,1,HUMAN FACTOR,18
28161947,1,VEHICULAR FACTOR,99
28161947,2,HUMAN FACTOR,99
28161947,2,VEHICULAR FACTOR,99
28165483,1,HUMAN FACTOR,8
28165483,1,HUMAN FACTOR,14
28165483,1,VEHICULAR FACTOR,99
28165483,2,HUMAN FACTOR,99
28165483,2,VEHICULAR FACTOR,99
28167616,1,HUMAN FACTOR,17
28167616,1,VEHICULAR FACTOR,99
28167616,2,HUMAN FACTOR,97
28167616,2,VEHICULAR FACTOR,99
28167988,1,HUMAN FACTOR,99
28167988,1,VEHICULAR FACTOR,99
28167988,2,HUMAN FACTOR,99
28167988,2,VEHICULAR FACTOR,99
28168063,1,HUMAN FACTOR,11
28168063,1,VEHICULAR FACTOR,99
28168063,2,HUMAN FACTOR,99
28168063,2,VEHICULAR FACTOR,99
28171071,1,HUMAN FACTOR,99
28171071,1,VEHICULAR FACTOR,99
28175498,1,HUMAN FACTOR,14
28175498,1,HUMAN FACTOR,18
28175498,1,VEHICULAR FACTOR,99
28175498,2,HUMAN FACTOR,99
28175498,2,VEHICULAR FACTOR,99
28178470,1,HUMAN FACTOR,97
28178470,1,VEHICULAR FACTOR,99
28178470,2,HUMAN FACTOR,97
28178470,2,VEHICULAR FACTOR,99
28180262,1,HUMAN FACTOR,4
28180262,1,HUMAN FACTOR,18
28180262,1,VEHICULAR FACTOR,99
28180262,2,HUMAN FACTOR,99
28180262,2,VEHICULAR FACTOR,99
28182943,1,HUMAN FACTOR,97
28182943,1,VEHICULAR FACTOR,99
28184562,1,HUMAN FACTOR,14
28184562,1,VEHICULAR FACTOR,99
28184562,2,HUMAN FACTOR,99
28184562,2,VEHICULAR FACTOR,99
28186210,1,HUMAN FACTOR,14
28186210,1,VEHICULAR FACTOR,99
28186210,2,HUMAN FACTOR,99
28186210,2,VEHICULAR FACTOR,99
28188270,1,HUMAN FACTOR,21
28188270,1,VEHICULAR FACTOR,99
28188514,1,HUMAN FACTOR,14
28188514,1,HUMAN FACTOR,17
28188514,1,VEHICULAR FACTOR,99
28188514,2,HUMAN FACTOR,99
28188514,2,VEHICULAR FACTOR,99
28190476,1,HUMAN FACTOR,3
28190476,1,VEHICULAR FACTOR,99
28190476,2,HUMAN FACTOR,99
28190476,2,VEHICULAR FACTOR,99
28194628,1,HUMAN FACTOR,99
28194628,1,VEHICULAR FACTOR,99
28194628,2,HUMAN FACTOR,99
28194628,2,VEHICULAR FACTOR,99
28116701,2,ENVIRON FACTOR,2
28126646,1,ENVIRON FACTOR,2
28126646,2,ENVIRON FACTOR,2
28126665,1,ENVIRON FACTOR,2
28126665,2,ENVIRON FACTOR,2
28126747,1,ENVIRON FACTOR,2
28126747,2,ENVIRON FACTOR,2
28130209,1,ENVIRON FACTOR,2
28130209,2,ENVIRON FACTOR,2
28130214,1,ENVIRON FACTOR,17
28130214,1,ENVIRON FACTOR,2
28130214,2,ENVIRON FACTOR,17
28130214,2,ENVIRON FACTOR,2
28130299,1,ENVIRON FACTOR,2
28130467,1,ENVIRON FACTOR,2
28130467,2,ENVIRON FACTOR,99
28130692,1,ENVIRON FACTOR,2
28130692,2,ENVIRON FACTOR,2
28131125,1,ENVIRON FACTOR,2
28131125,2,ENVIRON FACTOR,99
28133581,1,ENVIRON FACTOR,2
28134761,1,ENVIRON FACTOR,17
28134761,1,ENVIRON FACTOR,2
28134761,2,ENVIRON FACTOR,17
28134761,2,ENVIRON FACTOR,2
28140485,1,ENVIRON FACTOR,2
28140485,2,ENVIRON FACTOR,2
28142072,1,ENVIRON FACTOR,2
28142072,2,ENVIRON FACTOR,2
28142072,3,ENVIRON FACTOR,2
28144964,1,ENVIRON FACTOR,2
28144964,2,ENVIRON FACTOR,2
28149038,1,ENVIRON FACTOR,2
28149038,2,ENVIRON FACTOR,2
28150140,1,ENVIRON FACTOR,2
28150140,1,ENVIRON FACTOR,3
28153549,1,ENVIRON FACTOR,2
28153549,1,ENVIRON FACTOR,3
28154051,1,ENVIRON FACTOR,2
28154051,2,ENVIRON FACTOR,2
28154051,3,ENVIRON FACTOR,2
28154051,4,ENVIRON FACTOR,2
28157873,1,ENVIRON FACTOR,2
28157873,2,ENVIRON FACTOR,2
28158712,1,ENVIRON FACTOR,2
28158712,1,DRIVER DISTRACTED BY,3
28158712,2,ENVIRON FACTOR,2
28159772,1,ENVIRON FACTOR,2
28159772,2,ENVIRON FACTOR,2
28161946,1,ENVIRON FACTOR,2
28161946,2,ENVIRON FACTOR,2
28161947,1,ENVIRON FACTOR,2
28161947,2,ENVIRON FACTOR,2
28165483,1,ENVIRON FACTOR,2
28165483,2,ENVIRON FACTOR,2
28167616,1,ENVIRON FACTOR,2
28167616,2,ENVIRON FACTOR,2
28167988,1,ENVIRON FACTOR,2
28167988,1,ENVIRON FACTOR,12
28167988,2,ENVIRON FACTOR,2
28168063,1,ENVIRON FACTOR,2
28168063,2,ENVIRON FACTOR,99
28171071,1,ENVIRON FACTOR,2
28171071,1,ENVIRON FACTOR,97
28175498,1,ENVIRON FACTOR,2
28175498,2,ENVIRON FACTOR,2
28178470,1,ENVIRON FACTOR,2
28178470,2,ENVIRON FACTOR,2
28180262,1,ENVIRON FACTOR,2
28180262,1,DRIVER DISTRACTED BY,4
28180262,2,ENVIRON FACTOR,2
28182943,1,ENVIRON FACTOR,2
28184562,1,ENVIRON FACTOR,2
28184562,2,ENVIRON FACTOR,2
28186210,1,ENVIRON FACTOR,2
28186210,2,ENVIRON FACTOR,2
28188270,1,ENVIRON FACTOR,2
28188514,1,ENVIRON FACTOR,2
28188514,2,ENVIRON FACTOR,2
28190476,1,ENVIRON FACTOR,2
28190476,2,ENVIRON FACTOR,2
28194628,1,ENVIRON FACTOR,2
28194628,2,ENVIRON FACTOR,99
28196673,1,ENVIRON FACTOR,2
28196673,2,ENVIRON FACTOR,99
28196710,1,ENVIRON FACTOR,2
28196710,2,ENVIRON FACTOR,2
28198606,1,ENVIRON FACTOR,2
28198606,2,ENVIRON FACTOR,2
28198608,1,ENVIRON FACTOR,2
28198608,1,ENVIRON FACTOR,3
28198608,2,ENVIRON FACTOR,2
28200196,1,ENVIRON FACTOR,2
28200196,2,ENVIRON FACTOR,2
28202490,1,ENVIRON FACTOR,2
28202490,1,ENVIRON FACTOR,13
28202490,2,ENVIRON FACTOR,2
28202490,2,ENVIRON FACTOR,13
28205549,1,ENVIRON FACTOR,2
28205549,2,ENVIRON FACTOR,2
28207534,1,ENVIRON FACTOR,2
28207534,2,ENVIRON FACTOR,2
28210290,1,ENVIRON FACTOR,2
28210411,1,ENVIRON FACTOR,17
28210411,1,ENVIRON FACTOR,2
28210411,2,ENVIRON FACTOR,17
28210411,2,ENVIRON FACTOR,2
28210411,3,ENVIRON FACTOR,17
28210411,3,ENVIRON FACTOR,2
28210411,4,ENVIRON FACTOR,17
28210411,4,ENVIRON FACTOR,2
28210411,5,ENVIRON FACTOR,17
28210411,5,ENVIRON FACTOR,2
28210552,1,ENVIRON FACTOR,2
28210552,2,ENVIRON FACTOR,2
28214259,1,ENVIRON FACTOR,2
28214259,1,DRIVER DISTRACTED BY,3
28214259,2,ENVIRON FACTOR,99
28222253,1,ENVIRON FACTOR,9
28222253,2,ENVIRON FACTOR,2
28222308,1,ENVIRON FACTOR,2
28224864,1,ENVIRON FACTOR,2
28224864,2,ENVIRON FACTOR,2
28224979,1,ENVIRON FACTOR,2
28224979,2,ENVIRON FACTOR,2
28224984,1,ENVIRON FACTOR,2
28224984,2,ENVIRON FACTOR,17
28225281,1,ENVIRON FACTOR,2
28225281,2,ENVIRON FACTOR,2
28226394,1,ENVIRON FACTOR,2
28226394,2,ENVIRON FACTOR,99
28230609,1,ENVIRON FACTOR,2
28233797,1,ENVIRON FACTOR,2
28233797,1,DRIVER DISTRACTED BY,3
28234133,1,ENVIRON FACTOR,2
28234133,2,ENVIRON FACTOR,2
28238274,1,ENVIRON FACTOR,17
28238274,1,ENVIRON FACTOR,2
28238338,1,ENVIRON FACTOR,2
28238338,2,ENVIRON FACTOR,2
28238338,3,ENVIRON FACTOR,99
28238737,1,ENVIRON FACTOR,2
28238737,1,ENVIRON FACTOR,16
28238737,2,ENVIRON FACTOR,2
28238737,2,ENVIRON FACTOR,16
28238737,3,ENVIRON FACTOR,2
28238737,3,ENVIRON FACTOR,16
28239242,1,ENVIRON FACTOR,2
28239242,1,ENVIRON FACTOR,11
28239295,1,ENVIRON FACTOR,2
28239295,2,ENVIRON FACTOR,2
28239471,1,ENVIRON FACTOR,2
28239471,2,ENVIRON FACTOR,99
28242034,1,ENVIRON FACTOR,2
28242034,2,ENVIRON FACTOR,99
28242143,1,ENVIRON FACTOR,2
28242143,2,ENVIRON FACTOR,2
28244145,1,ENVIRON FACTOR,2
28244145,1,DRIVER DISTRACTED BY,5
28244145,2,ENVIRON FACTOR,2
28244145,2,ENVIRON FACTOR,16
28244145,3,ENVIRON FACTOR,2
28244145,4,ENVIRON FACTOR,2
28244740,1,ENVIRON FACTOR,2
28244740,1,ENVIRON FACTOR,11
28246141,1,ENVIRON FACTOR,2
28251472,1,ENVIRON FACTOR,17
28251472,1,ENVIRON FACTOR,2
28251472,2,ENVIRON FACTOR,17
28251472,2,ENVIRON FACTOR,2
28255653,1,ENVIRON FACTOR,2
28255653,2,ENVIRON FACTOR,2
28255653,3,ENVIRON FACTOR,2
28255653,4,ENVIRON FACTOR,2
28255692,1,ENVIRON FACTOR,17
28255692,1,ENVIRON FACTOR,2
28255692,2,ENVIRON FACTOR,2
28256073,1,ENVIRON FACTOR,17
28256073,1,ENVIRON FACTOR,2
28256073,2,ENVIRON FACTOR,17
28256073,2,ENVIRON FACTOR,2
28256073,3,ENVIRON FACTOR,17
28256073,3,ENVIRON FACTOR,2
28261283,1,ENVIRON FACTOR,17
28261283,1,ENVIRON FACTOR,2
28261283,2,ENVIRON FACTOR,99
28262243,1,ENVIRON FACTOR,2
28262243,2,ENVIRON FACTOR,2
28264833,1,ENVIRON FACTOR,2
28264844,1,ENVIRON FACTOR,2
28264844,1,ENVIRON FACTOR,3
28264844,2,ENVIRON FACTOR,2
28264844,2,ENVIRON FACTOR,3
28264844,3,ENVIRON FACTOR,2
28264844,3,ENVIRON FACTOR,3
28268098,1,ENVIRON FACTOR,2
28268098,1,ENVIRON FACTOR,97
28268798,1,ENVIRON FACTOR,2
28268798,2,ENVIRON FACTOR,2
28268798,3,ENVIRON FACTOR,2
28278238,1,ENVIRON FACTOR,2
28278904,1,ENVIRON FACTOR,17
28278904,1,ENVIRON FACTOR,2
28278904,2,ENVIRON FACTOR,17
28278904,2,ENVIRON FACTOR,2
28280195,1,ENVIRON FACTOR,2
28280195,2,ENVIRON FACTOR,2
28283012,1,ENVIRON FACTOR,2
28283012,2,ENVIRON FACTOR,2
28283014,1,ENVIRON FACTOR,2
28283014,2,ENVIRON FACTOR,2
28285798,1,ENVIRON FACTOR,9
28285798,2,ENVIRON FACTOR,2
28285798,2,ENVIRON FACTOR,9
28286540,1,ENVIRON FACTOR,2
28286540,2,ENVIRON FACTOR,2
28286542,1,ENVIRON FACTOR,2
28286542,2,ENVIRON FACTOR,2
28288281,1,ENVIRON FACTOR,2
28288281,2,ENVIRON FACTOR,2
28289256,1,ENVIRON FACTOR,2
28289256,2,ENVIRON FACTOR,2
28289256,3,ENVIRON FACTOR,2
28290650,1,ENVIRON FACTOR,2
28290650,2,ENVIRON FACTOR,99
28291314,1,ENVIRON FACTOR,2
28291314,2,ENVIRON FACTOR,2
28301621,1,ENVIRON FACTOR,2
28301621,2,ENVIRON FACTOR,2
28301819,1,ENVIRON FACTOR,2
28301819,2,ENVIRON FACTOR,2
28301912,1,ENVIRON FACTOR,2
28301912,2,ENVIRON FACTOR,2
28301979,1,ENVIRON FACTOR,2
28301979,2,ENVIRON FACTOR,2
28302007,1,ENVIRON FACTOR,9
28302007,2,ENVIRON FACTOR,2
28302077,1,ENVIRON FACTOR,17
28302077,1,ENVIRON FACTOR,2
28302077,2,ENVIRON FACTOR,17
28302077,2,ENVIRON FACTOR,2
28302077,3,ENVIRON FACTOR,17
28302077,3,ENVIRON FACTOR,2
28304746,1,ENVIRON FACTOR,2
28304809,1,ENVIRON FACTOR,2
28304809,2,ENVIRON FACTOR,99
28305707,1,ENVIRON FACTOR,2
28305707,2,ENVIRON FACTOR,99
28306625,1,ENVIRON FACTOR,2
28306625,2,ENVIRON FACTOR,2
28306625,3,ENVIRON FACTOR,2
28307651,1,ENVIRON FACTOR,2
28307651,1,DRIVER DISTRACTED BY,2
28307651,2,ENVIRON FACTOR,99
28309097,1,ENVIRON FACTOR,2
28309097,2,ENVIRON FACTOR,2
28309610,1,ENVIRON FACTOR,2
28309610,2,ENVIRON FACTOR,2
28310595,1,ENVIRON FACTOR,2
28310595,1,ENVIRON FACTOR,5
28310595,2,ENVIRON FACTOR,2
28310595,3,ENVIRON FACTOR,2
28313781,1,ENVIRON FACTOR,2
28314216,1,ENVIRON FACTOR,2
28314216,2,ENVIRON FACTOR,2
28314229,1,ENVIRON FACTOR,2
28314229,2,ENVIRON FACTOR,2
28318415,1,ENVIRON FACTOR,2
28318415,2,ENVIRON FACTOR,2
28318415,3,ENVIRON FACTOR,99
28318490,1,ENVIRON FACTOR,2
28318490,1,ENVIRON FACTOR,3
28319423,2,ENVIRON FACTOR,2
28319423,2,ENVIRON FACTOR,99
27644642,1,ENVIRON FACTOR,17
27644642,1,ENVIRON FACTOR,2
27644642,2,ENVIRON FACTOR,17
27644642,2,ENVIRON FACTOR,2
27657830,1,ENVIRON FACTOR,2
27657830,2,ENVIRON FACTOR,2
27662943,1,ENVIRON FACTOR,2
27662943,2,ENVIRON FACTOR,99
27682458,1,ENVIRON FACTOR,2
27682458,2,ENVIRON FACTOR,99
27686525,1,ENVIRON FACTOR,2
27686525,2,ENVIRON FACTOR,2
27693544,1,ENVIRON FACTOR,2
27693544,2,ENVIRON FACTOR,2
27699159,1,ENVIRON FACTOR,2
27699159,2,ENVIRON FACTOR,2
27726457,1,ENVIRON FACTOR,2
27726457,2,ENVIRON FACTOR,2
27726457,3,ENVIRON FACTOR,2
27734884,1,ENVIRON FACTOR,2
27747422,1,ENVIRON FACTOR,2
27747422,2,ENVIRON FACTOR,2
27747784,1,ENVIRON FACTOR,2
27747784,2,ENVIRON FACTOR,99
27768049,1,ENVIRON FACTOR,2
27768049,1,ENVIRON FACTOR,99
27768049,2,ENVIRON FACTOR,2
27771768,1,ENVIRON FACTOR,2
27771768,2,ENVIRON FACTOR,2
27771768,3,ENVIRON FACTOR,99
27795926,1,ENVIRON FACTOR,2
27795926,2,ENVIRON FACTOR,3
27803929,1,ENVIRON FACTOR,2
27803929,2,ENVIRON FACTOR,2
27805998,1,ENVIRON FACTOR,1
27805998,1,ENVIRON FACTOR,2
27821738,1,ENVIRON FACTOR,2
27821738,2,ENVIRON FACTOR,2
27829228,1,ENVIRON FACTOR,2
27829228,2,ENVIRON FACTOR,99
27857986,1,ENVIRON FACTOR,2
27857986,2,ENVIRON FACTOR,2
27863317,1,ENVIRON FACTOR,2
27863317,1,ENVIRON FACTOR,16
27863317,2,ENVIRON FACTOR,2
27863317,2,ENVIRON FACTOR,16
27864051,1,ENVIRON FACTOR,2
27872269,1,ENVIRON FACTOR,5
27872269,2,ENVIRON FACTOR,2
27872269,2,ENVIRON FACTOR,5
27873210,1,ENVIRON FACTOR,2
27873210,2,ENVIRON FACTOR,99
27883098,1,ENVIRON FACTOR,2
27890267,1,ENVIRON FACTOR,2
27890267,2,ENVIRON FACTOR,99
27896132,1,ENVIRON FACTOR,2
27896132,1,ENVIRON FACTOR,9
27896132,2,ENVIRON FACTOR,9
27901086,1,ENVIRON FACTOR,17
27901086,1,ENVIRON FACTOR,2
27901086,2,ENVIRON FACTOR,17
27901086,2,ENVIRON FACTOR,2
27901086,3,ENVIRON FACTOR,17
27901086,3,ENVIRON FACTOR,2
27905589,1,ENVIRON FACTOR,2
27905590,1,ENVIRON FACTOR,2
27905590,1,ENVIRON FACTOR,97
27905590,2,ENVIRON FACTOR,2
27905590,2,ENVIRON FACTOR,97
27905969,1,ENVIRON FACTOR,2
27905969,2,ENVIRON FACTOR,99
27923872,1,ENVIRON FACTOR,17
27923872,1,ENVIRON FACTOR,2
27923872,2,ENVIRON FACTOR,17
27923872,2,ENVIRON FACTOR,2
27928216,1,ENVIRON FACTOR,2
27928216,2,ENVIRON FACTOR,99
27928221,1,ENVIRON FACTOR,2
27931254,1,ENVIRON FACTOR,2
27931254,2,ENVIRON FACTOR,99
28196673,1,HUMAN FACTOR,17
28196673,1,VEHICULAR FACTOR,99
28196673,2,HUMAN FACTOR,99
28196673,2,VEHICULAR FACTOR,99
28196710,1,HUMAN FACTOR,14
28196710,1,HUMAN FACTOR,17
28196710,1,VEHICULAR FACTOR,99
28196710,2,HUMAN FACTOR,99
28196710,2,VEHICULAR FACTOR,99
28198606,1,HUMAN FACTOR,17
28198606,1,VEHICULAR FACTOR,99
28198606,2,HUMAN FACTOR,19
28198606,2,VEHICULAR FACTOR,99
28198608,1,HUMAN FACTOR,26
28198608,1,VEHICULAR FACTOR,99
28198608,2,HUMAN FACTOR,99
28198608,2,VEHICULAR FACTOR,99
28200196,1,HUMAN FACTOR,14
28200196,1,VEHICULAR FACTOR,99
28200196,2,HUMAN FACTOR,99
28200196,2,VEHICULAR FACTOR,99
28202490,1,HUMAN FACTOR,14
28202490,1,VEHICULAR FACTOR,99
28202490,2,HUMAN FACTOR,99
28202490,2,VEHICULAR FACTOR,99
28205549,1,HUMAN FACTOR,14
28205549,1,HUMAN FACTOR,18
28205549,1,VEHICULAR FACTOR,99
28205549,2,HUMAN FACTOR,99
28205549,2,VEHICULAR FACTOR,99
28207534,1,HUMAN FACTOR,6
28207534,1,HUMAN FACTOR,18
28207534,1,VEHICULAR FACTOR,99
28207534,2,HUMAN FACTOR,99
28207534,2,VEHICULAR FACTOR,99
28210290,1,HUMAN FACTOR,18
28210290,1,VEHICULAR FACTOR,99
28210411,1,HUMAN FACTOR,17
28210411,1,VEHICULAR FACTOR,99
28210411,2,HUMAN FACTOR,99
28210411,2,VEHICULAR FACTOR,99
28210411,3,HUMAN FACTOR,99
28210411,3,VEHICULAR FACTOR,99
28210411,4,HUMAN FACTOR,99
28210411,4,VEHICULAR FACTOR,99
28210411,5,HUMAN FACTOR,99
28210411,5,VEHICULAR FACTOR,99
28210552,1,HUMAN FACTOR,17
28210552,1,VEHICULAR FACTOR,99
28210552,2,HUMAN FACTOR,99
28210552,2,VEHICULAR FACTOR,99
28214259,1,HUMAN FACTOR,4
28214259,1,HUMAN FACTOR,14
28214259,1,VEHICULAR FACTOR,99
28214259,2,HUMAN FACTOR,99
28214259,2,VEHICULAR FACTOR,99
28222253,1,HUMAN FACTOR,14
28222253,1,VEHICULAR FACTOR,99
28222253,2,HUMAN FACTOR,99
28222253,2,VEHICULAR FACTOR,99
28222308,1,HUMAN FACTOR,14
28222308,1,VEHICULAR FACTOR,99
28224864,1,HUMAN FACTOR,14
28224864,1,VEHICULAR FACTOR,99
28224864,2,HUMAN FACTOR,99
28224864,2,VEHICULAR FACTOR,99
28224979,1,HUMAN FACTOR,26
28224979,1,VEHICULAR FACTOR,97
28224979,2,HUMAN FACTOR,99
28224979,2,VEHICULAR FACTOR,99
28224984,1,HUMAN FACTOR,18
28224984,1,VEHICULAR FACTOR,99
28224984,2,HUMAN FACTOR,99
28224984,2,VEHICULAR FACTOR,99
28225281,1,HUMAN FACTOR,1
28225281,1,VEHICULAR FACTOR,99
28225281,2,HUMAN FACTOR,99
28225281,2,VEHICULAR FACTOR,99
28226394,1,HUMAN FACTOR,8
28226394,1,VEHICULAR FACTOR,99
28226394,2,HUMAN FACTOR,97
28226394,2,VEHICULAR FACTOR,99
28230609,1,HUMAN FACTOR,99
28230609,1,VEHICULAR FACTOR,99
28233797,1,HUMAN FACTOR,4
28233797,1,HUMAN FACTOR,18
28233797,1,VEHICULAR FACTOR,99
28234133,1,HUMAN FACTOR,17
28234133,1,VEHICULAR FACTOR,99
28234133,2,HUMAN FACTOR,99
28234133,2,VEHICULAR FACTOR,99
28238274,1,HUMAN FACTOR,26
28238274,1,VEHICULAR FACTOR,11
28238338,1,HUMAN FACTOR,99
28238338,1,VEHICULAR FACTOR,99
28238338,2,HUMAN FACTOR,99
28238338,2,VEHICULAR FACTOR,99
28238338,3,HUMAN FACTOR,99
28238338,3,VEHICULAR FACTOR,99
28238737,1,HUMAN FACTOR,3
28238737,1,HUMAN FACTOR,14
28238737,1,VEHICULAR FACTOR,99
28238737,2,HUMAN FACTOR,99
28238737,2,VEHICULAR FACTOR,99
28238737,3,HUMAN FACTOR,99
28238737,3,VEHICULAR FACTOR,99
28239242,1,HUMAN FACTOR,19
28239242,1,VEHICULAR FACTOR,99
28239295,1,HUMAN FACTOR,3
28239295,1,HUMAN FACTOR,14
28239295,1,VEHICULAR FACTOR,99
28239295,2,HUMAN FACTOR,99
28239295,2,VEHICULAR FACTOR,99
28239471,1,HUMAN FACTOR,26
28239471,1,HUMAN FACTOR,13
28239471,1,HUMAN FACTOR,17
28239471,1,VEHICULAR FACTOR,99
28239471,2,HUMAN FACTOR,99
28239471,2,VEHICULAR FACTOR,99
28242034,1,HUMAN FACTOR,14
28242034,1,VEHICULAR FACTOR,99
28242034,2,HUMAN FACTOR,99
28242034,2,VEHICULAR FACTOR,99
28242143,1,HUMAN FACTOR,99
28242143,1,VEHICULAR FACTOR,99
28242143,2,HUMAN FACTOR,99
28242143,2,VEHICULAR FACTOR,99
28244145,1,HUMAN FACTOR,4
28244145,1,VEHICULAR FACTOR,99
28244145,2,HUMAN FACTOR,99
28244145,2,VEHICULAR FACTOR,99
28244145,3,HUMAN FACTOR,99
28244145,3,VEHICULAR FACTOR,99
28244145,4,HUMAN FACTOR,99
28244145,4,VEHICULAR FACTOR,99
28244740,1,HUMAN FACTOR,99
28244740,1,VEHICULAR FACTOR,99
28246141,1,HUMAN FACTOR,18
28246141,1,VEHICULAR FACTOR,99
28251472,1,HUMAN FACTOR,11
28251472,1,VEHICULAR FACTOR,99
28251472,2,HUMAN FACTOR,11
28251472,2,VEHICULAR FACTOR,99
28255653,1,HUMAN FACTOR,14
28255653,1,VEHICULAR FACTOR,99
28255653,2,HUMAN FACTOR,99
28255653,2,VEHICULAR FACTOR,99
28255653,3,HUMAN FACTOR,99
28255653,3,VEHICULAR FACTOR,99
28255653,4,HUMAN FACTOR,99
28255653,4,VEHICULAR FACTOR,99
28255692,1,HUMAN FACTOR,14
28255692,1,VEHICULAR FACTOR,99
28255692,2,HUMAN FACTOR,99
28255692,2,VEHICULAR FACTOR,99
28256073,1,HUMAN FACTOR,11
28256073,1,VEHICULAR FACTOR,99
28256073,2,HUMAN FACTOR,99
28256073,2,VEHICULAR FACTOR,99
28256073,3,HUMAN FACTOR,99
28256073,3,VEHICULAR FACTOR,99
28261283,1,HUMAN FACTOR,14
28261283,1,VEHICULAR FACTOR,99
28261283,2,HUMAN FACTOR,99
28261283,2,VEHICULAR FACTOR,99
28262243,1,HUMAN FACTOR,14
28262243,1,VEHICULAR FACTOR,99
28262243,2,HUMAN FACTOR,99
28262243,2,VEHICULAR FACTOR,99
28264833,1,HUMAN FACTOR,26
28264833,1,HUMAN FACTOR,14
28264833,1,HUMAN FACTOR,17
28264833,1,VEHICULAR FACTOR,99
28264844,1,HUMAN FACTOR,97
28264844,1,VEHICULAR FACTOR,99
28264844,2,HUMAN FACTOR,97
28264844,2,VEHICULAR FACTOR,99
28264844,3,HUMAN FACTOR,99
28264844,3,VEHICULAR FACTOR,99
28268098,1,HUMAN FACTOR,99
28268098,1,VEHICULAR FACTOR,99
28268798,1,HUMAN FACTOR,18
28268798,1,VEHICULAR FACTOR,99
28268798,2,HUMAN FACTOR,99
28268798,2,VEHICULAR FACTOR,99
28268798,3,HUMAN FACTOR,18
28268798,3,VEHICULAR FACTOR,99
28278238,1,HUMAN FACTOR,97
28278238,1,VEHICULAR FACTOR,99
28278904,1,HUMAN FACTOR,11
28278904,1,VEHICULAR FACTOR,99
28278904,2,HUMAN FACTOR,99
28278904,2,VEHICULAR FACTOR,99
28280195,1,HUMAN FACTOR,14
28280195,1,VEHICULAR FACTOR,99
28280195,2,HUMAN FACTOR,99
28280195,2,VEHICULAR FACTOR,99
28283012,1,HUMAN FACTOR,11
28283012,1,VEHICULAR FACTOR,99
28283012,2,HUMAN FACTOR,99
28283012,2,VEHICULAR FACTOR,99
28283014,1,HUMAN FACTOR,14
28283014,1,VEHICULAR FACTOR,99
28283014,2,HUMAN FACTOR,99
28283014,2,VEHICULAR FACTOR,99
28285798,1,HUMAN FACTOR,13
28285798,1,VEHICULAR FACTOR,99
28285798,2,HUMAN FACTOR,99
28285798,2,VEHICULAR FACTOR,99
28286540,1,HUMAN FACTOR,99
28286540,1,VEHICULAR FACTOR,99
28286540,2,HUMAN FACTOR,99
28286540,2,VEHICULAR FACTOR,99
28286542,1,HUMAN FACTOR,14
28286542,1,VEHICULAR FACTOR,99
28286542,2,HUMAN FACTOR,99
28286542,2,VEHICULAR FACTOR,99
28288281,1,HUMAN FACTOR,14
28288281,1,VEHICULAR FACTOR,99
28288281,2,HUMAN FACTOR,99
28288281,2,VEHICULAR FACTOR,99
28289256,1,HUMAN FACTOR,18
28289256,1,VEHICULAR FACTOR,99
28289256,2,HUMAN FACTOR,99
28289256,2,VEHICULAR FACTOR,99
28289256,3,HUMAN FACTOR,99
28289256,3,VEHICULAR FACTOR,99
28290650,1,HUMAN FACTOR,14
28290650,1,HUMAN FACTOR,17
28290650,1,VEHICULAR FACTOR,99
28290650,2,HUMAN FACTOR,99
28290650,2,VEHICULAR FACTOR,99
28291314,1,HUMAN FACTOR,14
28291314,1,VEHICULAR FACTOR,99
28291314,2,HUMAN FACTOR,99
28291314,2,VEHICULAR FACTOR,99
28301621,1,HUMAN FACTOR,14
28301621,1,VEHICULAR FACTOR,99
28301621,2,HUMAN FACTOR,99
28301621,2,VEHICULAR FACTOR,99
28301819,1,HUMAN FACTOR,99
28301819,1,VEHICULAR FACTOR,99
28301819,2,HUMAN FACTOR,99
28301819,2,VEHICULAR FACTOR,99
28301912,1,HUMAN FACTOR,14
28301912,1,HUMAN FACTOR,97
28301912,1,VEHICULAR FACTOR,99
28301912,2,HUMAN FACTOR,99
28301912,2,VEHICULAR FACTOR,99
28301979,1,HUMAN FACTOR,14
28301979,1,VEHICULAR FACTOR,99
28301979,2,HUMAN FACTOR,99
28301979,2,VEHICULAR FACTOR,99
28302007,1,HUMAN FACTOR,8
27644642,1,HUMAN FACTOR,17
27644642,2,HUMAN FACTOR,99
27644642,2,VEHICULAR FACTOR,99
27657830,1,HUMAN FACTOR,14
27657830,1,VEHICULAR FACTOR,99
27657830,2,HUMAN FACTOR,99
27657830,2,VEHICULAR FACTOR,99
27662943,1,HUMAN FACTOR,18
27662943,1,VEHICULAR FACTOR,99
27662943,2,HUMAN FACTOR,99
27662943,2,VEHICULAR FACTOR,99
27682458,1,HUMAN FACTOR,3
27682458,1,VEHICULAR FACTOR,99
27682458,2,HUMAN FACTOR,99
27682458,2,VEHICULAR FACTOR,99
27686525,1,HUMAN FACTOR,18
27686525,1,VEHICULAR FACTOR,99
27686525,2,HUMAN FACTOR,99
27686525,2,VEHICULAR FACTOR,99
27693544,1,HUMAN FACTOR,26
27693544,1,HUMAN FACTOR,18
27693544,1,VEHICULAR FACTOR,99
27693544,2,HUMAN FACTOR,99
27693544,2,VEHICULAR FACTOR,99
27699159,1,HUMAN FACTOR,11
27699159,1,HUMAN FACTOR,18
27699159,1,VEHICULAR FACTOR,99
27699159,2,HUMAN FACTOR,99
27699159,2,VEHICULAR FACTOR,99
27726457,1,HUMAN FACTOR,14
27726457,1,VEHICULAR FACTOR,99
27726457,2,HUMAN FACTOR,99
27726457,2,VEHICULAR FACTOR,99
27726457,3,HUMAN FACTOR,99
27726457,3,VEHICULAR FACTOR,99
27734884,1,HUMAN FACTOR,7
27734884,1,HUMAN FACTOR,18
27734884,1,VEHICULAR FACTOR,99
27747422,1,HUMAN FACTOR,8
27747422,1,HUMAN FACTOR,17
27747422,1,VEHICULAR FACTOR,99
27747422,2,HUMAN FACTOR,99
27747422,2,VEHICULAR FACTOR,99
27747784,1,HUMAN FACTOR,6
27747784,1,VEHICULAR FACTOR,99
27747784,2,HUMAN FACTOR,99
27747784,2,VEHICULAR FACTOR,99
27768049,1,HUMAN FACTOR,14
27768049,1,HUMAN FACTOR,18
27768049,1,VEHICULAR FACTOR,99
27768049,2,HUMAN FACTOR,99
27768049,2,VEHICULAR FACTOR,99
27771768,1,HUMAN FACTOR,14
27771768,1,VEHICULAR FACTOR,99
27771768,2,HUMAN FACTOR,99
27771768,2,VEHICULAR FACTOR,99
27771768,3,HUMAN FACTOR,99
27771768,3,VEHICULAR FACTOR,99
27795926,1,HUMAN FACTOR,14
27795926,1,VEHICULAR FACTOR,99
27795926,2,HUMAN FACTOR,99
27795926,2,VEHICULAR FACTOR,99
27803929,1,HUMAN FACTOR,99
27803929,1,VEHICULAR FACTOR,99
27803929,2,HUMAN FACTOR,99
27803929,2,VEHICULAR FACTOR,99
27805998,1,HUMAN FACTOR,99
27805998,1,VEHICULAR FACTOR,99
27821738,1,HUMAN FACTOR,99
27821738,1,VEHICULAR FACTOR,99
27821738,2,HUMAN FACTOR,99
27821738,2,VEHICULAR FACTOR,99
27829228,1,HUMAN FACTOR,17
27829228,1,VEHICULAR FACTOR,13
27829228,2,HUMAN FACTOR,99
27829228,2,VEHICULAR FACTOR,99
27857986,1,HUMAN FACTOR,14
27857986,1,HUMAN FACTOR,17
27857986,1,VEHICULAR FACTOR,99
27857986,2,HUMAN FACTOR,99
27857986,2,VEHICULAR FACTOR,99
27863317,1,HUMAN FACTOR,99
27863317,1,VEHICULAR FACTOR,99
27863317,2,HUMAN FACTOR,3
27863317,2,HUMAN FACTOR,8
27863317,2,VEHICULAR FACTOR,99
27864051,1,HUMAN FACTOR,14
27864051,1,HUMAN FACTOR,18
27864051,1,VEHICULAR FACTOR,99
27872269,1,HUMAN FACTOR,14
27872269,1,VEHICULAR FACTOR,99
27872269,2,HUMAN FACTOR,99
27872269,2,VEHICULAR FACTOR,99
27873210,1,HUMAN FACTOR,8
27873210,1,VEHICULAR FACTOR,99
27873210,2,HUMAN FACTOR,99
27873210,2,VEHICULAR FACTOR,99
27883098,1,HUMAN FACTOR,99
27883098,1,VEHICULAR FACTOR,3
27883098,1,VEHICULAR FACTOR,8
27890267,1,HUMAN FACTOR,99
27890267,1,VEHICULAR FACTOR,99
27890267,2,HUMAN FACTOR,99
27890267,2,VEHICULAR FACTOR,99
27896132,1,HUMAN FACTOR,11
27896132,1,HUMAN FACTOR,14
27896132,1,VEHICULAR FACTOR,99
27896132,2,HUMAN FACTOR,99
27896132,2,VEHICULAR FACTOR,99
27901086,1,HUMAN FACTOR,14
27901086,1,VEHICULAR FACTOR,99
27901086,2,HUMAN FACTOR,99
27901086,2,VEHICULAR FACTOR,99
27901086,3,HUMAN FACTOR,99
27901086,3,VEHICULAR FACTOR,99
27905589,1,HUMAN FACTOR,99
27905589,1,VEHICULAR FACTOR,99
27905590,1,HUMAN FACTOR,8
27905590,1,VEHICULAR FACTOR,99
27905590,2,HUMAN FACTOR,99
27905590,2,VEHICULAR FACTOR,99
27905969,1,HUMAN FACTOR,14
27905969,1,VEHICULAR FACTOR,99
27905969,2,HUMAN FACTOR,99
27905969,2,VEHICULAR FACTOR,99
27923872,1,HUMAN FACTOR,18
27923872,1,VEHICULAR FACTOR,99
27923872,2,HUMAN FACTOR,99
27923872,2,VEHICULAR FACTOR,99
27928216,1,HUMAN FACTOR,8
27928216,1,VEHICULAR FACTOR,99
27928216,2,HUMAN FACTOR,99
27928216,2,VEHICULAR FACTOR,99
27928221,1,HUMAN FACTOR,99
27928221,1,VEHICULAR FACTOR,99
27931254,1,HUMAN FACTOR,97
27931254,1,VEHICULAR FACTOR,99
27931254,2,HUMAN FACTOR,99
27931254,2,VEHICULAR FACTOR,99
27932208,1,HUMAN FACTOR,8
27932208,1,HUMAN FACTOR,14
27932208,1,HUMAN FACTOR,18
27932208,1,VEHICULAR FACTOR,99
27932208,2,HUMAN FACTOR,99
27932208,2,VEHICULAR FACTOR,99
27934164,1,HUMAN FACTOR,12
27934164,1,VEHICULAR FACTOR,99
27934164,2,HUMAN FACTOR,99
27934164,2,VEHICULAR FACTOR,99
27934582,1,HUMAN FACTOR,14
27934582,1,VEHICULAR FACTOR,99
27934582,2,HUMAN FACTOR,99
27934582,2,VEHICULAR FACTOR,99
27939269,1,HUMAN FACTOR,26
27939269,1,VEHICULAR FACTOR,99
27939269,2,HUMAN FACTOR,99
27939269,2,VEHICULAR FACTOR,99
27941539,1,HUMAN FACTOR,17
27941539,1,VEHICULAR FACTOR,99
27941539,2,HUMAN FACTOR,99
27941539,2,VEHICULAR FACTOR,99
27949388,1,HUMAN FACTOR,17
27949388,1,VEHICULAR FACTOR,99
27949388,2,HUMAN FACTOR,16
27949388,2,VEHICULAR FACTOR,99
27950715,1,HUMAN FACTOR,99
27950715,1,VEHICULAR FACTOR,3
27960491,1,HUMAN FACTOR,18
27960491,1,VEHICULAR FACTOR,99
27960491,2,HUMAN FACTOR,99
28302007,1,HUMAN FACTOR,14
28302007,1,VEHICULAR FACTOR,99
28302007,2,HUMAN FACTOR,99
28302007,2,VEHICULAR FACTOR,99
28302077,1,HUMAN FACTOR,11
28302077,1,HUMAN FACTOR,14
28302077,1,VEHICULAR FACTOR,99
28302077,2,HUMAN FACTOR,99
28302077,2,VEHICULAR FACTOR,99
28302077,3,HUMAN FACTOR,99
28302077,3,VEHICULAR FACTOR,99
28304746,1,HUMAN FACTOR,1
28304746,1,VEHICULAR FACTOR,99
28304809,1,HUMAN FACTOR,14
28304809,1,HUMAN FACTOR,17
28304809,1,VEHICULAR FACTOR,99
28304809,2,HUMAN FACTOR,99
28304809,2,VEHICULAR FACTOR,99
28305707,1,HUMAN FACTOR,14
28305707,1,VEHICULAR FACTOR,99
28305707,2,HUMAN FACTOR,99
28305707,2,VEHICULAR FACTOR,99
28306625,1,HUMAN FACTOR,14
28306625,1,VEHICULAR FACTOR,99
28306625,2,HUMAN FACTOR,99
28306625,2,VEHICULAR FACTOR,99
28306625,3,HUMAN FACTOR,14
28306625,3,VEHICULAR FACTOR,99
28307651,1,HUMAN FACTOR,4
28307651,1,VEHICULAR FACTOR,99
28307651,2,HUMAN FACTOR,14
28307651,2,HUMAN FACTOR,24
28307651,2,VEHICULAR FACTOR,99
28309097,1,VEHICULAR FACTOR,99
28309097,2,HUMAN FACTOR,99
28309097,2,VEHICULAR FACTOR,99
28309610,1,HUMAN FACTOR,11
28309610,1,HUMAN FACTOR,14
28309610,1,VEHICULAR FACTOR,99
28309610,2,HUMAN FACTOR,99
28309610,2,VEHICULAR FACTOR,99
28310595,1,HUMAN FACTOR,14
28310595,1,VEHICULAR FACTOR,99
28310595,2,HUMAN FACTOR,99
28310595,2,VEHICULAR FACTOR,99
28310595,3,HUMAN FACTOR,99
28310595,3,VEHICULAR FACTOR,99
28313781,1,HUMAN FACTOR,97
28313781,1,VEHICULAR FACTOR,99
28314216,1,HUMAN FACTOR,14
28314216,1,HUMAN FACTOR,18
28314216,1,VEHICULAR FACTOR,99
28314216,2,HUMAN FACTOR,99
28314216,2,VEHICULAR FACTOR,99
28314229,1,HUMAN FACTOR,1
28314229,1,HUMAN FACTOR,14
28314229,1,VEHICULAR FACTOR,99
28314229,2,HUMAN FACTOR,99
28314229,2,VEHICULAR FACTOR,99
28318415,1,HUMAN FACTOR,99
28318415,1,VEHICULAR FACTOR,99
28318415,2,HUMAN FACTOR,99
28318415,2,VEHICULAR FACTOR,99
28318415,3,HUMAN FACTOR,99
28318415,3,VEHICULAR FACTOR,99
28318490,1,HUMAN FACTOR,99
28318490,1,VEHICULAR FACTOR,99
28319423,2,HUMAN FACTOR,99
28319423,2,VEHICULAR FACTOR,99
28319423,1,HUMAN FACTOR,26
28319423,1,VEHICULAR FACTOR,99
28321405,1,HUMAN FACTOR,14
28321405,1,VEHICULAR FACTOR,99
28321405,2,HUMAN FACTOR,13
28321405,2,VEHICULAR FACTOR,99
28321713,1,HUMAN FACTOR,99
28321713,1,VEHICULAR FACTOR,99
28322365,1,HUMAN FACTOR,97
28322365,1,VEHICULAR FACTOR,97
28322365,2,HUMAN FACTOR,99
28322365,2,VEHICULAR FACTOR,99
28328540,1,HUMAN FACTOR,26
28328540,1,VEHICULAR FACTOR,99
28328540,2,HUMAN FACTOR,99
28328540,2,VEHICULAR FACTOR,99
28330795,1,HUMAN FACTOR,14
28330795,1,VEHICULAR FACTOR,99
28331658,2,HUMAN FACTOR,19
28331658,2,VEHICULAR FACTOR,99
28334452,1,HUMAN FACTOR,99
28334452,1,VEHICULAR FACTOR,99
28334452,2,HUMAN FACTOR,99
28334452,2,VEHICULAR FACTOR,99
28334456,1,HUMAN FACTOR,99
28334456,1,VEHICULAR FACTOR,99
28334456,2,HUMAN FACTOR,99
28334456,2,VEHICULAR FACTOR,99
28334456,3,HUMAN FACTOR,99
28334456,3,VEHICULAR FACTOR,99
28334807,1,HUMAN FACTOR,99
28334807,1,VEHICULAR FACTOR,99
28335751,1,HUMAN FACTOR,17
28335751,1,VEHICULAR FACTOR,99
28335751,2,HUMAN FACTOR,99
28335751,2,VEHICULAR FACTOR,99
28335756,1,HUMAN FACTOR,14
28335756,1,VEHICULAR FACTOR,99
28335756,2,HUMAN FACTOR,99
28335756,2,VEHICULAR FACTOR,99
28335760,1,HUMAN FACTOR,4
28335760,1,VEHICULAR FACTOR,99
28335760,2,HUMAN FACTOR,99
28335760,2,VEHICULAR FACTOR,99
28335763,1,HUMAN FACTOR,4
28335763,1,VEHICULAR FACTOR,99
28335763,2,HUMAN FACTOR,99
28335763,2,VEHICULAR FACTOR,99
28339584,1,HUMAN FACTOR,14
28339584,1,VEHICULAR FACTOR,99
28339619,1,HUMAN FACTOR,14
28339619,1,VEHICULAR FACTOR,99
28339619,2,HUMAN FACTOR,99
28339619,2,VEHICULAR FACTOR,99
28339791,1,HUMAN FACTOR,19
28339791,1,VEHICULAR FACTOR,99
28339791,2,HUMAN FACTOR,99
28339791,2,VEHICULAR FACTOR,99
28340420,1,HUMAN FACTOR,99
28340420,1,VEHICULAR FACTOR,99
28340420,2,HUMAN FACTOR,12
28340420,2,VEHICULAR FACTOR,99
28344720,1,HUMAN FACTOR,14
28344720,1,VEHICULAR FACTOR,99
28344720,2,HUMAN FACTOR,99
28344720,2,VEHICULAR FACTOR,99
28345858,1,HUMAN FACTOR,1
28345858,1,VEHICULAR FACTOR,99
28352754,1,HUMAN FACTOR,99
28352754,1,VEHICULAR FACTOR,99
28357630,1,HUMAN FACTOR,14
28357630,1,VEHICULAR FACTOR,99
28357630,2,HUMAN FACTOR,99
28357630,2,VEHICULAR FACTOR,99
28357939,1,HUMAN FACTOR,13
28357939,1,VEHICULAR FACTOR,99
28357939,2,HUMAN FACTOR,99
28357939,2,VEHICULAR FACTOR,99
28358000,1,HUMAN FACTOR,14
28358000,1,VEHICULAR FACTOR,99
28358000,2,HUMAN FACTOR,99
28358000,2,VEHICULAR FACTOR,99
28358000,3,HUMAN FACTOR,99
28358000,3,VEHICULAR FACTOR,99
28359996,1,HUMAN FACTOR,17
28359996,1,VEHICULAR FACTOR,99
28359996,2,HUMAN FACTOR,99
28359996,2,VEHICULAR FACTOR,99
28359997,1,HUMAN FACTOR,14
28359997,1,VEHICULAR FACTOR,99
28359997,2,HUMAN FACTOR,97
28359997,2,VEHICULAR FACTOR,99
28359997,3,HUMAN FACTOR,99
28359997,3,VEHICULAR FACTOR,99
28359997,4,HUMAN FACTOR,11
28359997,4,VEHICULAR FACTOR,99
28360674,1,HUMAN FACTOR,14
28360674,1,VEHICULAR FACTOR,99
28360674,2,HUMAN FACTOR,14
28360674,2,VEHICULAR FACTOR,99
28361200,1,HUMAN FACTOR,11
27960491,2,VEHICULAR FACTOR,99
27972328,1,HUMAN FACTOR,14
27972328,1,VEHICULAR FACTOR,99
27972328,2,HUMAN FACTOR,99
27972328,2,VEHICULAR FACTOR,99
27972792,1,HUMAN FACTOR,14
27972792,1,VEHICULAR FACTOR,99
27972792,2,HUMAN FACTOR,99
27972792,2,VEHICULAR FACTOR,99
27975828,1,HUMAN FACTOR,17
27975828,1,VEHICULAR FACTOR,99
27975828,2,HUMAN FACTOR,99
27975828,2,VEHICULAR FACTOR,99
27975828,3,HUMAN FACTOR,99
27975828,3,VEHICULAR FACTOR,99
27976626,1,HUMAN FACTOR,97
27976626,1,VEHICULAR FACTOR,99
27976626,2,HUMAN FACTOR,99
27976626,2,VEHICULAR FACTOR,99
27976630,1,HUMAN FACTOR,17
27976630,1,VEHICULAR FACTOR,99
27976630,2,HUMAN FACTOR,99
27976630,2,VEHICULAR FACTOR,99
27980953,1,HUMAN FACTOR,14
27980953,1,VEHICULAR FACTOR,99
27980953,2,HUMAN FACTOR,99
27980953,2,VEHICULAR FACTOR,99
27981984,1,HUMAN FACTOR,14
27981984,1,VEHICULAR FACTOR,99
27981984,2,HUMAN FACTOR,99
27981984,2,VEHICULAR FACTOR,99
27984894,1,HUMAN FACTOR,26
27984894,1,HUMAN FACTOR,14
27984894,1,VEHICULAR FACTOR,99
27984894,2,HUMAN FACTOR,99
27984894,2,VEHICULAR FACTOR,99
27985841,1,HUMAN FACTOR,8
27985841,1,HUMAN FACTOR,14
27985841,1,VEHICULAR FACTOR,99
27985841,2,HUMAN FACTOR,99
27985841,2,VEHICULAR FACTOR,99
27986139,1,HUMAN FACTOR,8
27986139,1,VEHICULAR FACTOR,99
27986139,2,HUMAN FACTOR,99
27986139,2,VEHICULAR FACTOR,99
27989673,1,HUMAN FACTOR,3
27989673,1,VEHICULAR FACTOR,99
27989673,2,HUMAN FACTOR,99
27989673,2,VEHICULAR FACTOR,99
27989673,3,HUMAN FACTOR,99
27989673,3,VEHICULAR FACTOR,99
27991581,1,HUMAN FACTOR,8
27991581,1,HUMAN FACTOR,11
27991581,1,VEHICULAR FACTOR,99
27991581,2,HUMAN FACTOR,97
27991581,2,VEHICULAR FACTOR,99
28000226,1,HUMAN FACTOR,14
28000226,1,VEHICULAR FACTOR,99
28000226,2,HUMAN FACTOR,14
28000226,2,VEHICULAR FACTOR,99
28004300,1,HUMAN FACTOR,11
28004300,1,HUMAN FACTOR,14
28004300,1,VEHICULAR FACTOR,99
28004300,2,HUMAN FACTOR,99
28004300,2,VEHICULAR FACTOR,99
28004300,3,HUMAN FACTOR,99
28004300,3,VEHICULAR FACTOR,99
28005121,1,HUMAN FACTOR,8
28005121,1,VEHICULAR FACTOR,99
28005121,2,HUMAN FACTOR,99
28005121,2,VEHICULAR FACTOR,99
28009277,1,HUMAN FACTOR,17
28009277,1,VEHICULAR FACTOR,99
28013322,1,HUMAN FACTOR,14
28013322,1,VEHICULAR FACTOR,99
28013322,2,HUMAN FACTOR,99
28013322,2,VEHICULAR FACTOR,99
28016085,1,HUMAN FACTOR,14
28016085,1,VEHICULAR FACTOR,99
28016085,2,HUMAN FACTOR,99
28016085,2,VEHICULAR FACTOR,99
28018926,1,HUMAN FACTOR,14
28018926,1,VEHICULAR FACTOR,99
28018926,2,HUMAN FACTOR,99
28018926,2,VEHICULAR FACTOR,99
28026235,1,HUMAN FACTOR,11
28026235,1,HUMAN FACTOR,14
28026235,1,VEHICULAR FACTOR,99
28026235,2,HUMAN FACTOR,99
28026235,2,VEHICULAR FACTOR,99
28026303,1,HUMAN FACTOR,11
28026303,1,HUMAN FACTOR,14
28026303,1,VEHICULAR FACTOR,99
28026303,2,HUMAN FACTOR,11
28026303,2,VEHICULAR FACTOR,99
28026303,3,HUMAN FACTOR,99
28026303,3,VEHICULAR FACTOR,99
28026304,1,HUMAN FACTOR,11
28026304,1,HUMAN FACTOR,14
28026304,1,VEHICULAR FACTOR,99
28026304,2,HUMAN FACTOR,99
28026304,2,VEHICULAR FACTOR,99
28029561,1,HUMAN FACTOR,3
28029561,1,VEHICULAR FACTOR,99
28029561,2,HUMAN FACTOR,3
28029561,2,VEHICULAR FACTOR,99
28029710,1,HUMAN FACTOR,8
28029710,1,VEHICULAR FACTOR,99
28029710,2,HUMAN FACTOR,99
28029710,2,VEHICULAR FACTOR,99
28032442,1,HUMAN FACTOR,99
28032442,1,VEHICULAR FACTOR,99
28032442,2,HUMAN FACTOR,99
28032442,2,VEHICULAR FACTOR,99
28034177,1,HUMAN FACTOR,14
28034177,1,VEHICULAR FACTOR,99
28034177,2,HUMAN FACTOR,99
28034177,2,VEHICULAR FACTOR,99
28036084,1,HUMAN FACTOR,3
28036084,1,VEHICULAR FACTOR,99
28036084,2,HUMAN FACTOR,99
28036084,2,VEHICULAR FACTOR,99
28043076,1,HUMAN FACTOR,8
28043076,1,HUMAN FACTOR,14
28043076,1,VEHICULAR FACTOR,99
28043076,2,HUMAN FACTOR,99
28043076,2,VEHICULAR FACTOR,99
28043076,3,HUMAN FACTOR,99
28043076,3,VEHICULAR FACTOR,99
28045119,1,HUMAN FACTOR,8
28045119,1,VEHICULAR FACTOR,99
28045119,2,HUMAN FACTOR,99
28045119,2,VEHICULAR FACTOR,99
28047488,1,HUMAN FACTOR,17
28047488,1,VEHICULAR FACTOR,99
28048069,1,HUMAN FACTOR,14
28048069,1,VEHICULAR FACTOR,99
28048069,2,HUMAN FACTOR,99
28048069,2,VEHICULAR FACTOR,99
28056799,1,HUMAN FACTOR,97
28056799,1,VEHICULAR FACTOR,99
28056799,2,HUMAN FACTOR,99
28056799,2,VEHICULAR FACTOR,99
28056799,3,HUMAN FACTOR,99
28056799,3,VEHICULAR FACTOR,99
28057494,1,HUMAN FACTOR,14
28057494,1,VEHICULAR FACTOR,99
28057494,2,HUMAN FACTOR,99
28057494,2,VEHICULAR FACTOR,99
28057498,1,HUMAN FACTOR,14
28057498,1,VEHICULAR FACTOR,99
28057498,2,HUMAN FACTOR,99
28057498,2,VEHICULAR FACTOR,99
28060239,1,HUMAN FACTOR,26
28060239,1,HUMAN FACTOR,14
28060239,1,VEHICULAR FACTOR,99
28060239,2,HUMAN FACTOR,99
28060239,2,VEHICULAR FACTOR,99
28060239,3,HUMAN FACTOR,99
28060239,3,VEHICULAR FACTOR,99
28061706,1,HUMAN FACTOR,17
28061706,1,VEHICULAR FACTOR,99
28065736,1,HUMAN FACTOR,14
28065736,1,VEHICULAR FACTOR,99
28065736,2,HUMAN FACTOR,99
28065736,2,VEHICULAR FACTOR,99
28065931,1,HUMAN FACTOR,99
28065931,1,VEHICULAR FACTOR,99
28067024,1,HUMAN FACTOR,11
28067024,1,HUMAN FACTOR,14
28361200,1,VEHICULAR FACTOR,99
28361200,2,HUMAN FACTOR,99
28361200,2,VEHICULAR FACTOR,99
28361202,1,HUMAN FACTOR,11
28361202,1,HUMAN FACTOR,14
28361202,1,VEHICULAR FACTOR,99
28361202,2,HUMAN FACTOR,99
28361202,2,VEHICULAR FACTOR,99
28362188,1,HUMAN FACTOR,17
28362188,1,VEHICULAR FACTOR,99
28362188,2,HUMAN FACTOR,99
28362188,2,VEHICULAR FACTOR,99
28362310,1,HUMAN FACTOR,99
28362310,1,VEHICULAR FACTOR,99
28362310,2,HUMAN FACTOR,99
28362310,2,VEHICULAR FACTOR,99
28362314,1,HUMAN FACTOR,99
28362314,1,VEHICULAR FACTOR,99
28362314,2,HUMAN FACTOR,99
28362314,2,VEHICULAR FACTOR,99
28362322,1,HUMAN FACTOR,99
28362322,1,VEHICULAR FACTOR,99
28362323,1,HUMAN FACTOR,17
28362323,1,VEHICULAR FACTOR,99
28362323,2,HUMAN FACTOR,99
28362323,2,VEHICULAR FACTOR,99
28362554,1,HUMAN FACTOR,14
28362554,1,HUMAN FACTOR,17
28362554,1,VEHICULAR FACTOR,99
28362554,2,HUMAN FACTOR,99
28362554,2,VEHICULAR FACTOR,99
28370843,1,HUMAN FACTOR,18
28370843,1,VEHICULAR FACTOR,99
28370843,2,HUMAN FACTOR,99
28370843,2,VEHICULAR FACTOR,99
28371459,1,HUMAN FACTOR,11
28371459,1,HUMAN FACTOR,14
28371459,1,HUMAN FACTOR,18
28371459,1,VEHICULAR FACTOR,99
28371459,2,HUMAN FACTOR,99
28371459,2,VEHICULAR FACTOR,99
28374313,1,HUMAN FACTOR,14
28374313,1,VEHICULAR FACTOR,99
28374313,2,HUMAN FACTOR,99
28374313,2,VEHICULAR FACTOR,99
28375200,1,HUMAN FACTOR,99
28375200,1,VEHICULAR FACTOR,99
28381215,1,HUMAN FACTOR,14
28381215,1,VEHICULAR FACTOR,99
28381215,2,HUMAN FACTOR,99
28381215,2,VEHICULAR FACTOR,99
28383376,1,HUMAN FACTOR,99
28383376,1,VEHICULAR FACTOR,99
28383376,2,HUMAN FACTOR,99
28383376,2,VEHICULAR FACTOR,99
28383682,1,HUMAN FACTOR,99
28383682,1,VEHICULAR FACTOR,99
28383682,2,HUMAN FACTOR,99
28383682,2,VEHICULAR FACTOR,99
28383772,1,HUMAN FACTOR,11
28383772,1,VEHICULAR FACTOR,99
28383772,2,HUMAN FACTOR,99
28383772,2,VEHICULAR FACTOR,99
28384152,1,HUMAN FACTOR,18
28384152,1,VEHICULAR FACTOR,99
28384152,2,HUMAN FACTOR,99
28384152,2,VEHICULAR FACTOR,99
28384333,1,HUMAN FACTOR,14
28384333,1,VEHICULAR FACTOR,99
28384333,2,HUMAN FACTOR,99
28384333,2,VEHICULAR FACTOR,99
28385034,1,HUMAN FACTOR,8
28385034,1,VEHICULAR FACTOR,99
28385034,2,HUMAN FACTOR,99
28385034,2,VEHICULAR FACTOR,99
28388123,1,HUMAN FACTOR,18
28388123,1,VEHICULAR FACTOR,99
28388123,2,HUMAN FACTOR,99
28388123,2,VEHICULAR FACTOR,99
28389827,1,HUMAN FACTOR,17
28389827,1,VEHICULAR FACTOR,99
28389827,2,HUMAN FACTOR,99
28389827,2,VEHICULAR FACTOR,99
28392341,1,HUMAN FACTOR,8
28392341,1,VEHICULAR FACTOR,99
28392341,2,HUMAN FACTOR,99
28392341,2,VEHICULAR FACTOR,99
28392448,1,HUMAN FACTOR,26
28392448,1,HUMAN FACTOR,22
28392448,1,VEHICULAR FACTOR,99
28396560,1,HUMAN FACTOR,14
28396560,1,VEHICULAR FACTOR,99
28396560,2,HUMAN FACTOR,99
28396560,2,VEHICULAR FACTOR,99
28397277,1,HUMAN FACTOR,26
28397277,1,HUMAN FACTOR,8
28397277,1,HUMAN FACTOR,12
28397277,1,VEHICULAR FACTOR,99
28397277,2,HUMAN FACTOR,26
28397277,2,VEHICULAR FACTOR,99
28397293,1,HUMAN FACTOR,14
28397293,1,VEHICULAR FACTOR,99
28397293,2,HUMAN FACTOR,99
28397293,2,VEHICULAR FACTOR,99
28397939,1,HUMAN FACTOR,3
28397939,1,HUMAN FACTOR,17
28397939,1,HUMAN FACTOR,18
28397939,1,VEHICULAR FACTOR,99
28398145,1,HUMAN FACTOR,3
28398145,1,HUMAN FACTOR,8
28398145,1,VEHICULAR FACTOR,99
28398145,2,HUMAN FACTOR,99
28398145,2,VEHICULAR FACTOR,99
28401779,1,HUMAN FACTOR,3
28401779,1,HUMAN FACTOR,8
28401779,1,HUMAN FACTOR,18
28401779,1,VEHICULAR FACTOR,99
28401779,2,HUMAN FACTOR,99
28401779,2,VEHICULAR FACTOR,99
28405388,1,HUMAN FACTOR,11
28405388,1,VEHICULAR FACTOR,99
28405388,2,HUMAN FACTOR,11
28405388,2,VEHICULAR FACTOR,99
28405388,3,HUMAN FACTOR,99
28405388,3,VEHICULAR FACTOR,99
28405388,4,HUMAN FACTOR,11
28405388,4,VEHICULAR FACTOR,99
28409911,1,HUMAN FACTOR,14
28409911,1,VEHICULAR FACTOR,99
28409911,2,HUMAN FACTOR,99
28409911,2,VEHICULAR FACTOR,99
28409987,1,HUMAN FACTOR,19
28409987,1,VEHICULAR FACTOR,99
28409987,2,HUMAN FACTOR,99
28409987,2,VEHICULAR FACTOR,99
28410030,1,HUMAN FACTOR,14
28410030,1,VEHICULAR FACTOR,99
28410030,2,HUMAN FACTOR,99
28410030,2,VEHICULAR FACTOR,99
28410044,1,HUMAN FACTOR,18
28410044,1,HUMAN FACTOR,20
28410044,1,VEHICULAR FACTOR,99
28410044,2,HUMAN FACTOR,99
28410044,2,VEHICULAR FACTOR,99
28410044,3,HUMAN FACTOR,99
28410044,3,VEHICULAR FACTOR,99
28410438,1,HUMAN FACTOR,99
28410438,1,VEHICULAR FACTOR,99
28410438,2,HUMAN FACTOR,99
28410438,2,VEHICULAR FACTOR,99
28410438,3,HUMAN FACTOR,99
28410438,3,VEHICULAR FACTOR,99
28410438,4,HUMAN FACTOR,99
28410438,4,VEHICULAR FACTOR,99
28431291,1,HUMAN FACTOR,19
28431291,1,VEHICULAR FACTOR,99
28440749,1,HUMAN FACTOR,11
28440749,1,VEHICULAR FACTOR,99
28440749,2,HUMAN FACTOR,99
28440749,2,VEHICULAR FACTOR,99
28444823,1,HUMAN FACTOR,14
28444823,1,VEHICULAR FACTOR,99
28444823,2,HUMAN FACTOR,99
28444823,2,VEHICULAR FACTOR,99
28449122,1,HUMAN FACTOR,99
28449122,1,VEHICULAR FACTOR,99
28449501,1,HUMAN FACTOR,99
28449501,1,VEHICULAR FACTOR,99
28449501,2,HUMAN FACTOR,99
28449501,2,VEHICULAR FACTOR,99
28067024,1,VEHICULAR FACTOR,99
28067024,2,HUMAN FACTOR,99
28067024,2,VEHICULAR FACTOR,99
28067888,1,HUMAN FACTOR,99
28067888,1,VEHICULAR FACTOR,99
28084220,1,HUMAN FACTOR,11
28084220,1,HUMAN FACTOR,14
28084220,1,HUMAN FACTOR,18
28084220,1,VEHICULAR FACTOR,99
28084220,2,HUMAN FACTOR,99
28084220,2,VEHICULAR FACTOR,99
28085340,1,HUMAN FACTOR,11
28085340,1,HUMAN FACTOR,14
28085340,1,VEHICULAR FACTOR,99
28085340,2,HUMAN FACTOR,99
28085340,2,VEHICULAR FACTOR,99
28089173,1,HUMAN FACTOR,99
28089173,1,VEHICULAR FACTOR,99
28089173,2,HUMAN FACTOR,99
28089173,2,VEHICULAR FACTOR,99
28097820,1,HUMAN FACTOR,8
28097820,1,VEHICULAR FACTOR,99
28097820,2,HUMAN FACTOR,99
28097820,2,VEHICULAR FACTOR,99
28098860,1,HUMAN FACTOR,99
28098860,1,VEHICULAR FACTOR,99
28098860,2,HUMAN FACTOR,99
28098860,2,VEHICULAR FACTOR,99
28102003,1,HUMAN FACTOR,17
28102003,1,VEHICULAR FACTOR,99
28102003,2,HUMAN FACTOR,99
28102003,2,VEHICULAR FACTOR,99
28103588,1,HUMAN FACTOR,17
28103588,1,VEHICULAR FACTOR,99
28111609,1,HUMAN FACTOR,11
28111609,1,VEHICULAR FACTOR,99
28111609,2,HUMAN FACTOR,99
28111609,2,VEHICULAR FACTOR,99
28111609,3,HUMAN FACTOR,99
28111609,3,VEHICULAR FACTOR,99
28111701,1,HUMAN FACTOR,8
28111701,1,VEHICULAR FACTOR,99
28111701,2,HUMAN FACTOR,99
28111701,2,VEHICULAR FACTOR,99
28111878,1,HUMAN FACTOR,1
28111878,1,HUMAN FACTOR,3
28111878,1,HUMAN FACTOR,8
28111878,1,VEHICULAR FACTOR,99
28111878,2,HUMAN FACTOR,99
28111878,2,VEHICULAR FACTOR,99
28112451,1,HUMAN FACTOR,3
28112451,1,HUMAN FACTOR,8
28112451,2,HUMAN FACTOR,99
28112451,2,VEHICULAR FACTOR,99
28114925,1,HUMAN FACTOR,14
28114925,1,VEHICULAR FACTOR,99
28114925,2,HUMAN FACTOR,99
28114925,2,VEHICULAR FACTOR,99
28116226,1,HUMAN FACTOR,11
28116226,1,VEHICULAR FACTOR,99
28116226,2,HUMAN FACTOR,11
28116226,2,VEHICULAR FACTOR,99
28116226,3,HUMAN FACTOR,99
28116226,3,VEHICULAR FACTOR,99
28116806,1,HUMAN FACTOR,17
28116806,1,VEHICULAR FACTOR,99
28116806,2,HUMAN FACTOR,99
28116806,2,VEHICULAR FACTOR,99
28121372,1,HUMAN FACTOR,13
28121372,1,VEHICULAR FACTOR,99
28121372,2,HUMAN FACTOR,99
28121372,2,VEHICULAR FACTOR,99
28121847,1,HUMAN FACTOR,14
28121847,1,VEHICULAR FACTOR,99
28121847,2,HUMAN FACTOR,99
28121847,2,VEHICULAR FACTOR,99
28124858,1,HUMAN FACTOR,99
28124858,1,VEHICULAR FACTOR,99
28124858,2,HUMAN FACTOR,99
28124858,2,VEHICULAR FACTOR,99
28126996,1,HUMAN FACTOR,14
28126996,1,HUMAN FACTOR,18
28126996,1,VEHICULAR FACTOR,99
28126996,2,HUMAN FACTOR,99
28126996,2,VEHICULAR FACTOR,99
28132476,1,HUMAN FACTOR,14
28132476,1,HUMAN FACTOR,17
28132476,1,VEHICULAR FACTOR,99
28132476,2,HUMAN FACTOR,14
28132476,2,VEHICULAR FACTOR,99
28136100,1,HUMAN FACTOR,14
28136100,1,VEHICULAR FACTOR,99
28136100,2,HUMAN FACTOR,99
28136100,2,VEHICULAR FACTOR,99
28137041,1,HUMAN FACTOR,8
28137041,1,HUMAN FACTOR,9
28137041,1,HUMAN FACTOR,10
28137041,1,VEHICULAR FACTOR,99
28137041,2,HUMAN FACTOR,11
28137041,2,VEHICULAR FACTOR,99
28137041,3,HUMAN FACTOR,99
28137041,3,VEHICULAR FACTOR,99
28138092,1,HUMAN FACTOR,18
28138092,1,HUMAN FACTOR,19
28138092,1,VEHICULAR FACTOR,11
28139992,1,HUMAN FACTOR,99
28139992,1,VEHICULAR FACTOR,99
28139992,2,HUMAN FACTOR,14
28139992,2,HUMAN FACTOR,23
28139992,2,VEHICULAR FACTOR,99
28140007,1,HUMAN FACTOR,99
28140007,1,VEHICULAR FACTOR,99
28140007,2,HUMAN FACTOR,99
28140007,2,VEHICULAR FACTOR,99
28140682,1,HUMAN FACTOR,17
28140682,1,VEHICULAR FACTOR,99
28140682,2,HUMAN FACTOR,99
28140682,2,VEHICULAR FACTOR,99
28146846,1,HUMAN FACTOR,17
28146846,1,VEHICULAR FACTOR,99
28146846,2,HUMAN FACTOR,99
28146846,2,VEHICULAR FACTOR,99
28149884,1,HUMAN FACTOR,99
28149884,1,VEHICULAR FACTOR,99
28153601,1,HUMAN FACTOR,99
28153601,1,VEHICULAR FACTOR,99
28153601,2,HUMAN FACTOR,99
28153601,2,VEHICULAR FACTOR,99
28156477,1,HUMAN FACTOR,14
28156477,1,HUMAN FACTOR,17
28156477,1,VEHICULAR FACTOR,99
28156477,2,HUMAN FACTOR,14
28156477,2,HUMAN FACTOR,17
28156477,2,VEHICULAR FACTOR,99
28157639,1,HUMAN FACTOR,17
28157639,1,VEHICULAR FACTOR,99
28157639,2,HUMAN FACTOR,17
28157639,2,VEHICULAR FACTOR,99
28158683,1,HUMAN FACTOR,14
28158683,2,HUMAN FACTOR,99
28158683,2,VEHICULAR FACTOR,99
28166336,1,HUMAN FACTOR,18
28166336,1,VEHICULAR FACTOR,99
28166336,2,HUMAN FACTOR,99
28166336,2,VEHICULAR FACTOR,99
28171008,1,HUMAN FACTOR,11
28171008,1,VEHICULAR FACTOR,99
28171008,2,HUMAN FACTOR,99
28171008,2,VEHICULAR FACTOR,99
28174063,1,HUMAN FACTOR,14
28174063,1,VEHICULAR FACTOR,99
28174063,2,HUMAN FACTOR,99
28174063,2,VEHICULAR FACTOR,99
28175393,1,HUMAN FACTOR,18
28175393,1,VEHICULAR FACTOR,3
28175393,2,HUMAN FACTOR,99
28175393,2,VEHICULAR FACTOR,99
28175393,3,HUMAN FACTOR,99
28175393,3,VEHICULAR FACTOR,99
28176812,1,HUMAN FACTOR,11
28176812,1,VEHICULAR FACTOR,99
28176812,2,HUMAN FACTOR,99
28176812,2,VEHICULAR FACTOR,99
28178073,1,HUMAN FACTOR,14
28178073,1,VEHICULAR FACTOR,99
28178073,2,HUMAN FACTOR,99
28178073,2,VEHICULAR FACTOR,99
28178073,3,HUMAN FACTOR,99
28178073,3,VEHICULAR FACTOR,99
28178091,1,HUMAN FACTOR,14
28457905,1,HUMAN FACTOR,19
28457905,1,VEHICULAR FACTOR,99
28457905,2,HUMAN FACTOR,99
28457905,2,VEHICULAR FACTOR,99
28457925,1,HUMAN FACTOR,14
28457925,1,VEHICULAR FACTOR,99
28457925,2,HUMAN FACTOR,99
28457925,2,VEHICULAR FACTOR,99
28457925,3,HUMAN FACTOR,99
28457925,3,VEHICULAR FACTOR,99
28458058,1,HUMAN FACTOR,17
28458058,1,VEHICULAR FACTOR,99
28459269,1,HUMAN FACTOR,8
28459269,1,HUMAN FACTOR,14
28459269,1,VEHICULAR FACTOR,99
28459269,2,HUMAN FACTOR,99
28459269,2,VEHICULAR FACTOR,99
28462093,1,HUMAN FACTOR,4
28462093,1,HUMAN FACTOR,14
28462093,1,HUMAN FACTOR,18
28462093,1,VEHICULAR FACTOR,99
28462093,2,HUMAN FACTOR,99
28462093,2,VEHICULAR FACTOR,99
28462093,3,HUMAN FACTOR,99
28462093,3,VEHICULAR FACTOR,99
28462208,1,HUMAN FACTOR,14
28462208,1,VEHICULAR FACTOR,99
28462208,2,HUMAN FACTOR,99
28462208,2,VEHICULAR FACTOR,99
28462973,1,HUMAN FACTOR,11
28462973,1,VEHICULAR FACTOR,99
28462973,2,HUMAN FACTOR,99
28462973,2,VEHICULAR FACTOR,99
28462973,3,HUMAN FACTOR,99
28462973,3,VEHICULAR FACTOR,99
28462973,4,HUMAN FACTOR,99
28462973,4,VEHICULAR FACTOR,99
28463412,1,HUMAN FACTOR,14
28463412,1,VEHICULAR FACTOR,99
28463412,2,HUMAN FACTOR,99
28463412,2,VEHICULAR FACTOR,99
28466861,1,HUMAN FACTOR,14
28466861,1,HUMAN FACTOR,22
28466861,1,VEHICULAR FACTOR,99
28466861,2,HUMAN FACTOR,99
28466861,2,VEHICULAR FACTOR,99
28466861,3,HUMAN FACTOR,99
28466861,3,VEHICULAR FACTOR,99
28466861,4,HUMAN FACTOR,99
28466861,4,VEHICULAR FACTOR,99
28466861,5,HUMAN FACTOR,99
28466861,5,VEHICULAR FACTOR,99
28466861,6,HUMAN FACTOR,99
28466861,6,VEHICULAR FACTOR,99
28468304,1,HUMAN FACTOR,14
28468304,1,VEHICULAR FACTOR,99
28468304,2,HUMAN FACTOR,99
28468304,2,VEHICULAR FACTOR,99
28471632,1,HUMAN FACTOR,17
28471632,1,VEHICULAR FACTOR,99
28471632,2,HUMAN FACTOR,99
28471632,2,VEHICULAR FACTOR,99
28472482,1,HUMAN FACTOR,14
28472482,1,HUMAN FACTOR,18
28472482,1,VEHICULAR FACTOR,99
28472482,2,HUMAN FACTOR,99
28472482,2,VEHICULAR FACTOR,99
28474014,1,HUMAN FACTOR,14
28474014,1,VEHICULAR FACTOR,99
28474014,2,HUMAN FACTOR,99
28474014,2,VEHICULAR FACTOR,99
28475522,1,HUMAN FACTOR,5
28475522,1,HUMAN FACTOR,18
28475522,1,VEHICULAR FACTOR,99
28475522,2,HUMAN FACTOR,99
28475522,2,VEHICULAR FACTOR,99
28475522,3,HUMAN FACTOR,99
28475522,3,VEHICULAR FACTOR,99
28475522,4,HUMAN FACTOR,99
28475522,4,VEHICULAR FACTOR,99
28475522,5,HUMAN FACTOR,99
28475522,5,VEHICULAR FACTOR,99
28476044,1,HUMAN FACTOR,14
28476044,1,HUMAN FACTOR,18
28476044,1,VEHICULAR FACTOR,99
28476044,2,HUMAN FACTOR,99
28476044,2,VEHICULAR FACTOR,99
28476804,1,HUMAN FACTOR,14
28476804,1,VEHICULAR FACTOR,99
28476804,2,HUMAN FACTOR,99
28476804,2,VEHICULAR FACTOR,99
28479596,1,HUMAN FACTOR,4
28479596,1,VEHICULAR FACTOR,99
28479596,2,HUMAN FACTOR,99
28479596,2,VEHICULAR FACTOR,99
28479596,3,HUMAN FACTOR,99
28479596,3,VEHICULAR FACTOR,99
28485354,1,HUMAN FACTOR,22
28485354,1,VEHICULAR FACTOR,99
28485354,2,HUMAN FACTOR,99
28485354,2,VEHICULAR FACTOR,99
28489177,1,HUMAN FACTOR,99
28489177,1,VEHICULAR FACTOR,99
28489177,2,HUMAN FACTOR,99
28489177,2,VEHICULAR FACTOR,99
28489407,1,HUMAN FACTOR,97
28489407,1,VEHICULAR FACTOR,99
28489407,2,HUMAN FACTOR,99
28489407,2,VEHICULAR FACTOR,99
28494323,1,HUMAN FACTOR,8
28494323,1,HUMAN FACTOR,14
28494323,1,VEHICULAR FACTOR,99
28494323,2,HUMAN FACTOR,99
28494323,2,VEHICULAR FACTOR,99
28494323,3,HUMAN FACTOR,99
28494323,3,VEHICULAR FACTOR,99
28494761,1,HUMAN FACTOR,26
28494761,1,HUMAN FACTOR,11
28494761,1,VEHICULAR FACTOR,99
28494761,2,HUMAN FACTOR,99
28494761,2,VEHICULAR FACTOR,99
28498436,1,HUMAN FACTOR,26
28498436,1,HUMAN FACTOR,8
28498436,1,VEHICULAR FACTOR,99
28498436,2,HUMAN FACTOR,99
28498436,2,VEHICULAR FACTOR,99
28499214,1,HUMAN FACTOR,26
28499214,1,HUMAN FACTOR,14
28499214,1,HUMAN FACTOR,18
28499214,1,VEHICULAR FACTOR,99
28499214,2,HUMAN FACTOR,99
28499214,2,VEHICULAR FACTOR,99
28499430,1,HUMAN FACTOR,97
28499430,1,VEHICULAR FACTOR,99
28499430,2,HUMAN FACTOR,97
28499430,2,VEHICULAR FACTOR,99
28499438,1,HUMAN FACTOR,9
28499438,1,HUMAN FACTOR,22
28499438,1,VEHICULAR FACTOR,99
28499438,2,HUMAN FACTOR,99
28499438,2,VEHICULAR FACTOR,99
28499438,3,HUMAN FACTOR,99
28499438,3,VEHICULAR FACTOR,99
28506472,1,HUMAN FACTOR,11
28506472,1,HUMAN FACTOR,14
28506472,1,VEHICULAR FACTOR,97
28506472,2,HUMAN FACTOR,11
28506472,2,HUMAN FACTOR,14
28506472,2,VEHICULAR FACTOR,99
28522397,1,HUMAN FACTOR,14
28522397,1,VEHICULAR FACTOR,99
28522397,2,HUMAN FACTOR,99
28522397,2,VEHICULAR FACTOR,99
28523733,1,HUMAN FACTOR,8
28523733,1,VEHICULAR FACTOR,99
28523733,2,HUMAN FACTOR,99
28523733,2,VEHICULAR FACTOR,99
28525005,1,HUMAN FACTOR,97
28525005,1,VEHICULAR FACTOR,99
28525005,2,HUMAN FACTOR,99
28525005,2,VEHICULAR FACTOR,99
28527605,1,HUMAN FACTOR,11
28527605,1,HUMAN FACTOR,14
28527605,1,VEHICULAR FACTOR,99
28527605,2,HUMAN FACTOR,11
28527605,2,VEHICULAR FACTOR,99
28527605,3,HUMAN FACTOR,99
28527605,3,VEHICULAR FACTOR,99
28528327,1,HUMAN FACTOR,22
28528327,1,VEHICULAR FACTOR,99
28178091,1,VEHICULAR FACTOR,99
28178091,2,HUMAN FACTOR,99
28178091,2,VEHICULAR FACTOR,99
28178091,3,HUMAN FACTOR,99
28178091,3,VEHICULAR FACTOR,99
28178287,1,HUMAN FACTOR,11
28178287,1,VEHICULAR FACTOR,99
28178287,2,HUMAN FACTOR,99
28178287,2,VEHICULAR FACTOR,99
28180259,1,HUMAN FACTOR,99
28180259,1,VEHICULAR FACTOR,99
28180554,1,HUMAN FACTOR,8
28180554,1,VEHICULAR FACTOR,99
28180554,2,HUMAN FACTOR,99
28180554,2,VEHICULAR FACTOR,99
28187212,1,HUMAN FACTOR,17
28187212,1,VEHICULAR FACTOR,99
28187212,2,HUMAN FACTOR,99
28187212,2,VEHICULAR FACTOR,99
28187315,1,HUMAN FACTOR,14
28187315,1,VEHICULAR FACTOR,99
28187315,2,HUMAN FACTOR,99
28187315,2,VEHICULAR FACTOR,99
28187315,3,HUMAN FACTOR,99
28187315,3,VEHICULAR FACTOR,99
28188166,1,HUMAN FACTOR,99
28188166,1,VEHICULAR FACTOR,99
28188166,2,HUMAN FACTOR,99
28188166,2,VEHICULAR FACTOR,99
28198604,1,HUMAN FACTOR,14
28198604,1,VEHICULAR FACTOR,99
28198604,2,HUMAN FACTOR,99
28198604,2,VEHICULAR FACTOR,99
28200076,1,HUMAN FACTOR,99
28200076,1,VEHICULAR FACTOR,8
28200192,1,HUMAN FACTOR,14
28200192,1,VEHICULAR FACTOR,99
28200192,2,HUMAN FACTOR,99
28200192,2,VEHICULAR FACTOR,99
28202170,1,HUMAN FACTOR,8
28202170,1,HUMAN FACTOR,11
28202170,1,HUMAN FACTOR,17
28202170,1,VEHICULAR FACTOR,99
28202170,2,HUMAN FACTOR,99
28202170,2,VEHICULAR FACTOR,99
28205648,1,HUMAN FACTOR,14
28205648,1,VEHICULAR FACTOR,99
28205648,2,HUMAN FACTOR,99
28205648,2,VEHICULAR FACTOR,99
28205903,1,HUMAN FACTOR,14
28205903,1,VEHICULAR FACTOR,99
28205903,2,HUMAN FACTOR,99
28205903,2,VEHICULAR FACTOR,99
28207644,1,HUMAN FACTOR,17
28207644,1,VEHICULAR FACTOR,99
28207644,2,HUMAN FACTOR,99
28207644,2,VEHICULAR FACTOR,99
28207644,3,HUMAN FACTOR,99
28207644,3,VEHICULAR FACTOR,99
28207644,4,HUMAN FACTOR,99
28207644,4,VEHICULAR FACTOR,99
28207644,5,HUMAN FACTOR,11
28207644,5,HUMAN FACTOR,17
28207644,5,HUMAN FACTOR,18
28207644,5,VEHICULAR FACTOR,99
28209047,1,HUMAN FACTOR,13
28209047,1,HUMAN FACTOR,14
28209047,1,VEHICULAR FACTOR,99
28209047,2,HUMAN FACTOR,99
28209047,2,VEHICULAR FACTOR,99
28210458,1,HUMAN FACTOR,3
28210458,1,VEHICULAR FACTOR,99
28210458,2,HUMAN FACTOR,99
28210458,2,VEHICULAR FACTOR,99
28210824,1,HUMAN FACTOR,99
28210824,1,VEHICULAR FACTOR,99
28211089,1,HUMAN FACTOR,14
28211089,1,VEHICULAR FACTOR,99
28211089,2,HUMAN FACTOR,99
28211089,2,VEHICULAR FACTOR,99
28212492,1,HUMAN FACTOR,14
28212492,1,VEHICULAR FACTOR,99
28212492,2,HUMAN FACTOR,99
28212492,2,VEHICULAR FACTOR,99
28213427,1,HUMAN FACTOR,99
28213427,1,VEHICULAR FACTOR,99
28213427,2,HUMAN FACTOR,99
28213427,2,VEHICULAR FACTOR,99
28215849,1,HUMAN FACTOR,26
28215849,1,HUMAN FACTOR,14
28215849,1,VEHICULAR FACTOR,99
28215849,2,HUMAN FACTOR,99
28215849,2,VEHICULAR FACTOR,99
28224956,1,HUMAN FACTOR,26
28224956,1,HUMAN FACTOR,14
28224956,1,VEHICULAR FACTOR,99
28224956,2,HUMAN FACTOR,99
28224956,2,VEHICULAR FACTOR,99
28225454,1,HUMAN FACTOR,99
28225454,1,VEHICULAR FACTOR,99
28225454,2,HUMAN FACTOR,99
28225454,2,VEHICULAR FACTOR,99
28226032,1,HUMAN FACTOR,4
28226032,1,HUMAN FACTOR,14
28226032,1,VEHICULAR FACTOR,99
28226032,2,HUMAN FACTOR,99
28226032,2,VEHICULAR FACTOR,99
28226212,1,HUMAN FACTOR,99
28226212,1,VEHICULAR FACTOR,99
28226212,2,HUMAN FACTOR,99
28226212,2,VEHICULAR FACTOR,99
28226212,3,HUMAN FACTOR,99
28226212,3,VEHICULAR FACTOR,99
28230530,1,HUMAN FACTOR,17
28230530,1,VEHICULAR FACTOR,99
28230530,2,HUMAN FACTOR,99
28230530,2,VEHICULAR FACTOR,99
28231734,1,HUMAN FACTOR,11
28231734,1,HUMAN FACTOR,14
28231734,1,VEHICULAR FACTOR,99
28231734,2,HUMAN FACTOR,99
28231734,2,VEHICULAR FACTOR,99
28231932,1,HUMAN FACTOR,26
28231932,1,HUMAN FACTOR,8
28231932,1,HUMAN FACTOR,14
28231932,1,VEHICULAR FACTOR,99
28231932,2,HUMAN FACTOR,99
28231932,2,VEHICULAR FACTOR,99
28237384,1,HUMAN FACTOR,4
28237384,1,HUMAN FACTOR,14
28237384,1,VEHICULAR FACTOR,99
28237384,2,HUMAN FACTOR,99
28237384,2,VEHICULAR FACTOR,99
28237384,3,HUMAN FACTOR,99
28237384,3,VEHICULAR FACTOR,99
28238035,1,HUMAN FACTOR,18
28238035,1,VEHICULAR FACTOR,99
28238035,2,HUMAN FACTOR,99
28238035,2,VEHICULAR FACTOR,99
28238035,3,HUMAN FACTOR,99
28238035,3,VEHICULAR FACTOR,99
28238259,1,HUMAN FACTOR,14
28238259,1,VEHICULAR FACTOR,99
28238259,2,HUMAN FACTOR,99
28238259,2,VEHICULAR FACTOR,99
28238259,3,HUMAN FACTOR,99
28238259,3,VEHICULAR FACTOR,99
28238339,1,HUMAN FACTOR,99
28238339,1,VEHICULAR FACTOR,99
28238339,2,HUMAN FACTOR,99
28238339,2,VEHICULAR FACTOR,99
28238339,3,HUMAN FACTOR,99
28238339,3,VEHICULAR FACTOR,99
28238374,1,HUMAN FACTOR,14
28238374,1,VEHICULAR FACTOR,99
28238374,2,HUMAN FACTOR,99
28238374,2,VEHICULAR FACTOR,99
28238946,1,HUMAN FACTOR,8
28238946,1,HUMAN FACTOR,14
28238946,1,VEHICULAR FACTOR,99
28238946,2,HUMAN FACTOR,99
28238946,2,VEHICULAR FACTOR,99
28239477,1,HUMAN FACTOR,99
28239477,1,VEHICULAR FACTOR,99
28239477,2,HUMAN FACTOR,99
28239477,2,VEHICULAR FACTOR,99
28243331,1,HUMAN FACTOR,11
28243331,1,VEHICULAR FACTOR,99
28243331,2,HUMAN FACTOR,99
28243331,2,VEHICULAR FACTOR,99
28528327,2,HUMAN FACTOR,99
28528327,2,VEHICULAR FACTOR,99
28529858,1,HUMAN FACTOR,8
28529858,1,VEHICULAR FACTOR,99
28529858,2,HUMAN FACTOR,99
28529858,2,VEHICULAR FACTOR,99
28529864,1,HUMAN FACTOR,14
28529864,1,VEHICULAR FACTOR,99
28529864,2,HUMAN FACTOR,99
28529864,2,VEHICULAR FACTOR,99
28540272,1,HUMAN FACTOR,99
28540272,1,VEHICULAR FACTOR,8
28540376,1,HUMAN FACTOR,26
28540376,1,HUMAN FACTOR,18
28540376,1,VEHICULAR FACTOR,99
28541723,1,HUMAN FACTOR,17
28541723,1,VEHICULAR FACTOR,99
28541723,2,HUMAN FACTOR,99
28541723,2,VEHICULAR FACTOR,99
28542313,1,HUMAN FACTOR,99
28542313,1,VEHICULAR FACTOR,99
28542313,2,HUMAN FACTOR,99
28542313,2,VEHICULAR FACTOR,99
28543585,1,HUMAN FACTOR,99
28543585,1,VEHICULAR FACTOR,99
28543885,1,HUMAN FACTOR,7
28543885,1,HUMAN FACTOR,26
28543885,1,HUMAN FACTOR,10
28543885,1,VEHICULAR FACTOR,99
28543885,2,HUMAN FACTOR,99
28543885,2,VEHICULAR FACTOR,99
28543885,3,HUMAN FACTOR,99
28543885,3,VEHICULAR FACTOR,99
28544403,1,HUMAN FACTOR,14
28544403,1,VEHICULAR FACTOR,99
28544403,2,HUMAN FACTOR,99
28544403,2,VEHICULAR FACTOR,99
28546323,1,HUMAN FACTOR,14
28546323,1,VEHICULAR FACTOR,99
28546323,2,HUMAN FACTOR,99
28546323,2,VEHICULAR FACTOR,99
28549619,1,HUMAN FACTOR,1
28549619,1,HUMAN FACTOR,26
28549619,1,HUMAN FACTOR,18
28549619,1,VEHICULAR FACTOR,99
28549700,1,HUMAN FACTOR,14
28549700,1,HUMAN FACTOR,17
28549700,1,VEHICULAR FACTOR,99
28549700,2,HUMAN FACTOR,99
28549700,2,VEHICULAR FACTOR,99
28550207,1,HUMAN FACTOR,18
28550207,1,VEHICULAR FACTOR,99
28550207,2,HUMAN FACTOR,99
28550207,2,VEHICULAR FACTOR,99
28550315,1,HUMAN FACTOR,14
28550315,1,HUMAN FACTOR,17
28550315,1,VEHICULAR FACTOR,99
28550317,1,HUMAN FACTOR,14
28550317,1,VEHICULAR FACTOR,99
28550323,1,HUMAN FACTOR,26
28550323,1,HUMAN FACTOR,14
28550323,1,VEHICULAR FACTOR,99
28551177,1,HUMAN FACTOR,99
28551177,1,VEHICULAR FACTOR,99
28551588,1,HUMAN FACTOR,14
28551588,1,VEHICULAR FACTOR,99
28551588,2,HUMAN FACTOR,99
28551588,2,VEHICULAR FACTOR,99
28554761,1,HUMAN FACTOR,97
28554761,1,VEHICULAR FACTOR,99
28554761,2,HUMAN FACTOR,97
28554761,2,VEHICULAR FACTOR,99
28561731,1,HUMAN FACTOR,14
28561731,1,VEHICULAR FACTOR,99
28561731,2,HUMAN FACTOR,99
28561731,2,VEHICULAR FACTOR,99
28562918,1,HUMAN FACTOR,8
28562918,1,HUMAN FACTOR,14
28562918,1,VEHICULAR FACTOR,99
28562918,2,HUMAN FACTOR,99
28562918,2,VEHICULAR FACTOR,99
28565252,1,HUMAN FACTOR,97
28565252,1,VEHICULAR FACTOR,99
28569005,1,HUMAN FACTOR,14
28569005,1,VEHICULAR FACTOR,8
28569005,1,VEHICULAR FACTOR,11
28569005,2,HUMAN FACTOR,99
28569005,2,VEHICULAR FACTOR,99
28570558,1,HUMAN FACTOR,7
28570558,1,HUMAN FACTOR,14
28570558,1,HUMAN FACTOR,18
28570558,1,VEHICULAR FACTOR,99
28573839,1,HUMAN FACTOR,14
28573839,1,HUMAN FACTOR,18
28573839,1,VEHICULAR FACTOR,8
28573839,2,HUMAN FACTOR,99
28573839,2,VEHICULAR FACTOR,99
28573839,3,HUMAN FACTOR,14
28573839,3,VEHICULAR FACTOR,99
28573839,4,HUMAN FACTOR,99
28573839,4,VEHICULAR FACTOR,99
28577890,1,HUMAN FACTOR,14
28577890,1,VEHICULAR FACTOR,99
28577890,2,HUMAN FACTOR,99
28577890,2,VEHICULAR FACTOR,99
28577890,3,HUMAN FACTOR,99
28577890,3,VEHICULAR FACTOR,99
28581638,1,HUMAN FACTOR,17
28581638,1,VEHICULAR FACTOR,5
28581638,2,HUMAN FACTOR,99
28581638,2,VEHICULAR FACTOR,99
28584512,1,HUMAN FACTOR,99
28584512,1,VEHICULAR FACTOR,99
28585020,1,HUMAN FACTOR,3
28585020,1,HUMAN FACTOR,26
28585020,1,VEHICULAR FACTOR,99
28585020,2,HUMAN FACTOR,3
28585020,2,HUMAN FACTOR,26
28585020,2,VEHICULAR FACTOR,99
28594732,1,HUMAN FACTOR,2
28594732,1,HUMAN FACTOR,4
28594732,1,VEHICULAR FACTOR,99
28594732,2,HUMAN FACTOR,99
28594732,2,VEHICULAR FACTOR,99
28594732,3,HUMAN FACTOR,99
28594732,3,VEHICULAR FACTOR,99
28594732,4,HUMAN FACTOR,99
28594732,4,VEHICULAR FACTOR,99
28596370,1,HUMAN FACTOR,14
28596370,1,VEHICULAR FACTOR,99
28596370,2,HUMAN FACTOR,99
28596370,2,VEHICULAR FACTOR,99
28598566,1,HUMAN FACTOR,8
28598566,1,HUMAN FACTOR,14
28598566,1,VEHICULAR FACTOR,99
28598566,2,HUMAN FACTOR,99
28598566,2,VEHICULAR FACTOR,99
28599784,1,HUMAN FACTOR,1
28599784,1,HUMAN FACTOR,11
28599784,1,HUMAN FACTOR,14
28599784,1,VEHICULAR FACTOR,99
28599784,2,HUMAN FACTOR,99
28599784,2,VEHICULAR FACTOR,99
28604682,1,HUMAN FACTOR,99
28604682,1,VEHICULAR FACTOR,99
28605369,1,HUMAN FACTOR,99
28605369,1,VEHICULAR FACTOR,99
28607773,1,HUMAN FACTOR,23
28607773,1,HUMAN FACTOR,24
28607773,1,VEHICULAR FACTOR,99
28607773,2,HUMAN FACTOR,99
28607773,2,VEHICULAR FACTOR,99
28607773,3,HUMAN FACTOR,99
28607773,3,VEHICULAR FACTOR,99
28625741,1,HUMAN FACTOR,8
28625741,1,HUMAN FACTOR,17
28625741,1,VEHICULAR FACTOR,99
28625741,2,HUMAN FACTOR,99
28625741,2,VEHICULAR FACTOR,99
28627340,1,HUMAN FACTOR,14
28627340,1,VEHICULAR FACTOR,99
28627340,2,HUMAN FACTOR,99
28627340,2,VEHICULAR FACTOR,99
28627340,3,HUMAN FACTOR,99
28627340,3,VEHICULAR FACTOR,99
28627797,1,HUMAN FACTOR,99
28627797,1,VEHICULAR FACTOR,99
28627797,2,HUMAN FACTOR,99
28627797,2,VEHICULAR FACTOR,99
28628028,1,HUMAN FACTOR,14
28251142,1,HUMAN FACTOR,11
28251142,1,HUMAN FACTOR,14
28251142,1,VEHICULAR FACTOR,99
28251142,2,HUMAN FACTOR,99
28251142,2,VEHICULAR FACTOR,99
28251446,1,HUMAN FACTOR,99
28251446,1,VEHICULAR FACTOR,99
28251446,2,HUMAN FACTOR,99
28251446,2,VEHICULAR FACTOR,99
28253723,1,HUMAN FACTOR,12
28253723,1,HUMAN FACTOR,14
28253723,1,VEHICULAR FACTOR,99
28253723,2,HUMAN FACTOR,99
28253723,2,VEHICULAR FACTOR,99
28254078,1,HUMAN FACTOR,14
28254078,1,VEHICULAR FACTOR,99
28254078,2,HUMAN FACTOR,99
28254078,2,VEHICULAR FACTOR,99
28255999,1,HUMAN FACTOR,26
28255999,1,VEHICULAR FACTOR,99
28255999,2,HUMAN FACTOR,99
28255999,2,VEHICULAR FACTOR,99
28260519,2,HUMAN FACTOR,99
28260519,2,VEHICULAR FACTOR,99
28265086,1,HUMAN FACTOR,17
28265086,1,VEHICULAR FACTOR,99
28265086,2,HUMAN FACTOR,99
28265086,2,VEHICULAR FACTOR,99
28269934,1,HUMAN FACTOR,97
28269934,1,VEHICULAR FACTOR,99
28269934,2,HUMAN FACTOR,97
28269934,2,VEHICULAR FACTOR,99
28272841,1,HUMAN FACTOR,99
28272841,1,VEHICULAR FACTOR,99
28272841,2,HUMAN FACTOR,99
28272841,2,VEHICULAR FACTOR,99
28273515,1,HUMAN FACTOR,14
28273515,1,VEHICULAR FACTOR,99
28273515,2,HUMAN FACTOR,99
28273515,2,VEHICULAR FACTOR,99
28274291,1,HUMAN FACTOR,8
28274291,1,VEHICULAR FACTOR,99
28274291,2,HUMAN FACTOR,99
28274291,2,VEHICULAR FACTOR,99
28278395,1,HUMAN FACTOR,4
28278395,1,VEHICULAR FACTOR,99
28278395,2,HUMAN FACTOR,99
28278395,2,VEHICULAR FACTOR,99
28280242,1,HUMAN FACTOR,14
28280242,1,HUMAN FACTOR,22
28280242,1,VEHICULAR FACTOR,99
28280242,2,HUMAN FACTOR,99
28280242,2,VEHICULAR FACTOR,99
28281245,1,HUMAN FACTOR,17
28281245,1,VEHICULAR FACTOR,99
28281245,2,HUMAN FACTOR,99
28281245,2,VEHICULAR FACTOR,99
28281784,1,HUMAN FACTOR,14
28281784,1,VEHICULAR FACTOR,99
28286615,1,HUMAN FACTOR,11
28286615,1,VEHICULAR FACTOR,99
28286615,2,HUMAN FACTOR,99
28286615,2,VEHICULAR FACTOR,99
28286615,3,HUMAN FACTOR,99
28286615,3,VEHICULAR FACTOR,99
28287376,1,HUMAN FACTOR,14
28287376,1,VEHICULAR FACTOR,99
28287376,2,HUMAN FACTOR,99
28287376,2,VEHICULAR FACTOR,99
28292473,1,HUMAN FACTOR,14
28292473,1,VEHICULAR FACTOR,99
28292473,2,HUMAN FACTOR,99
28292473,2,VEHICULAR FACTOR,99
28294664,1,HUMAN FACTOR,14
28294664,1,HUMAN FACTOR,18
28294664,1,VEHICULAR FACTOR,99
28294759,1,HUMAN FACTOR,99
28294759,1,VEHICULAR FACTOR,99
28294759,2,HUMAN FACTOR,99
28294759,2,VEHICULAR FACTOR,99
28294788,1,HUMAN FACTOR,8
28294788,1,VEHICULAR FACTOR,99
28294788,2,HUMAN FACTOR,99
28294788,2,VEHICULAR FACTOR,99
28296021,1,HUMAN FACTOR,11
28296021,1,HUMAN FACTOR,14
28296021,1,VEHICULAR FACTOR,99
28296021,2,HUMAN FACTOR,99
28296021,2,VEHICULAR FACTOR,99
28296021,3,HUMAN FACTOR,99
28296021,3,VEHICULAR FACTOR,97
28301860,1,HUMAN FACTOR,99
28301860,1,VEHICULAR FACTOR,99
28301860,2,HUMAN FACTOR,99
28301860,2,VEHICULAR FACTOR,99
28302065,1,HUMAN FACTOR,99
28302065,1,VEHICULAR FACTOR,99
28302065,2,HUMAN FACTOR,99
28302065,2,VEHICULAR FACTOR,99
28304441,2,HUMAN FACTOR,11
28304441,2,VEHICULAR FACTOR,99
28304732,1,HUMAN FACTOR,26
28304732,1,VEHICULAR FACTOR,99
28304732,2,HUMAN FACTOR,99
28304732,2,VEHICULAR FACTOR,99
28307358,1,HUMAN FACTOR,17
28307358,1,VEHICULAR FACTOR,99
28307358,2,HUMAN FACTOR,99
28307358,2,VEHICULAR FACTOR,99
28307428,1,HUMAN FACTOR,14
28307428,1,VEHICULAR FACTOR,99
28307428,2,HUMAN FACTOR,99
28307428,2,VEHICULAR FACTOR,99
28307428,3,HUMAN FACTOR,99
28307428,3,VEHICULAR FACTOR,99
28307428,4,HUMAN FACTOR,99
28307428,4,VEHICULAR FACTOR,99
28307431,1,HUMAN FACTOR,14
28307431,1,VEHICULAR FACTOR,99
28307431,2,HUMAN FACTOR,99
28307431,2,VEHICULAR FACTOR,99
28307759,1,HUMAN FACTOR,17
28307759,1,VEHICULAR FACTOR,99
28307759,2,HUMAN FACTOR,99
28307759,2,VEHICULAR FACTOR,99
28308025,1,HUMAN FACTOR,14
28308025,1,VEHICULAR FACTOR,99
28309096,2,HUMAN FACTOR,99
28309096,2,VEHICULAR FACTOR,99
28309314,1,HUMAN FACTOR,8
28309314,1,HUMAN FACTOR,17
28309314,1,VEHICULAR FACTOR,99
28309314,2,HUMAN FACTOR,99
28309314,2,VEHICULAR FACTOR,99
28309461,1,HUMAN FACTOR,14
28309461,1,VEHICULAR FACTOR,99
28309695,1,HUMAN FACTOR,22
28309695,1,VEHICULAR FACTOR,99
28309695,2,HUMAN FACTOR,99
28309695,2,VEHICULAR FACTOR,99
28313566,1,HUMAN FACTOR,99
28313566,1,VEHICULAR FACTOR,99
28313986,1,HUMAN FACTOR,14
28313986,1,VEHICULAR FACTOR,99
28313986,2,HUMAN FACTOR,99
28313986,2,VEHICULAR FACTOR,99
28313987,1,HUMAN FACTOR,99
28313987,1,VEHICULAR FACTOR,99
28314304,1,HUMAN FACTOR,99
28314304,1,VEHICULAR FACTOR,99
28314304,2,HUMAN FACTOR,99
28314304,2,VEHICULAR FACTOR,99
28314304,3,HUMAN FACTOR,99
28314304,3,VEHICULAR FACTOR,99
28314304,4,HUMAN FACTOR,99
28314304,4,VEHICULAR FACTOR,99
28314456,1,HUMAN FACTOR,3
28314456,1,HUMAN FACTOR,18
28314456,1,VEHICULAR FACTOR,99
28314456,2,HUMAN FACTOR,99
28314456,2,VEHICULAR FACTOR,99
28315493,1,HUMAN FACTOR,14
28315493,1,VEHICULAR FACTOR,99
28315493,2,HUMAN FACTOR,99
28315493,2,VEHICULAR FACTOR,99
28318326,1,HUMAN FACTOR,11
28318326,1,VEHICULAR FACTOR,99
28318326,2,HUMAN FACTOR,99
28318326,2,VEHICULAR FACTOR,99
28318327,1,HUMAN FACTOR,14
28628028,1,VEHICULAR FACTOR,99
28628028,2,HUMAN FACTOR,99
28628028,2,VEHICULAR FACTOR,99
28634182,1,HUMAN FACTOR,99
28634182,1,VEHICULAR FACTOR,99
28644437,1,HUMAN FACTOR,99
28644437,1,VEHICULAR FACTOR,99
28644468,1,HUMAN FACTOR,14
28644468,1,VEHICULAR FACTOR,99
28644468,2,HUMAN FACTOR,99
28644468,2,VEHICULAR FACTOR,99
28645868,1,HUMAN FACTOR,99
28645868,1,VEHICULAR FACTOR,99
28652520,1,HUMAN FACTOR,18
28652520,1,VEHICULAR FACTOR,99
28652575,1,HUMAN FACTOR,14
28652575,1,VEHICULAR FACTOR,99
28652575,2,HUMAN FACTOR,99
28652575,2,VEHICULAR FACTOR,99
28653918,1,HUMAN FACTOR,3
28653918,1,HUMAN FACTOR,14
28653918,1,VEHICULAR FACTOR,99
28653918,2,HUMAN FACTOR,99
28653918,2,VEHICULAR FACTOR,99
28654490,1,HUMAN FACTOR,14
28654490,1,VEHICULAR FACTOR,99
28654490,2,HUMAN FACTOR,99
28654490,2,VEHICULAR FACTOR,99
28654616,1,HUMAN FACTOR,14
28654616,1,VEHICULAR FACTOR,99
28654616,2,HUMAN FACTOR,99
28654616,2,VEHICULAR FACTOR,99
28658849,1,HUMAN FACTOR,17
28658849,1,VEHICULAR FACTOR,99
28658849,2,HUMAN FACTOR,99
28658849,2,VEHICULAR FACTOR,99
28658970,1,HUMAN FACTOR,4
28658970,1,HUMAN FACTOR,97
28658970,1,VEHICULAR FACTOR,99
28660989,1,HUMAN FACTOR,14
28660989,1,VEHICULAR FACTOR,99
28660989,2,HUMAN FACTOR,99
28660989,2,VEHICULAR FACTOR,99
28661076,1,HUMAN FACTOR,8
28661076,1,VEHICULAR FACTOR,99
28661076,2,HUMAN FACTOR,99
28661076,2,VEHICULAR FACTOR,99
28661145,1,HUMAN FACTOR,18
28661145,1,VEHICULAR FACTOR,99
28661145,2,HUMAN FACTOR,18
28661145,2,VEHICULAR FACTOR,99
28662036,1,HUMAN FACTOR,99
28662036,1,VEHICULAR FACTOR,99
28662036,2,HUMAN FACTOR,26
28662036,2,VEHICULAR FACTOR,99
28662788,1,HUMAN FACTOR,14
28662788,1,VEHICULAR FACTOR,99
28662788,2,HUMAN FACTOR,99
28662788,2,VEHICULAR FACTOR,99
28665930,1,HUMAN FACTOR,11
28665930,1,HUMAN FACTOR,14
28665930,1,VEHICULAR FACTOR,99
28665930,2,HUMAN FACTOR,99
28665930,2,VEHICULAR FACTOR,99
28665930,3,HUMAN FACTOR,99
28665930,3,VEHICULAR FACTOR,99
28669594,1,HUMAN FACTOR,99
28669594,1,VEHICULAR FACTOR,99
28669594,2,HUMAN FACTOR,97
28669594,2,VEHICULAR FACTOR,99
28676888,1,HUMAN FACTOR,11
28676888,1,HUMAN FACTOR,14
28676888,1,VEHICULAR FACTOR,99
28676888,2,HUMAN FACTOR,99
28676888,2,VEHICULAR FACTOR,99
28676888,3,HUMAN FACTOR,99
28676888,3,VEHICULAR FACTOR,99
28677116,2,HUMAN FACTOR,99
28677116,2,VEHICULAR FACTOR,99
28677116,1,HUMAN FACTOR,11
28677116,1,VEHICULAR FACTOR,99
28679353,1,HUMAN FACTOR,26
28679353,1,VEHICULAR FACTOR,99
28679353,2,HUMAN FACTOR,99
28679353,2,VEHICULAR FACTOR,99
28679461,1,HUMAN FACTOR,14
28679461,1,VEHICULAR FACTOR,99
28679461,2,HUMAN FACTOR,99
28679461,2,VEHICULAR FACTOR,99
28679461,3,HUMAN FACTOR,99
28679461,3,VEHICULAR FACTOR,99
28679461,4,HUMAN FACTOR,99
28679461,4,VEHICULAR FACTOR,99
28679461,5,HUMAN FACTOR,99
28679461,5,VEHICULAR FACTOR,99
28679679,1,HUMAN FACTOR,11
28679679,1,HUMAN FACTOR,97
28679679,1,VEHICULAR FACTOR,99
28679679,2,HUMAN FACTOR,99
28679679,2,VEHICULAR FACTOR,99
28680666,1,HUMAN FACTOR,18
28680666,1,VEHICULAR FACTOR,99
28680666,2,HUMAN FACTOR,99
28680666,2,VEHICULAR FACTOR,99
28682056,1,HUMAN FACTOR,18
28682056,1,VEHICULAR FACTOR,99
28682056,2,HUMAN FACTOR,99
28682056,2,VEHICULAR FACTOR,99
28683941,1,HUMAN FACTOR,99
28683941,1,VEHICULAR FACTOR,99
28683941,2,HUMAN FACTOR,99
28683941,2,VEHICULAR FACTOR,99
28692734,1,HUMAN FACTOR,17
28692734,1,VEHICULAR FACTOR,99
28692734,2,HUMAN FACTOR,99
28692734,2,VEHICULAR FACTOR,99
28694865,1,HUMAN FACTOR,14
28694865,1,VEHICULAR FACTOR,99
28694865,2,HUMAN FACTOR,99
28694865,2,VEHICULAR FACTOR,99
27932208,1,ENVIRON FACTOR,2
27932208,1,ENVIRON FACTOR,99
27932208,2,ENVIRON FACTOR,2
27934164,1,ENVIRON FACTOR,2
27934164,2,ENVIRON FACTOR,99
27934582,1,ENVIRON FACTOR,2
27934582,2,ENVIRON FACTOR,17
27934582,2,ENVIRON FACTOR,2
27939269,1,ENVIRON FACTOR,2
27939269,2,ENVIRON FACTOR,99
27941539,1,ENVIRON FACTOR,2
27941539,1,ENVIRON FACTOR,9
27941539,2,ENVIRON FACTOR,99
27949388,1,ENVIRON FACTOR,2
27949388,2,ENVIRON FACTOR,99
27950715,1,ENVIRON FACTOR,2
27960491,1,ENVIRON FACTOR,2
27960491,2,ENVIRON FACTOR,99
27972328,1,ENVIRON FACTOR,2
27972328,2,ENVIRON FACTOR,2
27972792,1,ENVIRON FACTOR,2
27972792,2,ENVIRON FACTOR,2
27975828,1,ENVIRON FACTOR,2
27975828,2,ENVIRON FACTOR,2
27975828,3,ENVIRON FACTOR,2
27976626,1,ENVIRON FACTOR,2
27976626,2,ENVIRON FACTOR,2
27976630,1,ENVIRON FACTOR,2
27976630,2,ENVIRON FACTOR,2
27980953,1,ENVIRON FACTOR,2
27980953,2,ENVIRON FACTOR,99
27981984,1,ENVIRON FACTOR,2
27981984,2,ENVIRON FACTOR,99
27984894,1,ENVIRON FACTOR,2
27984894,2,ENVIRON FACTOR,2
27985841,1,ENVIRON FACTOR,2
27985841,2,ENVIRON FACTOR,2
27986139,1,ENVIRON FACTOR,2
27986139,1,ENVIRON FACTOR,9
27986139,2,ENVIRON FACTOR,99
27989673,1,ENVIRON FACTOR,2
27989673,1,ENVIRON FACTOR,9
27989673,2,ENVIRON FACTOR,99
27989673,3,ENVIRON FACTOR,99
27991581,1,ENVIRON FACTOR,2
27991581,2,ENVIRON FACTOR,2
27991581,2,ENVIRON FACTOR,99
28000226,1,ENVIRON FACTOR,2
28000226,2,ENVIRON FACTOR,2
28004300,1,ENVIRON FACTOR,2
28004300,2,ENVIRON FACTOR,2
28004300,3,ENVIRON FACTOR,2
28005121,1,ENVIRON FACTOR,2
28005121,2,ENVIRON FACTOR,2
28009277,1,ENVIRON FACTOR,2
28009277,1,ENVIRON FACTOR,4
28013322,1,ENVIRON FACTOR,2
28013322,2,ENVIRON FACTOR,2
28016085,1,ENVIRON FACTOR,2
28016085,2,ENVIRON FACTOR,2
28018926,1,ENVIRON FACTOR,2
28018926,2,ENVIRON FACTOR,9
28026235,1,ENVIRON FACTOR,17
28026235,1,ENVIRON FACTOR,2
28026235,2,ENVIRON FACTOR,17
28026235,2,ENVIRON FACTOR,2
28026303,1,ENVIRON FACTOR,2
28026303,2,ENVIRON FACTOR,2
28026303,3,ENVIRON FACTOR,2
28026304,1,ENVIRON FACTOR,2
28026304,2,ENVIRON FACTOR,99
28029561,1,ENVIRON FACTOR,2
28029561,1,ENVIRON FACTOR,9
28029561,2,ENVIRON FACTOR,2
28029561,2,ENVIRON FACTOR,9
28029710,1,ENVIRON FACTOR,2
28029710,2,ENVIRON FACTOR,99
28032442,1,ENVIRON FACTOR,2
28032442,2,ENVIRON FACTOR,99
28034177,1,ENVIRON FACTOR,2
28034177,2,ENVIRON FACTOR,99
28036084,1,ENVIRON FACTOR,2
28036084,2,ENVIRON FACTOR,99
28043076,1,ENVIRON FACTOR,2
28043076,2,ENVIRON FACTOR,99
28043076,3,ENVIRON FACTOR,99
28045119,1,ENVIRON FACTOR,2
28045119,1,ENVIRON FACTOR,12
28045119,2,ENVIRON FACTOR,99
28047488,1,ENVIRON FACTOR,2
28319423,1,ENVIRON FACTOR,2
28321405,1,ENVIRON FACTOR,2
28321405,2,ENVIRON FACTOR,2
28321713,1,ENVIRON FACTOR,2
28322365,1,ENVIRON FACTOR,17
28322365,1,ENVIRON FACTOR,2
28322365,2,ENVIRON FACTOR,17
28322365,2,ENVIRON FACTOR,2
28328540,1,ENVIRON FACTOR,2
28328540,1,ENVIRON FACTOR,11
28328540,1,ENVIRON FACTOR,14
28328540,2,ENVIRON FACTOR,2
28328540,2,ENVIRON FACTOR,11
28330795,1,ENVIRON FACTOR,2
28331658,2,ENVIRON FACTOR,2
28334452,1,ENVIRON FACTOR,2
28334452,2,ENVIRON FACTOR,2
28334456,1,ENVIRON FACTOR,2
28334456,2,ENVIRON FACTOR,2
28334456,3,ENVIRON FACTOR,2
28334807,1,ENVIRON FACTOR,2
28335751,1,ENVIRON FACTOR,2
28335751,1,ENVIRON FACTOR,10
28335751,2,ENVIRON FACTOR,2
28335756,1,ENVIRON FACTOR,2
28335756,2,ENVIRON FACTOR,2
28335760,1,ENVIRON FACTOR,2
28335760,1,DRIVER DISTRACTED BY,4
28697149,1,HUMAN FACTOR,8
28697149,1,VEHICULAR FACTOR,99
28697149,2,HUMAN FACTOR,99
28697149,2,VEHICULAR FACTOR,99
28698890,1,HUMAN FACTOR,14
28698890,1,HUMAN FACTOR,18
28698890,1,VEHICULAR FACTOR,99
28706094,1,HUMAN FACTOR,14
28706094,1,HUMAN FACTOR,17
28706094,1,VEHICULAR FACTOR,99
28706094,2,HUMAN FACTOR,99
28706094,2,VEHICULAR FACTOR,99
28714005,1,HUMAN FACTOR,14
28714005,1,VEHICULAR FACTOR,99
28714005,2,HUMAN FACTOR,99
28714005,2,VEHICULAR FACTOR,99
28727759,1,HUMAN FACTOR,14
28727759,1,VEHICULAR FACTOR,99
28727759,2,HUMAN FACTOR,99
28727759,2,VEHICULAR FACTOR,99
28731702,1,HUMAN FACTOR,18
28731702,1,VEHICULAR FACTOR,99
28731702,2,HUMAN FACTOR,18
28731702,2,VEHICULAR FACTOR,99
28731702,3,HUMAN FACTOR,99
28731702,3,VEHICULAR FACTOR,99
28731702,4,HUMAN FACTOR,99
28731702,4,VEHICULAR FACTOR,99
28753603,1,HUMAN FACTOR,11
28753603,1,VEHICULAR FACTOR,99
28753603,2,HUMAN FACTOR,99
28753603,2,VEHICULAR FACTOR,99
28778976,1,HUMAN FACTOR,11
28778976,1,VEHICULAR FACTOR,99
28778976,2,HUMAN FACTOR,11
28778976,2,VEHICULAR FACTOR,99
28778976,3,HUMAN FACTOR,99
28778976,3,VEHICULAR FACTOR,99
28781454,1,HUMAN FACTOR,99
28781454,1,VEHICULAR FACTOR,99
28781454,2,HUMAN FACTOR,99
28781454,2,VEHICULAR FACTOR,99
28784779,1,HUMAN FACTOR,4
28784779,1,VEHICULAR FACTOR,99
28784779,2,HUMAN FACTOR,99
28784779,2,VEHICULAR FACTOR,99
28787466,1,HUMAN FACTOR,11
28787466,1,VEHICULAR FACTOR,99
28787466,2,HUMAN FACTOR,99
28787466,2,VEHICULAR FACTOR,99
28787466,3,HUMAN FACTOR,11
28787466,3,VEHICULAR FACTOR,99
28789532,1,HUMAN FACTOR,17
28789532,1,VEHICULAR FACTOR,99
28789532,2,HUMAN FACTOR,99
28789532,2,VEHICULAR FACTOR,99
28789579,2,HUMAN FACTOR,99
28789579,2,VEHICULAR FACTOR,99
28792128,1,HUMAN FACTOR,14
28792128,1,VEHICULAR FACTOR,99
28792128,2,HUMAN FACTOR,99
28792128,2,VEHICULAR FACTOR,99
28795696,1,HUMAN FACTOR,99
28795696,1,VEHICULAR FACTOR,99
28795696,2,HUMAN FACTOR,99
28795696,2,VEHICULAR FACTOR,99
28795698,1,HUMAN FACTOR,17
28795698,1,VEHICULAR FACTOR,99
28795698,2,HUMAN FACTOR,99
28795698,2,VEHICULAR FACTOR,99
28797725,1,HUMAN FACTOR,17
28797725,1,VEHICULAR FACTOR,99
28797725,2,HUMAN FACTOR,99
28797725,2,VEHICULAR FACTOR,99
28801529,1,HUMAN FACTOR,17
28801529,1,VEHICULAR FACTOR,99
28801529,2,HUMAN FACTOR,99
28801529,2,VEHICULAR FACTOR,99
28803536,1,HUMAN FACTOR,99
28803536,1,VEHICULAR FACTOR,99
28803536,2,HUMAN FACTOR,99
28803536,2,VEHICULAR FACTOR,99
28804533,1,HUMAN FACTOR,11
28804533,1,VEHICULAR FACTOR,99
28804533,2,HUMAN FACTOR,99
28804533,2,VEHICULAR FACTOR,99
28806961,1,HUMAN FACTOR,1
28806961,1,VEHICULAR FACTOR,99
28806963,1,HUMAN FACTOR,11
28806963,1,VEHICULAR FACTOR,99
28806963,2,HUMAN FACTOR,99
28806963,2,VEHICULAR FACTOR,99
28807100,1,HUMAN FACTOR,11
28807100,1,VEHICULAR FACTOR,99
28807100,2,HUMAN FACTOR,99
28807100,2,VEHICULAR FACTOR,99
28821223,1,HUMAN FACTOR,3
28821223,1,HUMAN FACTOR,8
28821223,1,HUMAN FACTOR,14
28821223,1,VEHICULAR FACTOR,99
28821223,2,HUMAN FACTOR,99
28821223,2,VEHICULAR FACTOR,99
28821230,1,HUMAN FACTOR,14
28821230,1,VEHICULAR FACTOR,99
28821230,2,HUMAN FACTOR,99
28821230,2,VEHICULAR FACTOR,99
28853883,1,HUMAN FACTOR,13
28853883,1,VEHICULAR FACTOR,99
28853883,2,HUMAN FACTOR,99
28853883,2,VEHICULAR FACTOR,99
28854857,1,HUMAN FACTOR,99
28854857,1,VEHICULAR FACTOR,99
28854857,2,HUMAN FACTOR,99
28854857,2,VEHICULAR FACTOR,99
28856985,1,HUMAN FACTOR,11
28856985,1,VEHICULAR FACTOR,99
28856985,2,HUMAN FACTOR,99
28856985,2,VEHICULAR FACTOR,99
28870484,1,HUMAN FACTOR,26
28335760,2,ENVIRON FACTOR,2
28335763,1,ENVIRON FACTOR,2
28335763,1,DRIVER DISTRACTED BY,4
28335763,2,ENVIRON FACTOR,2
28339584,1,ENVIRON FACTOR,2
28339619,1,ENVIRON FACTOR,2
28339619,2,ENVIRON FACTOR,99
28339791,1,ENVIRON FACTOR,2
28339791,2,ENVIRON FACTOR,2
28340420,1,ENVIRON FACTOR,2
28340420,2,ENVIRON FACTOR,9
28344720,1,ENVIRON FACTOR,2
28344720,2,ENVIRON FACTOR,2
28345858,1,ENVIRON FACTOR,2
28352754,1,ENVIRON FACTOR,2
28357630,1,ENVIRON FACTOR,2
28357630,2,ENVIRON FACTOR,2
28357939,1,ENVIRON FACTOR,99
28357939,2,ENVIRON FACTOR,2
28358000,1,ENVIRON FACTOR,2
28358000,2,ENVIRON FACTOR,99
28358000,3,ENVIRON FACTOR,99
28359996,1,ENVIRON FACTOR,2
28359996,2,ENVIRON FACTOR,2
28359997,1,ENVIRON FACTOR,2
28359997,2,ENVIRON FACTOR,2
28359997,3,ENVIRON FACTOR,2
28359997,4,ENVIRON FACTOR,2
28360674,1,ENVIRON FACTOR,2
28360674,1,ENVIRON FACTOR,97
28360674,2,ENVIRON FACTOR,2
28360674,2,ENVIRON FACTOR,97
28361200,1,ENVIRON FACTOR,2
28361200,2,ENVIRON FACTOR,99
28361202,1,ENVIRON FACTOR,2
28361202,2,ENVIRON FACTOR,2
28362188,1,ENVIRON FACTOR,2
28362188,2,ENVIRON FACTOR,2
28362310,1,ENVIRON FACTOR,2
28362310,2,ENVIRON FACTOR,2
28362314,1,ENVIRON FACTOR,17
28362314,1,ENVIRON FACTOR,2
28362314,2,ENVIRON FACTOR,17
28362314,2,ENVIRON FACTOR,2
28362322,1,ENVIRON FACTOR,2
28362322,1,ENVIRON FACTOR,3
28362323,1,ENVIRON FACTOR,2
28362323,2,ENVIRON FACTOR,2
28362554,1,ENVIRON FACTOR,2
28362554,2,ENVIRON FACTOR,2
28370843,1,ENVIRON FACTOR,2
28370843,2,ENVIRON FACTOR,2
28371459,1,ENVIRON FACTOR,2
28371459,1,ENVIRON FACTOR,11
28371459,2,ENVIRON FACTOR,2
28371459,2,ENVIRON FACTOR,11
28374313,1,ENVIRON FACTOR,2
28374313,2,ENVIRON FACTOR,2
28375200,1,ENVIRON FACTOR,2
28375200,1,ENVIRON FACTOR,3
28381215,1,ENVIRON FACTOR,2
28381215,2,ENVIRON FACTOR,99
28383376,1,ENVIRON FACTOR,2
28383376,2,ENVIRON FACTOR,9
28383682,1,ENVIRON FACTOR,2
28383682,2,ENVIRON FACTOR,2
28383772,1,ENVIRON FACTOR,2
28383772,2,ENVIRON FACTOR,2
28384152,1,ENVIRON FACTOR,2
28384152,2,ENVIRON FACTOR,99
28384333,1,ENVIRON FACTOR,2
28384333,2,ENVIRON FACTOR,99
28385034,1,ENVIRON FACTOR,2
28385034,2,ENVIRON FACTOR,2
28388123,1,ENVIRON FACTOR,2
28388123,2,ENVIRON FACTOR,2
28389827,1,ENVIRON FACTOR,2
28389827,2,ENVIRON FACTOR,2
28392341,1,ENVIRON FACTOR,2
28392341,2,ENVIRON FACTOR,2
28392448,1,ENVIRON FACTOR,2
28392448,1,ENVIRON FACTOR,11
28396560,1,ENVIRON FACTOR,2
28396560,2,ENVIRON FACTOR,2
28397277,1,ENVIRON FACTOR,17
28397277,1,ENVIRON FACTOR,2
28397277,2,ENVIRON FACTOR,2
28397277,2,ENVIRON FACTOR,9
28397293,1,ENVIRON FACTOR,2
28397293,1,ENVIRON FACTOR,9
28397293,2,ENVIRON FACTOR,2
28397293,2,ENVIRON FACTOR,16
28397939,1,ENVIRON FACTOR,2
28397939,1,ENVIRON FACTOR,9
28398145,1,ENVIRON FACTOR,2
28398145,2,ENVIRON FACTOR,2
28401779,1,ENVIRON FACTOR,2
28401779,2,ENVIRON FACTOR,2
28405388,1,ENVIRON FACTOR,2
28405388,2,ENVIRON FACTOR,2
28405388,3,ENVIRON FACTOR,2
28405388,4,ENVIRON FACTOR,99
28409911,1,ENVIRON FACTOR,2
28409911,2,ENVIRON FACTOR,2
28409987,1,ENVIRON FACTOR,2
28409987,2,ENVIRON FACTOR,2
28410030,1,ENVIRON FACTOR,2
28410030,2,ENVIRON FACTOR,2
28410044,1,ENVIRON FACTOR,2
28410044,2,ENVIRON FACTOR,99
28410044,3,ENVIRON FACTOR,99
28410438,1,ENVIRON FACTOR,2
28410438,2,ENVIRON FACTOR,2
28410438,3,ENVIRON FACTOR,2
28410438,4,ENVIRON FACTOR,2
28431291,1,ENVIRON FACTOR,2
28431291,1,ENVIRON FACTOR,10
28440749,1,ENVIRON FACTOR,17
28440749,1,ENVIRON FACTOR,2
28440749,2,ENVIRON FACTOR,99
28444823,1,ENVIRON FACTOR,2
28444823,2,ENVIRON FACTOR,2
28449122,1,ENVIRON FACTOR,2
28449501,1,ENVIRON FACTOR,2
28449501,2,ENVIRON FACTOR,2
28457905,1,ENVIRON FACTOR,2
28457905,2,ENVIRON FACTOR,2
28457925,1,ENVIRON FACTOR,17
28457925,1,ENVIRON FACTOR,2
28457925,2,ENVIRON FACTOR,17
28457925,2,ENVIRON FACTOR,2
28457925,3,ENVIRON FACTOR,17
28457925,3,ENVIRON FACTOR,2
28458058,1,ENVIRON FACTOR,2
28459269,1,ENVIRON FACTOR,2
28459269,2,ENVIRON FACTOR,99
28462093,1,ENVIRON FACTOR,2
28462093,1,DRIVER DISTRACTED BY,3
28462093,2,ENVIRON FACTOR,2
28462093,3,ENVIRON FACTOR,2
28462208,1,ENVIRON FACTOR,2
28462208,2,ENVIRON FACTOR,2
28048069,1,ENVIRON FACTOR,2
28048069,2,ENVIRON FACTOR,99
28056799,1,ENVIRON FACTOR,2
28056799,1,ENVIRON FACTOR,12
28056799,2,ENVIRON FACTOR,2
28056799,3,ENVIRON FACTOR,2
28057494,1,ENVIRON FACTOR,2
28057494,2,ENVIRON FACTOR,2
28057494,2,ENVIRON FACTOR,9
28057498,1,ENVIRON FACTOR,17
28057498,1,ENVIRON FACTOR,2
28057498,2,ENVIRON FACTOR,2
28060239,1,ENVIRON FACTOR,2
28060239,2,ENVIRON FACTOR,9
28060239,3,ENVIRON FACTOR,9
28061706,1,ENVIRON FACTOR,2
28065736,1,ENVIRON FACTOR,2
28065736,2,ENVIRON FACTOR,2
28065931,1,ENVIRON FACTOR,2
28067024,1,ENVIRON FACTOR,2
28067024,2,ENVIRON FACTOR,99
28067888,1,ENVIRON FACTOR,2
28084220,1,ENVIRON FACTOR,2
28084220,2,ENVIRON FACTOR,99
28085340,1,ENVIRON FACTOR,17
28085340,1,ENVIRON FACTOR,2
28085340,2,ENVIRON FACTOR,17
28085340,2,ENVIRON FACTOR,2
28089173,1,ENVIRON FACTOR,2
28089173,2,ENVIRON FACTOR,2
28097820,1,ENVIRON FACTOR,2
28097820,2,ENVIRON FACTOR,2
28098860,1,ENVIRON FACTOR,2
28098860,1,ENVIRON FACTOR,13
28098860,2,ENVIRON FACTOR,2
28098860,2,ENVIRON FACTOR,13
28102003,1,ENVIRON FACTOR,2
28102003,2,ENVIRON FACTOR,2
28103588,1,ENVIRON FACTOR,2
28111609,1,ENVIRON FACTOR,2
28111609,2,ENVIRON FACTOR,2
28111609,3,ENVIRON FACTOR,2
28111701,1,ENVIRON FACTOR,2
28111701,2,ENVIRON FACTOR,2
28111878,1,ENVIRON FACTOR,2
28111878,2,ENVIRON FACTOR,2
28112451,1,ENVIRON FACTOR,2
28112451,2,ENVIRON FACTOR,2
28114925,1,ENVIRON FACTOR,2
28114925,2,ENVIRON FACTOR,2
28116226,1,ENVIRON FACTOR,2
28116226,2,ENVIRON FACTOR,2
28116226,3,ENVIRON FACTOR,2
28116806,1,ENVIRON FACTOR,2
28116806,2,ENVIRON FACTOR,99
28121372,1,ENVIRON FACTOR,17
28121372,1,ENVIRON FACTOR,2
28121372,2,ENVIRON FACTOR,17
28121372,2,ENVIRON FACTOR,2
28121847,1,ENVIRON FACTOR,2
28121847,1,ENVIRON FACTOR,9
28121847,2,ENVIRON FACTOR,2
28124858,1,ENVIRON FACTOR,2
28124858,2,ENVIRON FACTOR,2
28126996,1,ENVIRON FACTOR,2
28126996,2,ENVIRON FACTOR,2
28132476,1,ENVIRON FACTOR,2
28132476,2,ENVIRON FACTOR,2
28136100,1,ENVIRON FACTOR,2
28136100,2,ENVIRON FACTOR,2
28137041,1,ENVIRON FACTOR,2
28137041,2,ENVIRON FACTOR,2
28137041,3,ENVIRON FACTOR,2
28138092,1,ENVIRON FACTOR,2
28139992,1,ENVIRON FACTOR,99
28139992,2,ENVIRON FACTOR,2
28140007,1,ENVIRON FACTOR,2
28140007,2,ENVIRON FACTOR,99
28140682,1,ENVIRON FACTOR,2
28140682,2,ENVIRON FACTOR,2
28146846,1,ENVIRON FACTOR,2
28146846,2,ENVIRON FACTOR,99
28149884,1,ENVIRON FACTOR,2
28153601,1,ENVIRON FACTOR,2
28153601,1,ENVIRON FACTOR,11
28153601,2,ENVIRON FACTOR,2
28156477,1,ENVIRON FACTOR,2
28156477,2,ENVIRON FACTOR,2
28157639,1,ENVIRON FACTOR,2
28157639,2,ENVIRON FACTOR,2
28158683,1,ENVIRON FACTOR,2
28158683,2,ENVIRON FACTOR,2
28166336,1,ENVIRON FACTOR,2
28166336,2,ENVIRON FACTOR,2
28870484,1,VEHICULAR FACTOR,99
28870484,2,HUMAN FACTOR,26
28870484,2,VEHICULAR FACTOR,99
28902475,1,HUMAN FACTOR,14
28902475,1,VEHICULAR FACTOR,99
28902475,2,HUMAN FACTOR,99
28902475,2,VEHICULAR FACTOR,99
28902475,3,HUMAN FACTOR,99
28902475,3,VEHICULAR FACTOR,99
28902475,4,HUMAN FACTOR,99
28902475,4,VEHICULAR FACTOR,99
28902552,2,HUMAN FACTOR,99
28902552,2,VEHICULAR FACTOR,99
28907320,1,HUMAN FACTOR,18
28907320,1,VEHICULAR FACTOR,99
28915770,1,HUMAN FACTOR,14
28915770,1,VEHICULAR FACTOR,99
28915770,2,HUMAN FACTOR,99
28915770,2,VEHICULAR FACTOR,99
28916103,1,HUMAN FACTOR,14
28916103,1,VEHICULAR FACTOR,99
28916103,2,HUMAN FACTOR,99
28916103,2,VEHICULAR FACTOR,99
28916291,1,HUMAN FACTOR,97
28916291,1,VEHICULAR FACTOR,99
28916291,2,HUMAN FACTOR,99
28916291,2,VEHICULAR FACTOR,99
28924923,1,HUMAN FACTOR,97
28924923,1,VEHICULAR FACTOR,99
28924923,2,HUMAN FACTOR,99
28924923,2,VEHICULAR FACTOR,99
28926025,1,HUMAN FACTOR,99
28926025,1,VEHICULAR FACTOR,99
28926025,2,HUMAN FACTOR,8
28926025,2,HUMAN FACTOR,14
28926025,2,HUMAN FACTOR,18
28926025,2,VEHICULAR FACTOR,99
28927436,1,HUMAN FACTOR,99
28927436,1,VEHICULAR FACTOR,99
28927646,1,HUMAN FACTOR,97
28927646,1,VEHICULAR FACTOR,99
28927646,2,HUMAN FACTOR,99
28927646,2,VEHICULAR FACTOR,99
28927797,1,HUMAN FACTOR,14
28927797,1,VEHICULAR FACTOR,99
28927797,2,HUMAN FACTOR,99
28927797,2,VEHICULAR FACTOR,99
28929691,1,HUMAN FACTOR,14
28929691,1,HUMAN FACTOR,17
28929691,1,VEHICULAR FACTOR,99
28929691,2,HUMAN FACTOR,99
28929691,2,VEHICULAR FACTOR,99
28930230,1,HUMAN FACTOR,97
28930230,1,VEHICULAR FACTOR,13
28930230,2,HUMAN FACTOR,99
28930230,2,VEHICULAR FACTOR,13
28937608,1,HUMAN FACTOR,14
28937608,1,VEHICULAR FACTOR,99
28937608,2,HUMAN FACTOR,99
28937608,2,VEHICULAR FACTOR,99
28941134,1,HUMAN FACTOR,6
28941134,1,HUMAN FACTOR,97
28941134,1,VEHICULAR FACTOR,99
28941134,2,HUMAN FACTOR,6
28941134,2,HUMAN FACTOR,97
28941134,2,VEHICULAR FACTOR,99
28941750,1,HUMAN FACTOR,11
28941750,1,VEHICULAR FACTOR,99
28941750,2,HUMAN FACTOR,99
28941750,2,VEHICULAR FACTOR,99
28941750,3,HUMAN FACTOR,99
28941750,3,VEHICULAR FACTOR,99
28943064,1,HUMAN FACTOR,17
28943064,1,VEHICULAR FACTOR,99
28943064,2,HUMAN FACTOR,14
28943064,2,VEHICULAR FACTOR,99
28943426,1,HUMAN FACTOR,26
28943426,1,VEHICULAR FACTOR,99
28943426,2,HUMAN FACTOR,99
28943426,2,VEHICULAR FACTOR,99
28945086,1,HUMAN FACTOR,11
28945086,1,VEHICULAR FACTOR,99
28945086,2,HUMAN FACTOR,99
28945086,2,VEHICULAR FACTOR,99
28945086,3,HUMAN FACTOR,99
28945086,3,VEHICULAR FACTOR,99
28945086,4,HUMAN FACTOR,99
28945086,4,VEHICULAR FACTOR,99
28945404,1,HUMAN FACTOR,8
28945404,1,VEHICULAR FACTOR,99
28945404,2,HUMAN FACTOR,22
28945404,2,VEHICULAR FACTOR,99
28945988,1,HUMAN FACTOR,1
28945988,1,HUMAN FACTOR,5
28945988,1,HUMAN FACTOR,11
28945988,1,VEHICULAR FACTOR,99
28945988,2,HUMAN FACTOR,11
28945988,2,VEHICULAR FACTOR,99
28945988,3,HUMAN FACTOR,99
28945988,3,VEHICULAR FACTOR,99
28948379,1,HUMAN FACTOR,8
28318327,1,VEHICULAR FACTOR,99
28318327,2,HUMAN FACTOR,99
28318327,2,VEHICULAR FACTOR,99
28318329,1,HUMAN FACTOR,3
28318329,1,HUMAN FACTOR,13
28318329,1,VEHICULAR FACTOR,13
28318329,2,HUMAN FACTOR,99
28318329,2,VEHICULAR FACTOR,13
28319902,1,HUMAN FACTOR,14
28319902,1,VEHICULAR FACTOR,99
28319902,2,HUMAN FACTOR,99
28319902,2,VEHICULAR FACTOR,99
28320690,1,HUMAN FACTOR,97
28320690,1,VEHICULAR FACTOR,99
28322532,1,HUMAN FACTOR,11
28322532,1,VEHICULAR FACTOR,99
28322532,2,HUMAN FACTOR,99
28322532,2,VEHICULAR FACTOR,99
28171008,1,ENVIRON FACTOR,2
28171008,1,ENVIRON FACTOR,3
28171008,2,ENVIRON FACTOR,2
28171008,2,ENVIRON FACTOR,3
28174063,1,ENVIRON FACTOR,2
28174063,2,ENVIRON FACTOR,99
28175393,1,ENVIRON FACTOR,2
28175393,2,ENVIRON FACTOR,2
28175393,3,ENVIRON FACTOR,2
28176812,1,ENVIRON FACTOR,2
28176812,2,ENVIRON FACTOR,2
28178073,1,ENVIRON FACTOR,17
28178073,1,ENVIRON FACTOR,2
28178073,2,ENVIRON FACTOR,17
28178073,2,ENVIRON FACTOR,2
28178073,3,ENVIRON FACTOR,17
28178073,3,ENVIRON FACTOR,2
28178091,1,ENVIRON FACTOR,2
28178091,2,ENVIRON FACTOR,2
28178091,3,ENVIRON FACTOR,2
28178287,1,ENVIRON FACTOR,2
28178287,2,ENVIRON FACTOR,2
28178287,2,ENVIRON FACTOR,97
28180259,1,ENVIRON FACTOR,2
28180554,1,ENVIRON FACTOR,2
28180554,2,ENVIRON FACTOR,2
28187212,1,ENVIRON FACTOR,2
28187212,2,ENVIRON FACTOR,2
28187212,2,ENVIRON FACTOR,9
28187315,1,ENVIRON FACTOR,2
28187315,2,ENVIRON FACTOR,99
28187315,3,ENVIRON FACTOR,99
28188166,1,ENVIRON FACTOR,99
28188166,2,ENVIRON FACTOR,2
28198604,1,ENVIRON FACTOR,9
28198604,2,ENVIRON FACTOR,17
28198604,2,ENVIRON FACTOR,2
28200076,1,ENVIRON FACTOR,2
28200192,1,ENVIRON FACTOR,2
28200192,2,ENVIRON FACTOR,2
28202170,1,ENVIRON FACTOR,2
28202170,2,ENVIRON FACTOR,2
28205648,1,ENVIRON FACTOR,2
28205648,2,ENVIRON FACTOR,99
28205903,1,ENVIRON FACTOR,2
28205903,2,ENVIRON FACTOR,2
28207644,1,ENVIRON FACTOR,2
28207644,1,ENVIRON FACTOR,11
28207644,2,ENVIRON FACTOR,2
28207644,2,ENVIRON FACTOR,11
28207644,3,ENVIRON FACTOR,2
28207644,3,ENVIRON FACTOR,11
28207644,4,ENVIRON FACTOR,2
28207644,4,ENVIRON FACTOR,11
28207644,5,ENVIRON FACTOR,2
28207644,5,ENVIRON FACTOR,11
28209047,1,ENVIRON FACTOR,2
28209047,2,ENVIRON FACTOR,2
28210458,1,ENVIRON FACTOR,2
28210458,2,ENVIRON FACTOR,2
28210824,1,ENVIRON FACTOR,17
28210824,1,ENVIRON FACTOR,2
28211089,1,ENVIRON FACTOR,2
28211089,2,ENVIRON FACTOR,99
28212492,1,ENVIRON FACTOR,2
28212492,1,ENVIRON FACTOR,11
28212492,2,ENVIRON FACTOR,2
28212492,2,ENVIRON FACTOR,11
28213427,1,ENVIRON FACTOR,2
28213427,2,ENVIRON FACTOR,2
28215849,1,ENVIRON FACTOR,2
28215849,2,ENVIRON FACTOR,2
28224956,1,ENVIRON FACTOR,2
28224956,2,ENVIRON FACTOR,2
28225454,1,ENVIRON FACTOR,2
28225454,2,ENVIRON FACTOR,2
28462973,1,ENVIRON FACTOR,2
28462973,2,ENVIRON FACTOR,2
28462973,3,ENVIRON FACTOR,2
28462973,4,ENVIRON FACTOR,2
28463412,1,ENVIRON FACTOR,2
28463412,2,ENVIRON FACTOR,2
28466861,1,ENVIRON FACTOR,2
28466861,2,ENVIRON FACTOR,2
28466861,3,ENVIRON FACTOR,2
28466861,4,ENVIRON FACTOR,2
28466861,5,ENVIRON FACTOR,2
28466861,6,ENVIRON FACTOR,2
28468304,1,ENVIRON FACTOR,2
28468304,2,ENVIRON FACTOR,2
28471632,1,ENVIRON FACTOR,2
28471632,2,ENVIRON FACTOR,99
28472482,1,ENVIRON FACTOR,17
28472482,1,ENVIRON FACTOR,2
28472482,2,ENVIRON FACTOR,17
28472482,2,ENVIRON FACTOR,2
28474014,1,ENVIRON FACTOR,2
28474014,2,ENVIRON FACTOR,99
28475522,1,ENVIRON FACTOR,2
28475522,2,ENVIRON FACTOR,2
28475522,3,ENVIRON FACTOR,2
28475522,4,ENVIRON FACTOR,99
28475522,5,ENVIRON FACTOR,2
28476044,1,ENVIRON FACTOR,2
28476044,2,ENVIRON FACTOR,2
28476804,1,ENVIRON FACTOR,2
28476804,2,ENVIRON FACTOR,2
28479596,1,ENVIRON FACTOR,2
28479596,1,DRIVER DISTRACTED BY,1
28479596,2,ENVIRON FACTOR,99
28479596,3,ENVIRON FACTOR,99
28485354,1,ENVIRON FACTOR,2
28485354,2,ENVIRON FACTOR,2
28489177,1,ENVIRON FACTOR,2
28489177,2,ENVIRON FACTOR,2
28489407,1,ENVIRON FACTOR,2
28489407,2,ENVIRON FACTOR,2
28494323,1,ENVIRON FACTOR,2
28494323,2,ENVIRON FACTOR,2
28494323,3,ENVIRON FACTOR,2
28494761,1,ENVIRON FACTOR,9
28494761,1,ENVIRON FACTOR,11
28494761,2,ENVIRON FACTOR,2
28494761,2,ENVIRON FACTOR,11
28498436,1,ENVIRON FACTOR,2
28498436,2,ENVIRON FACTOR,99
28499214,1,ENVIRON FACTOR,2
28499214,2,ENVIRON FACTOR,2
28499430,1,ENVIRON FACTOR,2
28499430,2,ENVIRON FACTOR,2
28499438,1,ENVIRON FACTOR,2
28499438,2,ENVIRON FACTOR,99
28499438,3,ENVIRON FACTOR,99
28506472,1,ENVIRON FACTOR,2
28506472,2,ENVIRON FACTOR,2
28522397,1,ENVIRON FACTOR,2
28522397,2,ENVIRON FACTOR,2
28523733,1,ENVIRON FACTOR,2
28523733,2,ENVIRON FACTOR,99
28525005,1,ENVIRON FACTOR,2
28525005,2,ENVIRON FACTOR,2
28527605,1,ENVIRON FACTOR,2
28527605,2,ENVIRON FACTOR,2
28527605,3,ENVIRON FACTOR,2
28528327,1,ENVIRON FACTOR,2
28528327,2,ENVIRON FACTOR,2
28529858,1,ENVIRON FACTOR,2
28529858,2,ENVIRON FACTOR,2
28529864,1,ENVIRON FACTOR,2
28529864,2,ENVIRON FACTOR,2
28540272,1,ENVIRON FACTOR,2
28540376,1,ENVIRON FACTOR,2
28541723,1,ENVIRON FACTOR,2
28541723,1,ENVIRON FACTOR,9
28541723,2,ENVIRON FACTOR,99
28542313,1,ENVIRON FACTOR,2
28542313,2,ENVIRON FACTOR,2
28543585,1,ENVIRON FACTOR,2
28543885,1,ENVIRON FACTOR,2
28543885,2,ENVIRON FACTOR,2
28543885,3,ENVIRON FACTOR,2
28544403,1,ENVIRON FACTOR,2
28544403,2,ENVIRON FACTOR,99
28546323,1,ENVIRON FACTOR,2
28546323,2,ENVIRON FACTOR,2
28549619,1,ENVIRON FACTOR,2
28549700,1,ENVIRON FACTOR,2
28549700,2,ENVIRON FACTOR,9
28550207,1,ENVIRON FACTOR,9
28550207,2,ENVIRON FACTOR,2
28550315,1,ENVIRON FACTOR,2
28550317,1,ENVIRON FACTOR,2
28550323,1,ENVIRON FACTOR,2
28551177,1,ENVIRON FACTOR,2
28551588,1,ENVIRON FACTOR,2
28551588,2,ENVIRON FACTOR,2
28554761,1,ENVIRON FACTOR,2
28554761,2,ENVIRON FACTOR,2
28561731,1,ENVIRON FACTOR,2
28561731,1,ENVIRON FACTOR,5
28561731,2,ENVIRON FACTOR,2
28562918,1,ENVIRON FACTOR,2
28562918,2,ENVIRON FACTOR,2
28565252,1,ENVIRON FACTOR,2
28565252,1,ENVIRON FACTOR,97
28569005,1,ENVIRON FACTOR,2
28569005,2,ENVIRON FACTOR,99
28570558,1,ENVIRON FACTOR,2
28573839,1,ENVIRON FACTOR,99
28573839,2,ENVIRON FACTOR,99
28573839,3,ENVIRON FACTOR,2
28573839,3,ENVIRON FACTOR,3
28573839,4,ENVIRON FACTOR,2
28573839,4,ENVIRON FACTOR,3
28577890,1,ENVIRON FACTOR,2
28577890,2,ENVIRON FACTOR,2
28577890,3,ENVIRON FACTOR,2
28581638,1,ENVIRON FACTOR,2
28581638,2,ENVIRON FACTOR,2
28584512,1,ENVIRON FACTOR,2
28584512,1,ENVIRON FACTOR,3
28585020,1,ENVIRON FACTOR,2
28585020,2,ENVIRON FACTOR,2
28594732,1,ENVIRON FACTOR,2
28594732,1,DRIVER DISTRACTED BY,1
28594732,2,ENVIRON FACTOR,2
28594732,3,ENVIRON FACTOR,2
28594732,4,ENVIRON FACTOR,2
28594732,5,ENVIRON FACTOR,2
28596370,1,ENVIRON FACTOR,17
28596370,1,ENVIRON FACTOR,2
28596370,2,ENVIRON FACTOR,17
28596370,2,ENVIRON FACTOR,2
28598566,1,ENVIRON FACTOR,2
28598566,2,ENVIRON FACTOR,2
28599784,1,ENVIRON FACTOR,17
28599784,1,ENVIRON FACTOR,2
28599784,2,ENVIRON FACTOR,17
28599784,2,ENVIRON FACTOR,2
28604682,1,ENVIRON FACTOR,2
28604682,1,ENVIRON FACTOR,13
28605369,1,ENVIRON FACTOR,2
28607773,1,ENVIRON FACTOR,2
28607773,2,ENVIRON FACTOR,99
28607773,3,ENVIRON FACTOR,99
28625741,1,ENVIRON FACTOR,2
28625741,2,ENVIRON FACTOR,99
28627340,1,ENVIRON FACTOR,2
28627340,2,ENVIRON FACTOR,2
28627340,3,ENVIRON FACTOR,2
28627797,1,ENVIRON FACTOR,2
28627797,2,ENVIRON FACTOR,99
28628028,1,ENVIRON FACTOR,2
28628028,2,ENVIRON FACTOR,2
28634182,1,ENVIRON FACTOR,2
28644437,1,ENVIRON FACTOR,2
28644468,1,ENVIRON FACTOR,2
28644468,2,ENVIRON FACTOR,2
28645868,1,ENVIRON FACTOR,2
28652520,1,ENVIRON FACTOR,2
28652575,1,ENVIRON FACTOR,2
28652575,2,ENVIRON FACTOR,2
28653918,1,ENVIRON FACTOR,2
28653918,2,ENVIRON FACTOR,2
28654490,1,ENVIRON FACTOR,2
28654490,2,ENVIRON FACTOR,2
28226032,1,ENVIRON FACTOR,2
28226032,1,DRIVER DISTRACTED BY,4
28226032,2,ENVIRON FACTOR,2
28226212,1,ENVIRON FACTOR,17
28226212,1,ENVIRON FACTOR,2
28226212,2,ENVIRON FACTOR,17
28226212,2,ENVIRON FACTOR,2
28226212,3,ENVIRON FACTOR,17
28226212,3,ENVIRON FACTOR,2
28230530,1,ENVIRON FACTOR,2
28230530,1,ENVIRON FACTOR,7
28230530,2,ENVIRON FACTOR,2
28230530,2,ENVIRON FACTOR,7
28231734,1,ENVIRON FACTOR,2
28231734,2,ENVIRON FACTOR,99
28231932,1,ENVIRON FACTOR,2
28231932,2,ENVIRON FACTOR,99
28237384,1,ENVIRON FACTOR,2
28237384,1,DRIVER DISTRACTED BY,5
28237384,2,ENVIRON FACTOR,2
28237384,3,ENVIRON FACTOR,2
28238035,1,ENVIRON FACTOR,2
28238035,1,ENVIRON FACTOR,11
28238035,2,ENVIRON FACTOR,99
28238035,3,ENVIRON FACTOR,99
28238259,1,ENVIRON FACTOR,2
28238259,1,ENVIRON FACTOR,11
28238259,2,ENVIRON FACTOR,99
28238259,3,ENVIRON FACTOR,99
28238339,1,ENVIRON FACTOR,2
28238339,2,ENVIRON FACTOR,2
28238339,3,ENVIRON FACTOR,2
28238374,1,ENVIRON FACTOR,2
28238374,2,ENVIRON FACTOR,99
28238946,1,ENVIRON FACTOR,17
28238946,1,ENVIRON FACTOR,2
28238946,2,ENVIRON FACTOR,17
28238946,2,ENVIRON FACTOR,2
28239477,1,ENVIRON FACTOR,2
28239477,1,ENVIRON FACTOR,13
28239477,2,ENVIRON FACTOR,13
28243331,1,ENVIRON FACTOR,2
28243331,2,ENVIRON FACTOR,2
28251142,1,ENVIRON FACTOR,17
28251142,1,ENVIRON FACTOR,2
28251142,2,ENVIRON FACTOR,2
28251446,1,ENVIRON FACTOR,2
28251446,2,ENVIRON FACTOR,99
28253723,1,ENVIRON FACTOR,17
28253723,1,ENVIRON FACTOR,2
28253723,2,ENVIRON FACTOR,99
28254078,1,ENVIRON FACTOR,2
28254078,2,ENVIRON FACTOR,2
28255999,1,ENVIRON FACTOR,2
28255999,2,ENVIRON FACTOR,2
28260519,2,ENVIRON FACTOR,2
28265086,1,ENVIRON FACTOR,2
28265086,2,ENVIRON FACTOR,2
28269934,1,ENVIRON FACTOR,2
28269934,2,ENVIRON FACTOR,2
28272841,1,ENVIRON FACTOR,2
28272841,2,ENVIRON FACTOR,99
28273515,1,ENVIRON FACTOR,2
28273515,2,ENVIRON FACTOR,2
28274291,1,ENVIRON FACTOR,2
28274291,2,ENVIRON FACTOR,2
28278395,1,ENVIRON FACTOR,2
28278395,1,ENVIRON FACTOR,8
28278395,1,DRIVER DISTRACTED BY,4
28278395,2,ENVIRON FACTOR,99
28280242,1,ENVIRON FACTOR,2
28280242,2,ENVIRON FACTOR,2
28281245,1,ENVIRON FACTOR,2
28281245,2,ENVIRON FACTOR,2
28281784,1,ENVIRON FACTOR,17
28281784,1,ENVIRON FACTOR,2
28286615,1,ENVIRON FACTOR,2
28286615,2,ENVIRON FACTOR,2
28286615,3,ENVIRON FACTOR,2
28287376,1,ENVIRON FACTOR,2
28287376,2,ENVIRON FACTOR,2
28292473,1,ENVIRON FACTOR,2
28292473,2,ENVIRON FACTOR,99
28294664,1,ENVIRON FACTOR,2
28294759,1,ENVIRON FACTOR,2
28294759,2,ENVIRON FACTOR,2
28294788,1,ENVIRON FACTOR,17
28294788,1,ENVIRON FACTOR,2
28294788,2,ENVIRON FACTOR,17
28294788,2,ENVIRON FACTOR,2
28296021,1,ENVIRON FACTOR,2
28296021,2,ENVIRON FACTOR,2
28296021,3,ENVIRON FACTOR,2
28301860,1,ENVIRON FACTOR,2
28301860,2,ENVIRON FACTOR,99
28302065,1,ENVIRON FACTOR,2
28302065,1,ENVIRON FACTOR,97
28302065,2,ENVIRON FACTOR,2
28302065,2,ENVIRON FACTOR,97
28304441,1,ENVIRON FACTOR,2
28304441,2,ENVIRON FACTOR,17
28304441,2,ENVIRON FACTOR,2
28304732,1,ENVIRON FACTOR,2
28304732,2,ENVIRON FACTOR,2
28307358,1,ENVIRON FACTOR,2
28307358,2,ENVIRON FACTOR,99
28307428,1,ENVIRON FACTOR,2
28307428,1,ENVIRON FACTOR,11
28307428,2,ENVIRON FACTOR,2
28307428,2,ENVIRON FACTOR,11
28307428,3,ENVIRON FACTOR,2
28307428,3,ENVIRON FACTOR,11
28307428,4,ENVIRON FACTOR,2
28307428,4,ENVIRON FACTOR,11
28307431,1,ENVIRON FACTOR,2
28307431,2,ENVIRON FACTOR,99
28307759,1,ENVIRON FACTOR,2
28307759,2,ENVIRON FACTOR,2
28308025,1,ENVIRON FACTOR,2
28309096,1,ENVIRON FACTOR,2
28309096,2,ENVIRON FACTOR,2
28309314,1,ENVIRON FACTOR,2
28309314,2,ENVIRON FACTOR,2
28309461,1,ENVIRON FACTOR,2
28309695,1,ENVIRON FACTOR,9
28309695,1,ENVIRON FACTOR,11
28309695,2,ENVIRON FACTOR,2
28313566,1,ENVIRON FACTOR,2
28313566,1,ENVIRON FACTOR,3
28313986,1,ENVIRON FACTOR,2
28313986,2,ENVIRON FACTOR,2
28313987,1,ENVIRON FACTOR,2
28314304,1,ENVIRON FACTOR,99
28314304,2,ENVIRON FACTOR,2
28314304,3,ENVIRON FACTOR,99
28314304,4,ENVIRON FACTOR,2
28314456,1,ENVIRON FACTOR,2
28314456,2,ENVIRON FACTOR,2
28315493,1,ENVIRON FACTOR,2
28315493,2,ENVIRON FACTOR,99
28318326,1,ENVIRON FACTOR,2
28318326,1,ENVIRON FACTOR,9
28318326,2,ENVIRON FACTOR,2
28318326,2,ENVIRON FACTOR,9
28318327,1,ENVIRON FACTOR,2
28318327,2,ENVIRON FACTOR,2
28318329,1,ENVIRON FACTOR,2
28318329,2,ENVIRON FACTOR,2
28319902,1,ENVIRON FACTOR,2
28319902,2,ENVIRON FACTOR,2
28320690,1,ENVIRON FACTOR,2
28322532,1,ENVIRON FACTOR,2
28322532,2,ENVIRON FACTOR,2
28322688,1,ENVIRON FACTOR,2
28322688,2,ENVIRON FACTOR,2
28323605,1,ENVIRON FACTOR,2
28323605,2,ENVIRON FACTOR,2
28330705,1,ENVIRON FACTOR,2
28330705,2,ENVIRON FACTOR,2
28330791,1,ENVIRON FACTOR,2
28330791,2,ENVIRON FACTOR,99
28330998,1,ENVIRON FACTOR,2
28330998,2,ENVIRON FACTOR,99
28335761,1,ENVIRON FACTOR,2
28335761,1,DRIVER DISTRACTED BY,4
28335761,2,ENVIRON FACTOR,2
28344077,1,ENVIRON FACTOR,2
28345142,1,ENVIRON FACTOR,2
28345142,2,ENVIRON FACTOR,2
28346427,1,ENVIRON FACTOR,2
28654616,1,ENVIRON FACTOR,99
28654616,2,ENVIRON FACTOR,2
28658849,1,ENVIRON FACTOR,2
28658849,1,ENVIRON FACTOR,97
28658849,2,ENVIRON FACTOR,2
28658970,1,ENVIRON FACTOR,2
28658970,1,DRIVER DISTRACTED BY,3
28660989,1,ENVIRON FACTOR,2
28660989,2,ENVIRON FACTOR,99
28661076,1,ENVIRON FACTOR,17
28661076,1,ENVIRON FACTOR,2
28661076,2,ENVIRON FACTOR,2
28661145,1,ENVIRON FACTOR,2
28661145,2,ENVIRON FACTOR,1
28661145,2,ENVIRON FACTOR,2
28662036,1,ENVIRON FACTOR,99
28662036,2,ENVIRON FACTOR,2
28662788,1,ENVIRON FACTOR,2
28662788,2,ENVIRON FACTOR,2
28665930,1,ENVIRON FACTOR,2
28665930,2,ENVIRON FACTOR,2
28665930,3,ENVIRON FACTOR,2
28669594,1,ENVIRON FACTOR,2
28669594,2,ENVIRON FACTOR,2
28676888,1,ENVIRON FACTOR,17
28676888,1,ENVIRON FACTOR,2
28676888,2,ENVIRON FACTOR,17
28676888,2,ENVIRON FACTOR,2
28676888,3,ENVIRON FACTOR,17
28676888,3,ENVIRON FACTOR,2
28677116,2,ENVIRON FACTOR,99
28677116,1,ENVIRON FACTOR,2
28679353,1,ENVIRON FACTOR,9
28679353,2,ENVIRON FACTOR,2
28679461,1,ENVIRON FACTOR,2
28679461,2,ENVIRON FACTOR,2
28679461,3,ENVIRON FACTOR,2
28679461,4,ENVIRON FACTOR,2
28679461,5,ENVIRON FACTOR,2
28679679,1,ENVIRON FACTOR,2
28679679,2,ENVIRON FACTOR,2
28680666,1,ENVIRON FACTOR,2
28680666,2,ENVIRON FACTOR,2
28682056,1,ENVIRON FACTOR,2
28682056,1,ENVIRON FACTOR,11
28682056,2,ENVIRON FACTOR,2
28682056,2,ENVIRON FACTOR,11
28683941,1,ENVIRON FACTOR,2
28683941,2,ENVIRON FACTOR,99
28692734,1,ENVIRON FACTOR,17
28692734,1,ENVIRON FACTOR,2
28692734,2,ENVIRON FACTOR,17
28692734,2,ENVIRON FACTOR,2
28694865,1,ENVIRON FACTOR,2
28694865,2,ENVIRON FACTOR,2
28697149,1,ENVIRON FACTOR,2
28697149,2,ENVIRON FACTOR,2
28698890,1,ENVIRON FACTOR,2
28706094,1,ENVIRON FACTOR,2
28706094,2,ENVIRON FACTOR,2
28714005,1,ENVIRON FACTOR,2
28714005,2,ENVIRON FACTOR,2
28727759,1,ENVIRON FACTOR,2
28727759,1,ENVIRON FACTOR,11
28727759,2,ENVIRON FACTOR,2
28727759,2,ENVIRON FACTOR,11
28731702,1,ENVIRON FACTOR,2
28731702,2,ENVIRON FACTOR,2
28731702,3,ENVIRON FACTOR,2
28731702,4,ENVIRON FACTOR,2
28753603,1,ENVIRON FACTOR,2
28753603,2,ENVIRON FACTOR,2
28778976,1,ENVIRON FACTOR,2
28778976,2,ENVIRON FACTOR,2
28778976,3,ENVIRON FACTOR,2
28781454,1,ENVIRON FACTOR,99
28781454,2,ENVIRON FACTOR,2
28784779,1,ENVIRON FACTOR,2
28784779,1,DRIVER DISTRACTED BY,3
28784779,2,ENVIRON FACTOR,2
28787466,1,ENVIRON FACTOR,2
28787466,2,ENVIRON FACTOR,99
28787466,3,ENVIRON FACTOR,99
28789532,1,ENVIRON FACTOR,17
28789532,1,ENVIRON FACTOR,2
28789532,2,ENVIRON FACTOR,17
28789532,2,ENVIRON FACTOR,2
28789579,1,ENVIRON FACTOR,2
28789579,2,ENVIRON FACTOR,2
28792128,1,ENVIRON FACTOR,2
28792128,2,ENVIRON FACTOR,99
28795696,1,ENVIRON FACTOR,2
28795696,2,ENVIRON FACTOR,3
28795698,1,ENVIRON FACTOR,2
28795698,2,ENVIRON FACTOR,2
28797725,1,ENVIRON FACTOR,2
28797725,2,ENVIRON FACTOR,2
28801529,1,ENVIRON FACTOR,2
28801529,2,ENVIRON FACTOR,99
28803536,1,ENVIRON FACTOR,2
28803536,2,ENVIRON FACTOR,99
28804533,1,ENVIRON FACTOR,17
28804533,1,ENVIRON FACTOR,2
28804533,2,ENVIRON FACTOR,99
28806961,1,ENVIRON FACTOR,2
28806963,1,ENVIRON FACTOR,2
28806963,1,ENVIRON FACTOR,13
28806963,2,ENVIRON FACTOR,2
28806963,2,ENVIRON FACTOR,13
28807100,1,ENVIRON FACTOR,2
28807100,2,ENVIRON FACTOR,2
28821223,1,ENVIRON FACTOR,2
28821223,2,ENVIRON FACTOR,2
28821230,1,ENVIRON FACTOR,2
28821230,2,ENVIRON FACTOR,2
28853883,1,ENVIRON FACTOR,2
28853883,2,ENVIRON FACTOR,2
28854857,1,ENVIRON FACTOR,2
28854857,2,ENVIRON FACTOR,2
28856985,1,ENVIRON FACTOR,2
28856985,2,ENVIRON FACTOR,99
28870484,1,ENVIRON FACTOR,2
28870484,2,ENVIRON FACTOR,99
28902475,1,ENVIRON FACTOR,2
28902475,2,ENVIRON FACTOR,99
28902475,3,ENVIRON FACTOR,99
28902475,4,ENVIRON FACTOR,99
28902552,1,ENVIRON FACTOR,2
28902552,2,ENVIRON FACTOR,99
28907320,1,ENVIRON FACTOR,2
28915770,1,ENVIRON FACTOR,2
28915770,2,ENVIRON FACTOR,2
28916103,1,ENVIRON FACTOR,2
28916103,2,ENVIRON FACTOR,2
28916291,1,ENVIRON FACTOR,2
28916291,2,ENVIRON FACTOR,99
28924923,1,ENVIRON FACTOR,2
28924923,2,ENVIRON FACTOR,99
28926025,1,ENVIRON FACTOR,2
28926025,2,ENVIRON FACTOR,2
28927436,1,ENVIRON FACTOR,2
28927646,1,ENVIRON FACTOR,2
28927646,2,ENVIRON FACTOR,2
28927797,1,ENVIRON FACTOR,2
28927797,2,ENVIRON FACTOR,2
28929691,1,ENVIRON FACTOR,2
28929691,2,ENVIRON FACTOR,99
28930230,1,ENVIRON FACTOR,2
28930230,2,ENVIRON FACTOR,2
28937608,1,ENVIRON FACTOR,2
28937608,1,ENVIRON FACTOR,9
28937608,2,ENVIRON FACTOR,2
28941134,1,ENVIRON FACTOR,2
28941134,2,ENVIRON FACTOR,2
28941750,1,ENVIRON FACTOR,2
28941750,2,ENVIRON FACTOR,99
28941750,3,ENVIRON FACTOR,2
28943064,1,ENVIRON FACTOR,2
28943064,2,ENVIRON FACTOR,2
28943426,1,ENVIRON FACTOR,2
28943426,2,ENVIRON FACTOR,99
28945086,1,ENVIRON FACTOR,2
28945086,2,ENVIRON FACTOR,2
28945086,3,ENVIRON FACTOR,2
28945086,4,ENVIRON FACTOR,2
28945404,1,ENVIRON FACTOR,99
28945404,2,ENVIRON FACTOR,2
28945988,1,ENVIRON FACTOR,2
28945988,2,ENVIRON FACTOR,2
28945988,3,ENVIRON FACTOR,2
28346427,2,ENVIRON FACTOR,2
28348311,1,ENVIRON FACTOR,2
28348311,1,DRIVER DISTRACTED BY,3
28355296,1,ENVIRON FACTOR,2
28355296,2,ENVIRON FACTOR,2
28355296,3,ENVIRON FACTOR,2
28357729,2,ENVIRON FACTOR,2
28357729,1,ENVIRON FACTOR,2
28357912,1,ENVIRON FACTOR,2
28357912,2,ENVIRON FACTOR,99
28358798,1,ENVIRON FACTOR,2
28358798,2,ENVIRON FACTOR,2
28358917,1,ENVIRON FACTOR,2
28358917,2,ENVIRON FACTOR,2
28359605,1,ENVIRON FACTOR,2
28359605,1,DRIVER DISTRACTED BY,3
28359605,2,ENVIRON FACTOR,2
28359605,3,ENVIRON FACTOR,2
28359995,1,ENVIRON FACTOR,2
28359995,1,ENVIRON FACTOR,3
28363615,1,ENVIRON FACTOR,2
28363615,1,DRIVER DISTRACTED BY,3
28363615,2,ENVIRON FACTOR,99
28363615,3,ENVIRON FACTOR,99
28366954,1,ENVIRON FACTOR,2
28366954,2,ENVIRON FACTOR,99
28367625,1,ENVIRON FACTOR,2
28367625,2,ENVIRON FACTOR,2
28372230,1,ENVIRON FACTOR,2
28372230,2,ENVIRON FACTOR,99
28372230,3,ENVIRON FACTOR,99
28373163,1,ENVIRON FACTOR,2
28373163,2,ENVIRON FACTOR,99
28374857,1,ENVIRON FACTOR,2
28374857,1,ENVIRON FACTOR,3
28378444,1,ENVIRON FACTOR,2
28378444,2,ENVIRON FACTOR,99
28378531,1,ENVIRON FACTOR,2
28378531,2,ENVIRON FACTOR,2
28380811,1,ENVIRON FACTOR,2
28380811,2,ENVIRON FACTOR,99
28380936,1,ENVIRON FACTOR,2
28380936,2,ENVIRON FACTOR,2
28380936,3,ENVIRON FACTOR,2
28380940,1,ENVIRON FACTOR,2
28380940,1,ENVIRON FACTOR,5
28380940,2,ENVIRON FACTOR,2
28380940,3,ENVIRON FACTOR,2
28380940,4,ENVIRON FACTOR,2
28381367,1,ENVIRON FACTOR,2
28381367,2,ENVIRON FACTOR,2
28382618,1,ENVIRON FACTOR,2
28382618,1,DRIVER DISTRACTED BY,1
28382618,2,ENVIRON FACTOR,99
28385007,1,ENVIRON FACTOR,2
28385007,2,ENVIRON FACTOR,2
28385007,3,ENVIRON FACTOR,2
28385007,4,ENVIRON FACTOR,2
28385007,5,ENVIRON FACTOR,2
28385007,6,ENVIRON FACTOR,2
28386186,1,ENVIRON FACTOR,2
28387780,1,ENVIRON FACTOR,2
28387780,2,ENVIRON FACTOR,99
28387780,3,ENVIRON FACTOR,99
28387780,4,ENVIRON FACTOR,99
28387780,5,ENVIRON FACTOR,99
28388548,1,ENVIRON FACTOR,2
28388548,2,ENVIRON FACTOR,2
28392792,1,ENVIRON FACTOR,2
28392792,2,ENVIRON FACTOR,99
28392792,3,ENVIRON FACTOR,99
28395211,1,ENVIRON FACTOR,2
28395211,1,DRIVER DISTRACTED BY,2
28395211,2,ENVIRON FACTOR,2
28402638,1,ENVIRON FACTOR,2
28402638,1,ENVIRON FACTOR,97
28402638,2,ENVIRON FACTOR,2
28409917,1,ENVIRON FACTOR,2
28410106,1,ENVIRON FACTOR,2
28410106,2,ENVIRON FACTOR,99
28410525,1,ENVIRON FACTOR,17
28410525,1,ENVIRON FACTOR,2
28410525,2,ENVIRON FACTOR,17
28410525,2,ENVIRON FACTOR,2
28416392,1,ENVIRON FACTOR,2
28416392,2,ENVIRON FACTOR,2
28416606,1,ENVIRON FACTOR,2
28416606,2,ENVIRON FACTOR,2
28418216,1,ENVIRON FACTOR,2
28418216,2,ENVIRON FACTOR,99
28437838,1,ENVIRON FACTOR,2
28437838,2,ENVIRON FACTOR,2
28440788,1,ENVIRON FACTOR,2
28440788,1,ENVIRON FACTOR,9
28440788,2,ENVIRON FACTOR,2
28441205,1,ENVIRON FACTOR,2
28441205,2,ENVIRON FACTOR,2
28441517,1,ENVIRON FACTOR,2
28441517,2,ENVIRON FACTOR,2
28441718,1,ENVIRON FACTOR,2
28444800,1,ENVIRON FACTOR,2
28444800,2,ENVIRON FACTOR,2
28446542,1,ENVIRON FACTOR,2
28446542,2,ENVIRON FACTOR,2
28446780,1,ENVIRON FACTOR,2
28447382,1,ENVIRON FACTOR,2
28447382,1,ENVIRON FACTOR,5
28447382,2,ENVIRON FACTOR,2
28448143,1,ENVIRON FACTOR,2
28448770,1,ENVIRON FACTOR,2
28448770,2,ENVIRON FACTOR,2
28449064,1,ENVIRON FACTOR,2
28450010,1,ENVIRON FACTOR,2
28450010,2,ENVIRON FACTOR,2
28452615,1,ENVIRON FACTOR,2
28452615,2,ENVIRON FACTOR,2
28457858,1,ENVIRON FACTOR,2
28457858,2,ENVIRON FACTOR,2
28457934,1,ENVIRON FACTOR,2
28457934,1,ENVIRON FACTOR,9
28457934,2,ENVIRON FACTOR,2
28457934,2,ENVIRON FACTOR,9
28462004,1,ENVIRON FACTOR,99
28462004,1,DRIVER DISTRACTED BY,5
28462004,2,ENVIRON FACTOR,99
28462004,3,ENVIRON FACTOR,17
28462004,3,ENVIRON FACTOR,2
28462004,4,ENVIRON FACTOR,99
28463859,1,ENVIRON FACTOR,2
28463859,2,ENVIRON FACTOR,2
28466220,1,ENVIRON FACTOR,17
28466220,1,ENVIRON FACTOR,2
28466220,2,ENVIRON FACTOR,17
28466220,2,ENVIRON FACTOR,2
28472720,1,ENVIRON FACTOR,2
28472720,2,ENVIRON FACTOR,2
28477613,1,ENVIRON FACTOR,2
28477613,2,ENVIRON FACTOR,2
28477860,1,ENVIRON FACTOR,17
28477860,1,ENVIRON FACTOR,2
28477860,2,ENVIRON FACTOR,17
28477860,2,ENVIRON FACTOR,2
28484717,1,ENVIRON FACTOR,2
28484717,2,ENVIRON FACTOR,2
28484717,3,ENVIRON FACTOR,99
28485008,1,ENVIRON FACTOR,2
28485008,2,ENVIRON FACTOR,2
28485015,1,ENVIRON FACTOR,2
28485015,2,ENVIRON FACTOR,2
28485450,1,ENVIRON FACTOR,2
28485450,2,ENVIRON FACTOR,2
28485450,3,ENVIRON FACTOR,2
28485450,3,ENVIRON FACTOR,4
28489211,1,ENVIRON FACTOR,2
28489211,2,ENVIRON FACTOR,2
28489416,1,ENVIRON FACTOR,2
28489416,2,ENVIRON FACTOR,2
28490495,1,ENVIRON FACTOR,2
28490495,2,ENVIRON FACTOR,99
28491059,1,ENVIRON FACTOR,2
28491059,1,DRIVER DISTRACTED BY,4
28491059,2,ENVIRON FACTOR,2
28492246,1,ENVIRON FACTOR,2
28492246,2,ENVIRON FACTOR,99
28522066,1,ENVIRON FACTOR,2
28522066,2,ENVIRON FACTOR,2
28522550,1,ENVIRON FACTOR,2
28522550,2,ENVIRON FACTOR,2
28525753,1,ENVIRON FACTOR,2
28525753,2,ENVIRON FACTOR,2
28528174,1,ENVIRON FACTOR,2
28528174,1,DRIVER DISTRACTED BY,5
28528174,2,ENVIRON FACTOR,2
28528325,1,ENVIRON FACTOR,2
28528325,2,ENVIRON FACTOR,2
28528606,1,ENVIRON FACTOR,2
28528606,2,ENVIRON FACTOR,2
28530155,1,ENVIRON FACTOR,2
28531876,1,ENVIRON FACTOR,2
28531876,2,ENVIRON FACTOR,99
28531886,1,ENVIRON FACTOR,2
28531886,2,ENVIRON FACTOR,99
28532049,1,ENVIRON FACTOR,2
28532049,1,ENVIRON FACTOR,14
28532049,2,ENVIRON FACTOR,2
28532049,2,ENVIRON FACTOR,11
28532049,3,ENVIRON FACTOR,2
28532049,3,ENVIRON FACTOR,11
28533834,1,ENVIRON FACTOR,2
28533834,2,ENVIRON FACTOR,2
28534021,1,ENVIRON FACTOR,2
28534021,1,ENVIRON FACTOR,97
28534021,2,ENVIRON FACTOR,2
28537434,1,ENVIRON FACTOR,17
28537434,1,ENVIRON FACTOR,2
28537434,2,ENVIRON FACTOR,17
28538351,1,ENVIRON FACTOR,2
28538613,1,ENVIRON FACTOR,9
28538613,2,ENVIRON FACTOR,2
28539208,1,ENVIRON FACTOR,2
28539208,2,ENVIRON FACTOR,2
28539261,1,ENVIRON FACTOR,2
28539261,2,ENVIRON FACTOR,2
28541040,1,ENVIRON FACTOR,2
28541040,2,ENVIRON FACTOR,2
28541040,3,ENVIRON FACTOR,2
28541042,1,ENVIRON FACTOR,2
28541042,2,ENVIRON FACTOR,2
28541670,1,ENVIRON FACTOR,2
28542548,1,ENVIRON FACTOR,2
28542548,2,ENVIRON FACTOR,99
28550793,1,ENVIRON FACTOR,2
28550793,2,ENVIRON FACTOR,2
28553441,1,ENVIRON FACTOR,17
28553441,1,ENVIRON FACTOR,2
28554676,1,ENVIRON FACTOR,2
28554676,2,ENVIRON FACTOR,2
28554721,1,ENVIRON FACTOR,2
28555160,1,ENVIRON FACTOR,2
28555160,2,ENVIRON FACTOR,2
28557934,1,ENVIRON FACTOR,2
28557934,2,ENVIRON FACTOR,2
28559094,1,ENVIRON FACTOR,2
28559094,1,ENVIRON FACTOR,7
28559094,2,ENVIRON FACTOR,2
28559094,2,ENVIRON FACTOR,7
28559200,1,ENVIRON FACTOR,2
28559200,2,ENVIRON FACTOR,2
28559898,1,ENVIRON FACTOR,2
28559898,2,ENVIRON FACTOR,2
28560697,2,ENVIRON FACTOR,17
28560697,2,ENVIRON FACTOR,2
28560697,3,ENVIRON FACTOR,2
28560697,3,ENVIRON FACTOR,97
28560697,1,ENVIRON FACTOR,2
28560835,1,ENVIRON FACTOR,2
28560835,2,ENVIRON FACTOR,99
28567949,1,ENVIRON FACTOR,2
28567949,1,ENVIRON FACTOR,4
28569785,1,ENVIRON FACTOR,2
28322688,1,HUMAN FACTOR,1
28322688,1,HUMAN FACTOR,17
28322688,1,VEHICULAR FACTOR,99
28322688,2,HUMAN FACTOR,99
28322688,2,VEHICULAR FACTOR,99
28323605,1,HUMAN FACTOR,14
28323605,1,VEHICULAR FACTOR,99
28323605,2,HUMAN FACTOR,99
28323605,2,VEHICULAR FACTOR,99
28330705,1,HUMAN FACTOR,18
28330705,1,HUMAN FACTOR,19
28330705,1,VEHICULAR FACTOR,99
28330705,2,HUMAN FACTOR,99
28330705,2,VEHICULAR FACTOR,99
28330791,1,HUMAN FACTOR,14
28330791,1,VEHICULAR FACTOR,99
28330791,2,HUMAN FACTOR,99
28330791,2,VEHICULAR FACTOR,99
28330998,1,HUMAN FACTOR,14
28330998,1,HUMAN FACTOR,17
28330998,1,VEHICULAR FACTOR,99
28330998,2,HUMAN FACTOR,99
28330998,2,VEHICULAR FACTOR,99
28335761,1,HUMAN FACTOR,4
28335761,1,VEHICULAR FACTOR,99
28335761,2,HUMAN FACTOR,99
28335761,2,VEHICULAR FACTOR,99
28344077,1,HUMAN FACTOR,14
28344077,1,VEHICULAR FACTOR,99
28345142,1,HUMAN FACTOR,14
28345142,1,HUMAN FACTOR,18
28345142,1,VEHICULAR FACTOR,99
28345142,2,HUMAN FACTOR,99
28345142,2,VEHICULAR FACTOR,99
28346427,1,HUMAN FACTOR,18
28346427,1,VEHICULAR FACTOR,99
28346427,2,HUMAN FACTOR,99
28346427,2,VEHICULAR FACTOR,99
28348311,1,HUMAN FACTOR,1
28348311,1,HUMAN FACTOR,4
28348311,1,HUMAN FACTOR,14
28348311,1,VEHICULAR FACTOR,99
28355296,1,HUMAN FACTOR,8
28355296,1,HUMAN FACTOR,11
28355296,1,VEHICULAR FACTOR,99
28355296,2,HUMAN FACTOR,26
28355296,2,HUMAN FACTOR,11
28355296,2,VEHICULAR FACTOR,99
28355296,3,HUMAN FACTOR,11
28355296,3,VEHICULAR FACTOR,99
28357729,2,HUMAN FACTOR,99
28357729,2,VEHICULAR FACTOR,99
28357729,1,HUMAN FACTOR,99
28357729,1,VEHICULAR FACTOR,99
28357912,1,HUMAN FACTOR,99
28357912,1,VEHICULAR FACTOR,99
28357912,2,HUMAN FACTOR,99
28357912,2,VEHICULAR FACTOR,99
28358798,1,HUMAN FACTOR,14
28358798,1,VEHICULAR FACTOR,99
28358798,2,HUMAN FACTOR,99
28358798,2,VEHICULAR FACTOR,99
28358917,1,HUMAN FACTOR,8
28358917,1,VEHICULAR FACTOR,99
28358917,2,HUMAN FACTOR,99
28358917,2,VEHICULAR FACTOR,99
28359605,1,HUMAN FACTOR,4
28359605,1,HUMAN FACTOR,14
28359605,1,VEHICULAR FACTOR,99
28359605,2,HUMAN FACTOR,99
28359605,2,VEHICULAR FACTOR,99
28359605,3,HUMAN FACTOR,99
28359605,3,VEHICULAR FACTOR,99
28359995,1,HUMAN FACTOR,99
28359995,1,VEHICULAR FACTOR,99
28363615,1,HUMAN FACTOR,4
28363615,1,VEHICULAR FACTOR,99
28363615,2,HUMAN FACTOR,99
28363615,2,VEHICULAR FACTOR,99
28363615,3,HUMAN FACTOR,99
28363615,3,VEHICULAR FACTOR,99
28366954,1,HUMAN FACTOR,99
28366954,1,VEHICULAR FACTOR,99
28366954,2,HUMAN FACTOR,99
28366954,2,VEHICULAR FACTOR,99
28367625,1,HUMAN FACTOR,14
28367625,1,VEHICULAR FACTOR,99
28367625,2,HUMAN FACTOR,14
28367625,2,VEHICULAR FACTOR,99
28372230,1,HUMAN FACTOR,12
28372230,1,HUMAN FACTOR,14
28372230,1,VEHICULAR FACTOR,99
28372230,2,HUMAN FACTOR,99
28372230,2,VEHICULAR FACTOR,99
28372230,3,HUMAN FACTOR,99
28372230,3,VEHICULAR FACTOR,99
28373163,1,HUMAN FACTOR,18
28373163,1,VEHICULAR FACTOR,99
28373163,2,HUMAN FACTOR,99
28373163,2,VEHICULAR FACTOR,99
28374857,1,HUMAN FACTOR,99
28374857,1,VEHICULAR FACTOR,99
28378444,1,HUMAN FACTOR,17
28378444,1,VEHICULAR FACTOR,99
28378531,1,HUMAN FACTOR,99
28378531,1,VEHICULAR FACTOR,99
28378531,2,HUMAN FACTOR,99
28378531,2,VEHICULAR FACTOR,99
28380811,1,HUMAN FACTOR,8
28380811,1,VEHICULAR FACTOR,99
28380811,2,HUMAN FACTOR,99
28380811,2,VEHICULAR FACTOR,99
28380936,1,HUMAN FACTOR,17
28380936,1,VEHICULAR FACTOR,99
28380936,2,HUMAN FACTOR,97
28380936,2,VEHICULAR FACTOR,99
28380936,3,HUMAN FACTOR,99
28380936,3,VEHICULAR FACTOR,99
28380940,1,HUMAN FACTOR,14
28380940,1,VEHICULAR FACTOR,99
28380940,2,HUMAN FACTOR,99
28380940,2,VEHICULAR FACTOR,99
28380940,3,HUMAN FACTOR,99
28380940,3,VEHICULAR FACTOR,99
28380940,4,HUMAN FACTOR,99
28380940,4,VEHICULAR FACTOR,99
28381367,1,HUMAN FACTOR,8
28381367,1,VEHICULAR FACTOR,99
28381367,2,HUMAN FACTOR,99
28381367,2,VEHICULAR FACTOR,99
28382618,1,HUMAN FACTOR,4
28382618,1,VEHICULAR FACTOR,99
28382618,2,HUMAN FACTOR,99
28382618,2,VEHICULAR FACTOR,99
28385007,1,HUMAN FACTOR,11
28385007,1,HUMAN FACTOR,18
28385007,1,VEHICULAR FACTOR,99
28385007,2,HUMAN FACTOR,11
28385007,2,HUMAN FACTOR,18
28385007,2,VEHICULAR FACTOR,99
28385007,3,HUMAN FACTOR,11
28385007,3,VEHICULAR FACTOR,99
28385007,4,HUMAN FACTOR,99
28385007,4,VEHICULAR FACTOR,99
28385007,5,HUMAN FACTOR,99
28385007,5,VEHICULAR FACTOR,99
28385007,6,HUMAN FACTOR,99
28385007,6,VEHICULAR FACTOR,99
28386186,1,HUMAN FACTOR,99
28386186,1,VEHICULAR FACTOR,99
28387780,1,HUMAN FACTOR,18
28387780,1,VEHICULAR FACTOR,1
28387780,2,HUMAN FACTOR,99
28387780,2,VEHICULAR FACTOR,99
28387780,3,HUMAN FACTOR,99
28387780,3,VEHICULAR FACTOR,99
28387780,4,HUMAN FACTOR,99
28387780,4,VEHICULAR FACTOR,99
28387780,5,HUMAN FACTOR,99
28387780,5,VEHICULAR FACTOR,99
28388548,1,HUMAN FACTOR,13
28388548,1,HUMAN FACTOR,17
28388548,1,VEHICULAR FACTOR,99
28388548,2,HUMAN FACTOR,99
28388548,2,VEHICULAR FACTOR,99
28392792,1,HUMAN FACTOR,2
28392792,1,HUMAN FACTOR,14
28392792,1,VEHICULAR FACTOR,99
28392792,2,HUMAN FACTOR,99
28392792,2,VEHICULAR FACTOR,99
28392792,3,HUMAN FACTOR,99
28392792,3,VEHICULAR FACTOR,99
28395211,1,HUMAN FACTOR,4
28395211,1,VEHICULAR FACTOR,99
28395211,2,HUMAN FACTOR,99
28395211,2,VEHICULAR FACTOR,99
28402638,1,HUMAN FACTOR,8
28402638,1,VEHICULAR FACTOR,99
28402638,2,HUMAN FACTOR,99
28402638,2,VEHICULAR FACTOR,99
28409917,1,HUMAN FACTOR,18
28409917,1,VEHICULAR FACTOR,99
28410106,1,HUMAN FACTOR,14
28410106,1,HUMAN FACTOR,18
28410106,1,VEHICULAR FACTOR,99
28410106,2,HUMAN FACTOR,99
28410106,2,VEHICULAR FACTOR,99
28410525,1,HUMAN FACTOR,11
28410525,1,HUMAN FACTOR,14
28410525,1,VEHICULAR FACTOR,99
28410525,2,HUMAN FACTOR,99
28410525,2,VEHICULAR FACTOR,99
28416392,1,HUMAN FACTOR,19
28416392,1,VEHICULAR FACTOR,99
28416392,2,HUMAN FACTOR,99
28416392,2,VEHICULAR FACTOR,99
28416606,1,HUMAN FACTOR,8
28416606,1,HUMAN FACTOR,18
28416606,1,VEHICULAR FACTOR,99
28416606,2,HUMAN FACTOR,99
28416606,2,VEHICULAR FACTOR,99
28418216,1,HUMAN FACTOR,26
28418216,1,HUMAN FACTOR,17
28418216,1,VEHICULAR FACTOR,99
28418216,2,HUMAN FACTOR,99
28418216,2,VEHICULAR FACTOR,99
28437838,1,HUMAN FACTOR,14
28437838,1,VEHICULAR FACTOR,99
28437838,2,HUMAN FACTOR,99
28437838,2,VEHICULAR FACTOR,99
28440788,1,HUMAN FACTOR,97
28440788,1,HUMAN FACTOR,19
28440788,1,VEHICULAR FACTOR,99
28440788,2,HUMAN FACTOR,99
28440788,2,VEHICULAR FACTOR,99
28441205,1,HUMAN FACTOR,11
28441205,1,VEHICULAR FACTOR,99
28441205,2,HUMAN FACTOR,99
28441205,2,VEHICULAR FACTOR,99
28441517,1,HUMAN FACTOR,17
28441517,1,VEHICULAR FACTOR,99
28441517,2,HUMAN FACTOR,99
28441517,2,VEHICULAR FACTOR,99
28441718,1,HUMAN FACTOR,99
28441718,1,VEHICULAR FACTOR,99
28444800,1,HUMAN FACTOR,17
28444800,1,VEHICULAR FACTOR,99
28444800,2,HUMAN FACTOR,99
28444800,2,VEHICULAR FACTOR,99
28446542,1,HUMAN FACTOR,11
28446542,1,VEHICULAR FACTOR,99
28446542,2,HUMAN FACTOR,99
28446542,2,VEHICULAR FACTOR,99
28446780,1,HUMAN FACTOR,99
28446780,1,VEHICULAR FACTOR,99
28447382,1,HUMAN FACTOR,14
28447382,1,VEHICULAR FACTOR,99
28447382,2,HUMAN FACTOR,99
28447382,2,VEHICULAR FACTOR,99
28448143,1,HUMAN FACTOR,14
28448143,1,VEHICULAR FACTOR,99
28448770,1,HUMAN FACTOR,14
28448770,1,VEHICULAR FACTOR,99
28448770,2,HUMAN FACTOR,99
28448770,2,VEHICULAR FACTOR,99
28449064,1,HUMAN FACTOR,17
28449064,1,VEHICULAR FACTOR,99
28450010,1,HUMAN FACTOR,14
28450010,1,VEHICULAR FACTOR,99
28450010,2,HUMAN FACTOR,99
28450010,2,VEHICULAR FACTOR,99
28452615,1,HUMAN FACTOR,8
28452615,1,VEHICULAR FACTOR,99
28452615,2,HUMAN FACTOR,99
28452615,2,VEHICULAR FACTOR,99
28457858,1,HUMAN FACTOR,8
28457858,2,HUMAN FACTOR,99
28457858,2,VEHICULAR FACTOR,99
28457934,1,HUMAN FACTOR,7
28457934,1,VEHICULAR FACTOR,99
28457934,2,HUMAN FACTOR,99
28457934,2,VEHICULAR FACTOR,99
28462004,1,HUMAN FACTOR,4
28462004,1,HUMAN FACTOR,11
28462004,1,VEHICULAR FACTOR,99
28462004,2,HUMAN FACTOR,99
28462004,2,VEHICULAR FACTOR,99
28462004,3,HUMAN FACTOR,11
28462004,3,VEHICULAR FACTOR,99
28462004,4,HUMAN FACTOR,99
28462004,4,VEHICULAR FACTOR,99
28463859,1,HUMAN FACTOR,18
28463859,1,VEHICULAR FACTOR,99
28463859,2,HUMAN FACTOR,99
28463859,2,VEHICULAR FACTOR,99
28466220,1,HUMAN FACTOR,99
28466220,1,VEHICULAR FACTOR,99
28466220,2,HUMAN FACTOR,99
28466220,2,VEHICULAR FACTOR,99
28472720,1,HUMAN FACTOR,14
28472720,1,VEHICULAR FACTOR,99
28472720,2,HUMAN FACTOR,14
28472720,2,VEHICULAR FACTOR,99
28477613,1,HUMAN FACTOR,26
28477613,1,HUMAN FACTOR,8
28477613,1,HUMAN FACTOR,14
28477613,1,VEHICULAR FACTOR,99
28477613,2,HUMAN FACTOR,99
28477613,2,VEHICULAR FACTOR,99
28477860,1,HUMAN FACTOR,14
28477860,1,VEHICULAR FACTOR,99
28477860,2,HUMAN FACTOR,99
28477860,2,VEHICULAR FACTOR,99
28484717,1,HUMAN FACTOR,3
28484717,1,VEHICULAR FACTOR,99
28484717,2,HUMAN FACTOR,99
28484717,2,VEHICULAR FACTOR,99
28484717,3,HUMAN FACTOR,99
28484717,3,VEHICULAR FACTOR,99
28485008,1,HUMAN FACTOR,8
28485008,1,VEHICULAR FACTOR,99
28485008,2,HUMAN FACTOR,99
28485008,2,VEHICULAR FACTOR,99
28485015,1,HUMAN FACTOR,11
28485015,1,VEHICULAR FACTOR,99
28485015,2,HUMAN FACTOR,99
28485015,2,VEHICULAR FACTOR,99
28485450,2,HUMAN FACTOR,99
28485450,2,VEHICULAR FACTOR,99
28485450,3,HUMAN FACTOR,99
28485450,3,VEHICULAR FACTOR,99
28489211,1,HUMAN FACTOR,14
28489211,1,VEHICULAR FACTOR,99
28489211,2,HUMAN FACTOR,99
28489211,2,VEHICULAR FACTOR,99
28489416,1,HUMAN FACTOR,11
28489416,1,VEHICULAR FACTOR,99
28489416,2,HUMAN FACTOR,99
28489416,2,VEHICULAR FACTOR,99
28490495,1,HUMAN FACTOR,17
28490495,1,VEHICULAR FACTOR,99
28490495,2,HUMAN FACTOR,99
28490495,2,VEHICULAR FACTOR,99
28491059,1,HUMAN FACTOR,4
28491059,1,HUMAN FACTOR,23
28491059,1,VEHICULAR FACTOR,99
28491059,2,HUMAN FACTOR,99
28491059,2,VEHICULAR FACTOR,99
28492246,1,HUMAN FACTOR,8
28492246,1,HUMAN FACTOR,14
28492246,1,VEHICULAR FACTOR,99
28492246,2,HUMAN FACTOR,99
28492246,2,VEHICULAR FACTOR,99
28522066,1,HUMAN FACTOR,14
28522066,1,VEHICULAR FACTOR,99
28522066,2,HUMAN FACTOR,99
28522066,2,VEHICULAR FACTOR,99
28522550,1,HUMAN FACTOR,14
28522550,1,HUMAN FACTOR,18
28522550,1,VEHICULAR FACTOR,99
28522550,2,HUMAN FACTOR,99
28522550,2,VEHICULAR FACTOR,99
28525753,1,HUMAN FACTOR,14
28525753,1,VEHICULAR FACTOR,99
28525753,2,HUMAN FACTOR,99
28525753,2,VEHICULAR FACTOR,99
28528174,1,HUMAN FACTOR,4
28528174,1,VEHICULAR FACTOR,99
28528174,2,HUMAN FACTOR,99
28528174,2,VEHICULAR FACTOR,99
28528325,1,HUMAN FACTOR,2
28528325,1,HUMAN FACTOR,14
28528325,1,HUMAN FACTOR,18
28528325,1,VEHICULAR FACTOR,99
28528325,2,HUMAN FACTOR,99
28528325,2,VEHICULAR FACTOR,99
28528606,1,HUMAN FACTOR,14
28528606,1,VEHICULAR FACTOR,99
28528606,2,HUMAN FACTOR,99
28528606,2,VEHICULAR FACTOR,99
28530155,1,HUMAN FACTOR,99
28530155,1,VEHICULAR FACTOR,99
28531876,1,HUMAN FACTOR,14
28531876,1,VEHICULAR FACTOR,99
28531876,2,HUMAN FACTOR,99
28531876,2,VEHICULAR FACTOR,99
28531886,1,HUMAN FACTOR,8
28531886,1,HUMAN FACTOR,14
28531886,1,VEHICULAR FACTOR,99
28531886,2,HUMAN FACTOR,99
28531886,2,VEHICULAR FACTOR,99
28532049,1,HUMAN FACTOR,18
28532049,1,VEHICULAR FACTOR,99
28532049,2,HUMAN FACTOR,99
28532049,2,VEHICULAR FACTOR,99
28532049,3,HUMAN FACTOR,99
28532049,3,VEHICULAR FACTOR,99
28533834,1,HUMAN FACTOR,11
28533834,1,VEHICULAR FACTOR,99
28533834,2,HUMAN FACTOR,99
28533834,2,VEHICULAR FACTOR,99
28534021,1,HUMAN FACTOR,14
28534021,1,VEHICULAR FACTOR,99
28534021,2,HUMAN FACTOR,99
28534021,2,VEHICULAR FACTOR,99
28537434,1,HUMAN FACTOR,17
28537434,1,VEHICULAR FACTOR,99
28537434,2,HUMAN FACTOR,99
28537434,2,VEHICULAR FACTOR,99
28538351,1,HUMAN FACTOR,18
28538351,1,VEHICULAR FACTOR,99
28538613,1,HUMAN FACTOR,26
28538613,1,HUMAN FACTOR,14
28538613,1,HUMAN FACTOR,17
28538613,1,VEHICULAR FACTOR,99
28538613,2,HUMAN FACTOR,99
28538613,2,VEHICULAR FACTOR,99
28539208,1,HUMAN FACTOR,8
28539208,1,VEHICULAR FACTOR,99
28539208,2,HUMAN FACTOR,99
28539208,2,VEHICULAR FACTOR,99
28539261,1,HUMAN FACTOR,3
28539261,1,HUMAN FACTOR,14
28539261,1,VEHICULAR FACTOR,99
28539261,2,HUMAN FACTOR,99
28539261,2,VEHICULAR FACTOR,99
28541040,1,HUMAN FACTOR,14
28541040,1,VEHICULAR FACTOR,99
28541040,2,HUMAN FACTOR,99
28541040,2,VEHICULAR FACTOR,99
28541040,3,HUMAN FACTOR,99
28541040,3,VEHICULAR FACTOR,99
28541042,1,HUMAN FACTOR,14
28541042,1,VEHICULAR FACTOR,99
28541042,2,HUMAN FACTOR,99
28541042,2,VEHICULAR FACTOR,99
28541670,1,HUMAN FACTOR,18
28541670,1,VEHICULAR FACTOR,99
28542548,1,HUMAN FACTOR,8
28542548,1,VEHICULAR FACTOR,99
28542548,2,HUMAN FACTOR,99
28542548,2,VEHICULAR FACTOR,99
28550793,1,HUMAN FACTOR,8
28550793,1,VEHICULAR FACTOR,99
28550793,2,HUMAN FACTOR,99
28550793,2,VEHICULAR FACTOR,99
28553441,1,HUMAN FACTOR,26
28553441,1,VEHICULAR FACTOR,99
28554676,1,HUMAN FACTOR,14
28554676,1,VEHICULAR FACTOR,99
28554676,2,HUMAN FACTOR,99
28554676,2,VEHICULAR FACTOR,99
28554721,1,HUMAN FACTOR,19
28554721,1,VEHICULAR FACTOR,99
28555160,1,HUMAN FACTOR,14
28555160,1,HUMAN FACTOR,18
28555160,1,VEHICULAR FACTOR,99
28555160,2,HUMAN FACTOR,99
28555160,2,VEHICULAR FACTOR,99
28557934,1,HUMAN FACTOR,8
28557934,1,HUMAN FACTOR,14
28557934,1,VEHICULAR FACTOR,99
28557934,2,HUMAN FACTOR,99
28557934,2,VEHICULAR FACTOR,99
28559094,1,HUMAN FACTOR,3
28559094,1,VEHICULAR FACTOR,97
28559094,2,HUMAN FACTOR,99
28559094,2,VEHICULAR FACTOR,99
28559200,1,HUMAN FACTOR,14
28559200,1,HUMAN FACTOR,18
28559200,1,VEHICULAR FACTOR,99
28559200,2,HUMAN FACTOR,99
28559200,2,VEHICULAR FACTOR,99
28559898,1,HUMAN FACTOR,8
28559898,1,VEHICULAR FACTOR,99
28559898,2,HUMAN FACTOR,99
28559898,2,VEHICULAR FACTOR,99
28560697,2,HUMAN FACTOR,11
28560697,2,HUMAN FACTOR,14
28560697,2,HUMAN FACTOR,18
28560697,2,VEHICULAR FACTOR,99
28560697,3,HUMAN FACTOR,99
28560697,3,VEHICULAR FACTOR,99
28560697,1,HUMAN FACTOR,11
28560697,1,HUMAN FACTOR,14
28560697,1,HUMAN FACTOR,18
28560697,1,VEHICULAR FACTOR,99
28560835,1,HUMAN FACTOR,3
28560835,1,VEHICULAR FACTOR,99
28560835,2,HUMAN FACTOR,99
28560835,2,VEHICULAR FACTOR,99
28567949,1,HUMAN FACTOR,99
28567949,1,VEHICULAR FACTOR,99
28569785,1,HUMAN FACTOR,99
28569785,1,VEHICULAR FACTOR,99
28569785,2,HUMAN FACTOR,99
28569785,2,ENVIRON FACTOR,2
28569785,3,ENVIRON FACTOR,2
28570024,1,ENVIRON FACTOR,17
28570024,1,ENVIRON FACTOR,2
28570024,2,ENVIRON FACTOR,99
28571732,1,ENVIRON FACTOR,2
28571732,2,ENVIRON FACTOR,99
28572520,1,ENVIRON FACTOR,2
28572520,1,ENVIRON FACTOR,8
28572520,2,ENVIRON FACTOR,2
28572520,2,ENVIRON FACTOR,8
28573702,1,ENVIRON FACTOR,2
28573702,2,ENVIRON FACTOR,2
28580565,1,ENVIRON FACTOR,2
28580565,2,ENVIRON FACTOR,2
28584513,1,ENVIRON FACTOR,2
28587723,1,ENVIRON FACTOR,2
28587723,2,ENVIRON FACTOR,2
28590281,1,ENVIRON FACTOR,17
28590281,1,ENVIRON FACTOR,2
28590281,2,ENVIRON FACTOR,17
28590281,2,ENVIRON FACTOR,2
28592915,1,ENVIRON FACTOR,2
28592915,2,ENVIRON FACTOR,2
28594697,1,ENVIRON FACTOR,2
28594697,2,ENVIRON FACTOR,99
28595732,1,ENVIRON FACTOR,17
28595732,1,ENVIRON FACTOR,2
28595732,2,ENVIRON FACTOR,17
28595732,2,ENVIRON FACTOR,2
28601367,1,ENVIRON FACTOR,2
28601367,1,ENVIRON FACTOR,3
28601367,2,ENVIRON FACTOR,2
28601367,2,ENVIRON FACTOR,3
28601367,3,ENVIRON FACTOR,2
28601367,3,ENVIRON FACTOR,3
28601663,1,ENVIRON FACTOR,2
28601663,2,ENVIRON FACTOR,99
28604061,1,ENVIRON FACTOR,2
28604061,1,ENVIRON FACTOR,6
28605702,1,ENVIRON FACTOR,2
28605702,1,ENVIRON FACTOR,11
28608164,1,ENVIRON FACTOR,17
28608164,1,ENVIRON FACTOR,2
28608164,2,ENVIRON FACTOR,17
28608164,2,ENVIRON FACTOR,2
28608218,1,ENVIRON FACTOR,2
28608218,1,ENVIRON FACTOR,11
28608218,2,ENVIRON FACTOR,2
28608218,2,ENVIRON FACTOR,11
28608218,3,ENVIRON FACTOR,2
28608218,3,ENVIRON FACTOR,11
28612002,1,ENVIRON FACTOR,2
28627219,1,ENVIRON FACTOR,2
28627219,2,ENVIRON FACTOR,2
28636840,2,ENVIRON FACTOR,2
28637063,1,ENVIRON FACTOR,2
28637063,2,ENVIRON FACTOR,2
28641778,1,ENVIRON FACTOR,2
28641778,2,ENVIRON FACTOR,2
28647413,1,ENVIRON FACTOR,2
28647413,2,ENVIRON FACTOR,2
28651663,1,ENVIRON FACTOR,2
28651663,2,ENVIRON FACTOR,2
28652917,1,ENVIRON FACTOR,2
28652917,2,ENVIRON FACTOR,99
28654537,1,ENVIRON FACTOR,2
28654537,2,ENVIRON FACTOR,2
28654659,1,ENVIRON FACTOR,2
28654659,2,ENVIRON FACTOR,99
28654662,1,ENVIRON FACTOR,2
28654662,2,ENVIRON FACTOR,99
28655213,1,ENVIRON FACTOR,2
28656764,1,ENVIRON FACTOR,2
28656764,1,ENVIRON FACTOR,9
28656764,2,ENVIRON FACTOR,99
28656764,3,ENVIRON FACTOR,9
28658685,1,ENVIRON FACTOR,2
28658685,2,ENVIRON FACTOR,99
28662786,2,ENVIRON FACTOR,2
28662807,1,ENVIRON FACTOR,2
28665228,2,ENVIRON FACTOR,2
28669595,1,ENVIRON FACTOR,99
28669595,2,ENVIRON FACTOR,2
28669595,3,ENVIRON FACTOR,2
28671212,1,ENVIRON FACTOR,99
28671212,1,DRIVER DISTRACTED BY,4
28671212,2,ENVIRON FACTOR,2
28674070,1,ENVIRON FACTOR,99
28674070,2,ENVIRON FACTOR,2
28674365,1,ENVIRON FACTOR,2
28676603,1,ENVIRON FACTOR,2
28676603,2,ENVIRON FACTOR,2
28676887,1,ENVIRON FACTOR,2
28676887,2,ENVIRON FACTOR,2
28677296,1,ENVIRON FACTOR,2
28677296,2,ENVIRON FACTOR,2
28678792,1,ENVIRON FACTOR,2
28678792,2,ENVIRON FACTOR,2
28678792,3,ENVIRON FACTOR,2
28948379,1,ENVIRON FACTOR,2
28948379,2,ENVIRON FACTOR,11
28980827,1,ENVIRON FACTOR,2
28980827,2,ENVIRON FACTOR,2
28980827,3,ENVIRON FACTOR,2
28980829,1,ENVIRON FACTOR,2
28980829,1,ENVIRON FACTOR,3
28980829,2,ENVIRON FACTOR,2
28980829,2,ENVIRON FACTOR,3
28982922,1,ENVIRON FACTOR,2
28982922,2,ENVIRON FACTOR,2
29124167,1,ENVIRON FACTOR,2
29124167,2,ENVIRON FACTOR,99
29138040,1,ENVIRON FACTOR,2
29141601,1,ENVIRON FACTOR,2
29141601,1,ENVIRON FACTOR,3
29144523,1,ENVIRON FACTOR,2
29144599,1,ENVIRON FACTOR,2
29144599,2,ENVIRON FACTOR,2
29150888,1,ENVIRON FACTOR,2
29151617,1,ENVIRON FACTOR,2
29151617,2,ENVIRON FACTOR,2
29151928,1,ENVIRON FACTOR,2
29151928,2,ENVIRON FACTOR,99
29162258,1,ENVIRON FACTOR,2
29162258,1,ENVIRON FACTOR,97
29162258,2,ENVIRON FACTOR,2
29162258,2,ENVIRON FACTOR,97
29163116,1,ENVIRON FACTOR,2
29163116,2,ENVIRON FACTOR,99
29173989,1,ENVIRON FACTOR,2
29173989,1,ENVIRON FACTOR,9
29176127,1,ENVIRON FACTOR,2
29176127,2,ENVIRON FACTOR,99
29176127,3,ENVIRON FACTOR,99
29178305,1,ENVIRON FACTOR,2
29178305,2,ENVIRON FACTOR,2
29178317,1,ENVIRON FACTOR,2
29178317,2,ENVIRON FACTOR,2
29181616,1,ENVIRON FACTOR,2
29181616,1,ENVIRON FACTOR,4
29183013,1,ENVIRON FACTOR,2
29183013,2,ENVIRON FACTOR,2
29183233,1,ENVIRON FACTOR,99
29183233,2,ENVIRON FACTOR,2
29183487,2,ENVIRON FACTOR,2
29187210,1,ENVIRON FACTOR,2
29187210,2,ENVIRON FACTOR,2
29187334,1,ENVIRON FACTOR,2
29187334,2,ENVIRON FACTOR,2
29187569,1,ENVIRON FACTOR,2
29187569,2,ENVIRON FACTOR,2
29188048,1,ENVIRON FACTOR,2
29188048,2,ENVIRON FACTOR,99
29188144,1,ENVIRON FACTOR,2
29188144,2,ENVIRON FACTOR,2
29194483,1,ENVIRON FACTOR,2
29194483,2,ENVIRON FACTOR,99
29196313,1,ENVIRON FACTOR,2
29196313,2,ENVIRON FACTOR,2
29196313,3,ENVIRON FACTOR,2
29237519,1,ENVIRON FACTOR,17
29237519,1,ENVIRON FACTOR,2
29237519,2,ENVIRON FACTOR,17
29237519,2,ENVIRON FACTOR,2
29239316,1,ENVIRON FACTOR,2
29239316,2,ENVIRON FACTOR,2
29239581,1,ENVIRON FACTOR,2
29239581,2,ENVIRON FACTOR,2
29274377,1,ENVIRON FACTOR,2
29274377,2,ENVIRON FACTOR,2
29283358,1,ENVIRON FACTOR,2
29283358,2,ENVIRON FACTOR,99
29283968,1,ENVIRON FACTOR,2
29283968,1,ENVIRON FACTOR,7
29283968,2,ENVIRON FACTOR,99
29291416,1,ENVIRON FACTOR,2
29291416,2,ENVIRON FACTOR,2
29300037,1,ENVIRON FACTOR,2
29300037,2,ENVIRON FACTOR,99
29307143,1,ENVIRON FACTOR,2
29309184,2,ENVIRON FACTOR,2
29312590,1,ENVIRON FACTOR,2
29312590,2,ENVIRON FACTOR,2
29314494,1,ENVIRON FACTOR,2
29314494,2,ENVIRON FACTOR,2
29317325,1,ENVIRON FACTOR,2
29317325,1,ENVIRON FACTOR,97
29317325,2,ENVIRON FACTOR,2
29317325,3,ENVIRON FACTOR,2
29317325,3,ENVIRON FACTOR,97
29317428,1,ENVIRON FACTOR,2
29317428,2,ENVIRON FACTOR,2
29318753,1,ENVIRON FACTOR,2
29318753,1,DRIVER DISTRACTED BY,3
29324373,1,ENVIRON FACTOR,2
29324373,2,ENVIRON FACTOR,2
29325643,1,ENVIRON FACTOR,2
29325643,2,ENVIRON FACTOR,2
29330697,1,ENVIRON FACTOR,2
29330697,2,ENVIRON FACTOR,2
29331342,1,ENVIRON FACTOR,2
29331342,2,ENVIRON FACTOR,99
29331343,1,ENVIRON FACTOR,2
29331343,2,ENVIRON FACTOR,99
29332772,1,ENVIRON FACTOR,9
29332772,2,ENVIRON FACTOR,2
29332772,3,ENVIRON FACTOR,2
29337846,1,ENVIRON FACTOR,2
29337846,2,ENVIRON FACTOR,2
29337850,1,ENVIRON FACTOR,2
29338701,1,ENVIRON FACTOR,2
29338701,2,ENVIRON FACTOR,2
29339416,1,ENVIRON FACTOR,2
29339416,2,ENVIRON FACTOR,2
29339518,1,ENVIRON FACTOR,2
29339598,1,ENVIRON FACTOR,2
29339598,2,ENVIRON FACTOR,99
29340223,1,ENVIRON FACTOR,2
29340665,1,ENVIRON FACTOR,2
29340665,1,ENVIRON FACTOR,3
29342652,1,ENVIRON FACTOR,2
29342652,2,ENVIRON FACTOR,2
29343661,1,ENVIRON FACTOR,2
29344454,1,ENVIRON FACTOR,2
29344454,2,ENVIRON FACTOR,99
29345059,1,ENVIRON FACTOR,2
29345059,2,ENVIRON FACTOR,2
29350829,1,ENVIRON FACTOR,2
29350829,2,ENVIRON FACTOR,2
29355183,1,ENVIRON FACTOR,2
29355183,2,ENVIRON FACTOR,2
29355325,1,ENVIRON FACTOR,2
29357651,1,ENVIRON FACTOR,2
29357651,2,ENVIRON FACTOR,2
29363622,1,ENVIRON FACTOR,2
28569785,2,VEHICULAR FACTOR,99
28569785,3,HUMAN FACTOR,97
28569785,3,VEHICULAR FACTOR,99
28570024,1,HUMAN FACTOR,11
28570024,1,HUMAN FACTOR,14
28570024,1,VEHICULAR FACTOR,99
28570024,2,HUMAN FACTOR,99
28570024,2,VEHICULAR FACTOR,99
28571732,1,HUMAN FACTOR,14
28571732,1,VEHICULAR FACTOR,99
28571732,2,HUMAN FACTOR,99
28571732,2,VEHICULAR FACTOR,99
28572520,1,HUMAN FACTOR,26
28572520,1,HUMAN FACTOR,14
28572520,1,HUMAN FACTOR,18
28572520,1,VEHICULAR FACTOR,99
28948379,1,VEHICULAR FACTOR,99
28948379,2,HUMAN FACTOR,99
28948379,2,VEHICULAR FACTOR,99
28980827,1,HUMAN FACTOR,97
28980827,1,VEHICULAR FACTOR,99
28980827,2,HUMAN FACTOR,99
28980827,2,VEHICULAR FACTOR,99
28980827,3,HUMAN FACTOR,99
28980827,3,VEHICULAR FACTOR,99
28980829,1,HUMAN FACTOR,14
28980829,1,VEHICULAR FACTOR,99
28980829,2,HUMAN FACTOR,99
28980829,2,VEHICULAR FACTOR,99
28982922,1,HUMAN FACTOR,18
28982922,1,VEHICULAR FACTOR,99
28982922,2,HUMAN FACTOR,99
28982922,2,VEHICULAR FACTOR,99
29124167,1,HUMAN FACTOR,11
29124167,1,VEHICULAR FACTOR,99
29124167,2,HUMAN FACTOR,99
29124167,2,VEHICULAR FACTOR,99
29138040,1,HUMAN FACTOR,14
29138040,1,VEHICULAR FACTOR,99
29141601,1,HUMAN FACTOR,99
29141601,1,VEHICULAR FACTOR,99
29144523,1,HUMAN FACTOR,14
29144523,1,VEHICULAR FACTOR,99
29144599,1,HUMAN FACTOR,12
29144599,1,HUMAN FACTOR,14
29144599,1,VEHICULAR FACTOR,99
29144599,2,HUMAN FACTOR,99
29144599,2,VEHICULAR FACTOR,99
29150888,1,HUMAN FACTOR,14
29150888,1,VEHICULAR FACTOR,99
29151617,1,HUMAN FACTOR,17
29151617,1,VEHICULAR FACTOR,99
29151617,2,HUMAN FACTOR,99
29151617,2,VEHICULAR FACTOR,99
29151928,1,HUMAN FACTOR,14
29151928,1,VEHICULAR FACTOR,97
29151928,2,HUMAN FACTOR,99
29151928,2,VEHICULAR FACTOR,99
29162258,1,HUMAN FACTOR,14
29162258,1,VEHICULAR FACTOR,99
29162258,2,HUMAN FACTOR,99
29162258,2,VEHICULAR FACTOR,99
29163116,1,HUMAN FACTOR,8
29163116,1,VEHICULAR FACTOR,99
29163116,2,HUMAN FACTOR,99
29163116,2,VEHICULAR FACTOR,99
29173989,1,HUMAN FACTOR,99
29173989,1,VEHICULAR FACTOR,99
29176127,1,HUMAN FACTOR,14
29176127,1,VEHICULAR FACTOR,99
29176127,2,HUMAN FACTOR,99
29176127,2,VEHICULAR FACTOR,99
29176127,3,HUMAN FACTOR,99
29176127,3,VEHICULAR FACTOR,99
29178305,1,HUMAN FACTOR,15
29178305,1,HUMAN FACTOR,97
29178305,1,VEHICULAR FACTOR,99
29178305,2,HUMAN FACTOR,99
29178305,2,VEHICULAR FACTOR,99
29178317,1,HUMAN FACTOR,8
29178317,1,VEHICULAR FACTOR,99
29178317,2,HUMAN FACTOR,99
29178317,2,VEHICULAR FACTOR,99
29181616,1,HUMAN FACTOR,18
29181616,1,VEHICULAR FACTOR,99
29183013,1,HUMAN FACTOR,14
29183013,1,HUMAN FACTOR,17
29183013,1,HUMAN FACTOR,23
29183013,1,VEHICULAR FACTOR,99
29183013,2,HUMAN FACTOR,99
29183013,2,VEHICULAR FACTOR,99
29183233,1,HUMAN FACTOR,14
29183233,1,VEHICULAR FACTOR,99
29183233,2,HUMAN FACTOR,99
29183233,2,VEHICULAR FACTOR,99
29183487,2,HUMAN FACTOR,99
29183487,2,VEHICULAR FACTOR,99
29187210,1,HUMAN FACTOR,14
29187210,1,VEHICULAR FACTOR,99
29187210,2,HUMAN FACTOR,99
29187210,2,VEHICULAR FACTOR,99
29187334,1,HUMAN FACTOR,14
29187334,1,VEHICULAR FACTOR,99
29187334,2,HUMAN FACTOR,14
29187334,2,VEHICULAR FACTOR,99
29187569,1,HUMAN FACTOR,11
29187569,1,VEHICULAR FACTOR,99
29187569,2,HUMAN FACTOR,99
29187569,2,VEHICULAR FACTOR,99
29188048,1,HUMAN FACTOR,26
29188048,1,HUMAN FACTOR,14
29188048,1,VEHICULAR FACTOR,99
29188048,2,HUMAN FACTOR,99
29188048,2,VEHICULAR FACTOR,99
29188144,1,HUMAN FACTOR,14
29188144,1,VEHICULAR FACTOR,99
29188144,2,HUMAN FACTOR,99
29188144,2,VEHICULAR FACTOR,99
29194483,1,HUMAN FACTOR,99
29194483,1,VEHICULAR FACTOR,99
29194483,2,HUMAN FACTOR,99
29194483,2,VEHICULAR FACTOR,99
29196313,1,HUMAN FACTOR,14
29196313,1,VEHICULAR FACTOR,99
29196313,2,HUMAN FACTOR,99
29196313,2,VEHICULAR FACTOR,2
29196313,3,HUMAN FACTOR,99
29196313,3,VEHICULAR FACTOR,99
29237519,1,HUMAN FACTOR,97
29237519,2,HUMAN FACTOR,99
29237519,2,VEHICULAR FACTOR,99
29239316,1,HUMAN FACTOR,18
29239316,1,HUMAN FACTOR,19
29239316,1,VEHICULAR FACTOR,99
29239316,2,HUMAN FACTOR,99
29239316,2,VEHICULAR FACTOR,99
29239581,1,HUMAN FACTOR,17
29239581,1,VEHICULAR FACTOR,99
29239581,2,HUMAN FACTOR,99
29239581,2,VEHICULAR FACTOR,99
29274377,1,HUMAN FACTOR,14
29274377,1,VEHICULAR FACTOR,99
29274377,2,HUMAN FACTOR,99
29274377,2,VEHICULAR FACTOR,99
29283358,1,HUMAN FACTOR,14
29283358,1,VEHICULAR FACTOR,99
29283358,2,HUMAN FACTOR,99
29283358,2,VEHICULAR FACTOR,99
29283968,1,HUMAN FACTOR,99
29283968,1,VEHICULAR FACTOR,99
29283968,2,HUMAN FACTOR,99
29283968,2,VEHICULAR FACTOR,99
29291416,1,HUMAN FACTOR,97
29291416,1,VEHICULAR FACTOR,99
29291416,2,HUMAN FACTOR,99
29291416,2,VEHICULAR FACTOR,99
29300037,1,HUMAN FACTOR,99
29300037,1,VEHICULAR FACTOR,99
29300037,2,HUMAN FACTOR,99
29300037,2,VEHICULAR FACTOR,99
29307143,1,HUMAN FACTOR,99
29307143,1,VEHICULAR FACTOR,99
29309184,2,HUMAN FACTOR,99
29309184,2,VEHICULAR FACTOR,99
29312590,1,HUMAN FACTOR,14
29312590,1,VEHICULAR FACTOR,99
29312590,2,HUMAN FACTOR,99
29312590,2,VEHICULAR FACTOR,99
29314494,1,HUMAN FACTOR,17
29314494,1,VEHICULAR FACTOR,99
29314494,2,HUMAN FACTOR,99
29314494,2,VEHICULAR FACTOR,99
29317325,1,HUMAN FACTOR,11
29317325,1,VEHICULAR FACTOR,99
29317325,2,HUMAN FACTOR,99
29317325,2,VEHICULAR FACTOR,97
29317325,3,HUMAN FACTOR,99
29317325,3,VEHICULAR FACTOR,99
29317428,1,HUMAN FACTOR,23
29317428,1,VEHICULAR FACTOR,99
29317428,2,HUMAN FACTOR,8
29317428,2,VEHICULAR FACTOR,99
29318753,1,HUMAN FACTOR,4
29318753,1,VEHICULAR FACTOR,99
29324373,1,HUMAN FACTOR,17
29324373,1,VEHICULAR FACTOR,99
28572520,2,HUMAN FACTOR,99
28572520,2,VEHICULAR FACTOR,99
28573702,1,HUMAN FACTOR,14
28573702,1,VEHICULAR FACTOR,1
28573702,2,HUMAN FACTOR,99
28573702,2,VEHICULAR FACTOR,99
28580565,1,HUMAN FACTOR,99
28580565,1,VEHICULAR FACTOR,99
28580565,2,HUMAN FACTOR,99
28580565,2,VEHICULAR FACTOR,99
28584513,1,HUMAN FACTOR,99
28584513,1,VEHICULAR FACTOR,99
28587723,1,HUMAN FACTOR,8
28587723,1,HUMAN FACTOR,14
28587723,1,VEHICULAR FACTOR,99
28587723,2,HUMAN FACTOR,99
28587723,2,VEHICULAR FACTOR,99
28590281,1,HUMAN FACTOR,14
28590281,1,VEHICULAR FACTOR,99
28590281,2,HUMAN FACTOR,99
28590281,2,VEHICULAR FACTOR,99
28592915,1,HUMAN FACTOR,18
28592915,1,VEHICULAR FACTOR,99
28592915,2,HUMAN FACTOR,99
28592915,2,VEHICULAR FACTOR,99
28594697,1,HUMAN FACTOR,11
28594697,1,HUMAN FACTOR,14
28594697,1,HUMAN FACTOR,97
28594697,1,VEHICULAR FACTOR,99
28594697,2,HUMAN FACTOR,99
28594697,2,VEHICULAR FACTOR,99
28595732,1,HUMAN FACTOR,14
28595732,1,VEHICULAR FACTOR,99
28595732,2,HUMAN FACTOR,14
28595732,2,VEHICULAR FACTOR,99
28601367,1,HUMAN FACTOR,11
28601367,1,VEHICULAR FACTOR,99
28601367,2,HUMAN FACTOR,99
28601367,2,VEHICULAR FACTOR,99
28601367,3,HUMAN FACTOR,11
28601367,3,VEHICULAR FACTOR,99
28601663,1,HUMAN FACTOR,1
28601663,1,HUMAN FACTOR,7
28601663,1,HUMAN FACTOR,22
28601663,1,VEHICULAR FACTOR,99
28601663,2,HUMAN FACTOR,99
28601663,2,VEHICULAR FACTOR,99
28604061,1,HUMAN FACTOR,99
28604061,1,VEHICULAR FACTOR,99
28605702,1,HUMAN FACTOR,99
28605702,1,VEHICULAR FACTOR,99
28608164,1,HUMAN FACTOR,11
28608164,1,VEHICULAR FACTOR,99
28608164,2,HUMAN FACTOR,99
28608164,2,VEHICULAR FACTOR,99
28608218,1,HUMAN FACTOR,18
28608218,1,VEHICULAR FACTOR,99
28608218,2,HUMAN FACTOR,7
28608218,2,VEHICULAR FACTOR,99
28608218,3,HUMAN FACTOR,99
28608218,3,VEHICULAR FACTOR,99
28612002,1,HUMAN FACTOR,14
28612002,1,VEHICULAR FACTOR,99
28627219,2,HUMAN FACTOR,99
28627219,2,VEHICULAR FACTOR,99
28636840,2,HUMAN FACTOR,99
28636840,2,VEHICULAR FACTOR,99
28637063,1,HUMAN FACTOR,14
28637063,1,HUMAN FACTOR,17
28637063,1,VEHICULAR FACTOR,99
28637063,2,HUMAN FACTOR,99
28637063,2,VEHICULAR FACTOR,99
28641778,1,HUMAN FACTOR,99
28641778,1,VEHICULAR FACTOR,99
28641778,2,HUMAN FACTOR,99
28641778,2,VEHICULAR FACTOR,99
28647413,1,HUMAN FACTOR,14
28647413,1,VEHICULAR FACTOR,99
28647413,2,HUMAN FACTOR,99
28647413,2,VEHICULAR FACTOR,99
28651663,1,HUMAN FACTOR,3
28651663,1,VEHICULAR FACTOR,99
28651663,2,HUMAN FACTOR,99
28651663,2,VEHICULAR FACTOR,99
28652917,1,HUMAN FACTOR,14
28652917,1,HUMAN FACTOR,17
28652917,1,VEHICULAR FACTOR,99
28652917,2,HUMAN FACTOR,99
28652917,2,VEHICULAR FACTOR,99
28654537,1,HUMAN FACTOR,14
28654537,1,HUMAN FACTOR,17
28654537,1,VEHICULAR FACTOR,99
28654537,2,HUMAN FACTOR,99
28654537,2,VEHICULAR FACTOR,99
28654659,1,HUMAN FACTOR,17
28654659,1,VEHICULAR FACTOR,99
28654659,2,HUMAN FACTOR,99
28654659,2,VEHICULAR FACTOR,99
28654662,1,HUMAN FACTOR,14
28654662,1,VEHICULAR FACTOR,99
28654662,2,HUMAN FACTOR,99
28654662,2,VEHICULAR FACTOR,99
28655213,1,HUMAN FACTOR,99
28655213,1,VEHICULAR FACTOR,99
28656764,1,HUMAN FACTOR,18
28656764,1,VEHICULAR FACTOR,99
28656764,2,HUMAN FACTOR,99
28656764,2,VEHICULAR FACTOR,97
28656764,3,HUMAN FACTOR,99
28656764,3,VEHICULAR FACTOR,99
28658685,1,HUMAN FACTOR,14
28658685,1,VEHICULAR FACTOR,99
28658685,2,HUMAN FACTOR,99
28658685,2,VEHICULAR FACTOR,99
28662786,2,HUMAN FACTOR,99
28662786,2,VEHICULAR FACTOR,99
28662807,1,HUMAN FACTOR,14
28662807,1,VEHICULAR FACTOR,99
28665228,2,HUMAN FACTOR,99
28665228,2,VEHICULAR FACTOR,99
28669595,1,HUMAN FACTOR,97
28669595,1,VEHICULAR FACTOR,99
28669595,2,HUMAN FACTOR,97
28669595,2,VEHICULAR FACTOR,99
28669595,3,HUMAN FACTOR,97
28669595,3,VEHICULAR FACTOR,99
28671212,1,HUMAN FACTOR,4
28671212,1,VEHICULAR FACTOR,99
28671212,2,HUMAN FACTOR,99
28671212,2,VEHICULAR FACTOR,99
28674070,1,HUMAN FACTOR,99
28674070,1,VEHICULAR FACTOR,99
28674070,2,HUMAN FACTOR,14
28674070,2,VEHICULAR FACTOR,99
28674365,1,HUMAN FACTOR,18
28674365,1,VEHICULAR FACTOR,11
28676603,1,HUMAN FACTOR,18
28676603,1,VEHICULAR FACTOR,99
28676603,2,HUMAN FACTOR,99
28676603,2,VEHICULAR FACTOR,99
28676887,1,HUMAN FACTOR,11
28676887,1,VEHICULAR FACTOR,99
28676887,2,HUMAN FACTOR,99
28676887,2,VEHICULAR FACTOR,99
28677296,1,HUMAN FACTOR,26
28677296,1,VEHICULAR FACTOR,99
28677296,2,HUMAN FACTOR,99
28677296,2,VEHICULAR FACTOR,99
28678792,1,HUMAN FACTOR,11
28678792,1,HUMAN FACTOR,14
28678792,1,VEHICULAR FACTOR,99
28678792,2,HUMAN FACTOR,99
28678792,2,VEHICULAR FACTOR,99
28678792,3,HUMAN FACTOR,99
28678792,3,VEHICULAR FACTOR,99
28679188,1,HUMAN FACTOR,4
28679188,1,VEHICULAR FACTOR,99
28679188,2,HUMAN FACTOR,99
28679188,2,VEHICULAR FACTOR,99
28679195,1,HUMAN FACTOR,11
28679195,1,VEHICULAR FACTOR,99
28679195,2,HUMAN FACTOR,99
28679195,2,VEHICULAR FACTOR,99
28679649,1,HUMAN FACTOR,14
28679649,1,VEHICULAR FACTOR,99
28679649,2,HUMAN FACTOR,99
28679649,2,VEHICULAR FACTOR,99
28679649,3,HUMAN FACTOR,99
28679649,3,VEHICULAR FACTOR,99
28679850,1,HUMAN FACTOR,99
29324373,2,HUMAN FACTOR,99
29324373,2,VEHICULAR FACTOR,99
29325643,1,HUMAN FACTOR,99
29325643,1,VEHICULAR FACTOR,99
29325643,2,HUMAN FACTOR,99
29325643,2,VEHICULAR FACTOR,99
29330697,1,HUMAN FACTOR,14
29330697,1,HUMAN FACTOR,18
29330697,1,VEHICULAR FACTOR,99
29330697,2,HUMAN FACTOR,99
29330697,2,VEHICULAR FACTOR,99
29331342,1,HUMAN FACTOR,18
29331342,1,VEHICULAR FACTOR,99
29331342,2,HUMAN FACTOR,99
29331342,2,VEHICULAR FACTOR,99
29331343,1,HUMAN FACTOR,18
29331343,1,VEHICULAR FACTOR,99
29331343,2,HUMAN FACTOR,99
29331343,2,VEHICULAR FACTOR,99
29332772,1,HUMAN FACTOR,8
29332772,1,VEHICULAR FACTOR,99
29332772,2,HUMAN FACTOR,99
29332772,2,VEHICULAR FACTOR,99
29332772,3,HUMAN FACTOR,99
29332772,3,VEHICULAR FACTOR,99
29337846,1,HUMAN FACTOR,97
29337846,1,VEHICULAR FACTOR,99
29337846,2,HUMAN FACTOR,97
29337846,2,VEHICULAR FACTOR,99
29337850,1,HUMAN FACTOR,14
29337850,1,VEHICULAR FACTOR,99
29338701,1,HUMAN FACTOR,14
29338701,1,VEHICULAR FACTOR,99
29338701,2,HUMAN FACTOR,99
29338701,2,VEHICULAR FACTOR,99
29339416,1,HUMAN FACTOR,14
29339416,1,VEHICULAR FACTOR,99
29339416,2,HUMAN FACTOR,14
29339416,2,VEHICULAR FACTOR,99
29339518,1,HUMAN FACTOR,3
29339518,1,HUMAN FACTOR,14
29339518,1,HUMAN FACTOR,18
29339518,1,VEHICULAR FACTOR,99
29339598,1,HUMAN FACTOR,99
29339598,1,VEHICULAR FACTOR,99
29339598,2,HUMAN FACTOR,99
29339598,2,VEHICULAR FACTOR,99
29340223,1,HUMAN FACTOR,18
29340223,1,VEHICULAR FACTOR,99
29340665,1,HUMAN FACTOR,99
29340665,1,VEHICULAR FACTOR,99
29342652,1,HUMAN FACTOR,1
29342652,1,HUMAN FACTOR,14
29342652,1,VEHICULAR FACTOR,99
29342652,2,HUMAN FACTOR,99
29342652,2,VEHICULAR FACTOR,99
29343661,1,HUMAN FACTOR,17
29343661,1,VEHICULAR FACTOR,99
29344454,1,HUMAN FACTOR,14
29344454,1,VEHICULAR FACTOR,99
29344454,2,HUMAN FACTOR,99
29344454,2,VEHICULAR FACTOR,99
29345059,1,HUMAN FACTOR,3
29345059,1,VEHICULAR FACTOR,99
29345059,2,HUMAN FACTOR,99
29345059,2,VEHICULAR FACTOR,99
29350829,1,HUMAN FACTOR,14
29350829,1,VEHICULAR FACTOR,99
29350829,2,HUMAN FACTOR,99
29350829,2,VEHICULAR FACTOR,99
29355183,1,HUMAN FACTOR,8
29355183,1,HUMAN FACTOR,14
29355183,1,VEHICULAR FACTOR,99
29355183,2,HUMAN FACTOR,99
29355183,2,VEHICULAR FACTOR,99
29355325,1,HUMAN FACTOR,99
29355325,1,VEHICULAR FACTOR,99
29357651,1,HUMAN FACTOR,14
29357651,1,VEHICULAR FACTOR,99
29357651,2,HUMAN FACTOR,99
29357651,2,VEHICULAR FACTOR,99
29363622,1,HUMAN FACTOR,4
29363622,1,HUMAN FACTOR,8
29363622,1,VEHICULAR FACTOR,99
29363622,2,HUMAN FACTOR,99
29363622,2,VEHICULAR FACTOR,99
29363938,1,HUMAN FACTOR,11
29363938,1,HUMAN FACTOR,14
29363938,1,VEHICULAR FACTOR,99
29363938,2,HUMAN FACTOR,99
29363938,2,VEHICULAR FACTOR,99
29370417,1,HUMAN FACTOR,99
29370417,1,VEHICULAR FACTOR,99
29370417,2,HUMAN FACTOR,99
29370417,2,VEHICULAR FACTOR,99
29370770,1,HUMAN FACTOR,14
29370770,1,HUMAN FACTOR,17
29370770,1,VEHICULAR FACTOR,99
29370770,2,HUMAN FACTOR,99
29370770,2,VEHICULAR FACTOR,99
29371560,1,HUMAN FACTOR,11
29371560,1,HUMAN FACTOR,14
29371560,1,VEHICULAR FACTOR,99
29371560,2,HUMAN FACTOR,99
29371560,2,VEHICULAR FACTOR,99
29373292,1,HUMAN FACTOR,14
29373292,1,VEHICULAR FACTOR,99
29373292,2,HUMAN FACTOR,99
29373292,2,VEHICULAR FACTOR,99
29373292,3,HUMAN FACTOR,99
29373292,3,VEHICULAR FACTOR,99
29379704,1,HUMAN FACTOR,14
29379704,1,VEHICULAR FACTOR,99
29379704,2,HUMAN FACTOR,99
29379704,2,VEHICULAR FACTOR,99
29380987,1,HUMAN FACTOR,8
29380987,1,VEHICULAR FACTOR,99
29380987,2,HUMAN FACTOR,99
29380987,2,VEHICULAR FACTOR,99
29381860,1,HUMAN FACTOR,97
29381860,1,VEHICULAR FACTOR,99
29381860,2,HUMAN FACTOR,11
29381860,2,VEHICULAR FACTOR,99
29381860,3,HUMAN FACTOR,11
29381860,3,VEHICULAR FACTOR,99
29381860,4,HUMAN FACTOR,99
29381860,4,VEHICULAR FACTOR,99
29382208,1,HUMAN FACTOR,19
29382208,1,VEHICULAR FACTOR,99
29382208,2,HUMAN FACTOR,99
29382208,2,VEHICULAR FACTOR,99
29388393,1,HUMAN FACTOR,97
29388393,1,VEHICULAR FACTOR,99
29390190,1,HUMAN FACTOR,14
29390190,1,VEHICULAR FACTOR,99
29391124,1,HUMAN FACTOR,14
29391124,1,VEHICULAR FACTOR,99
29391124,2,HUMAN FACTOR,99
29391124,2,VEHICULAR FACTOR,99
29391170,1,HUMAN FACTOR,11
29391170,1,VEHICULAR FACTOR,99
29391170,2,HUMAN FACTOR,11
29391170,2,VEHICULAR FACTOR,99
29391170,3,HUMAN FACTOR,11
29391170,3,VEHICULAR FACTOR,99
29391180,1,HUMAN FACTOR,8
29391180,1,VEHICULAR FACTOR,99
29391180,2,HUMAN FACTOR,99
29391180,2,VEHICULAR FACTOR,99
29396454,1,HUMAN FACTOR,14
29396454,1,VEHICULAR FACTOR,99
29396454,2,HUMAN FACTOR,99
29396454,2,VEHICULAR FACTOR,99
29403933,1,HUMAN FACTOR,99
29403933,1,VEHICULAR FACTOR,99
29416582,1,HUMAN FACTOR,11
29416582,1,HUMAN FACTOR,22
29416582,1,VEHICULAR FACTOR,99
29416582,2,HUMAN FACTOR,99
29416582,2,VEHICULAR FACTOR,99
29417528,1,HUMAN FACTOR,14
29417528,1,VEHICULAR FACTOR,99
29417528,2,HUMAN FACTOR,99
29417528,2,VEHICULAR FACTOR,99
29421139,1,HUMAN FACTOR,14
29421139,1,VEHICULAR FACTOR,99
29421139,2,HUMAN FACTOR,99
29421139,2,VEHICULAR FACTOR,99
29433500,1,HUMAN FACTOR,17
29433500,1,VEHICULAR FACTOR,99
28679850,1,VEHICULAR FACTOR,99
28679850,2,HUMAN FACTOR,99
28679850,2,VEHICULAR FACTOR,99
28688231,1,HUMAN FACTOR,17
28688231,1,VEHICULAR FACTOR,99
28688540,1,HUMAN FACTOR,97
28688540,1,VEHICULAR FACTOR,99
28688540,2,HUMAN FACTOR,99
28688540,2,VEHICULAR FACTOR,99
28688570,1,HUMAN FACTOR,14
28688570,1,VEHICULAR FACTOR,99
28689522,1,HUMAN FACTOR,8
28689522,1,HUMAN FACTOR,13
28689522,1,HUMAN FACTOR,17
28689522,1,VEHICULAR FACTOR,99
28689522,2,HUMAN FACTOR,99
28689522,2,VEHICULAR FACTOR,99
28690267,2,HUMAN FACTOR,99
28690267,2,VEHICULAR FACTOR,99
28690267,1,HUMAN FACTOR,8
28690267,1,VEHICULAR FACTOR,99
28692113,1,HUMAN FACTOR,14
28692113,1,VEHICULAR FACTOR,99
28692113,2,HUMAN FACTOR,99
28692113,2,VEHICULAR FACTOR,99
28698499,1,HUMAN FACTOR,4
28698499,1,VEHICULAR FACTOR,99
28698499,2,HUMAN FACTOR,99
28698499,2,VEHICULAR FACTOR,99
28699396,1,HUMAN FACTOR,26
28699396,1,HUMAN FACTOR,14
28699396,1,VEHICULAR FACTOR,99
28699396,2,HUMAN FACTOR,18
28699396,2,VEHICULAR FACTOR,99
28708745,1,HUMAN FACTOR,22
28708745,1,VEHICULAR FACTOR,99
28708745,2,HUMAN FACTOR,99
28708745,2,VEHICULAR FACTOR,99
28708745,3,HUMAN FACTOR,99
28708745,3,VEHICULAR FACTOR,99
28708745,4,HUMAN FACTOR,99
28708745,4,VEHICULAR FACTOR,99
28708811,1,HUMAN FACTOR,14
28708811,1,VEHICULAR FACTOR,99
28708811,2,HUMAN FACTOR,99
28708811,2,VEHICULAR FACTOR,99
28714423,1,HUMAN FACTOR,97
28714423,1,VEHICULAR FACTOR,99
28714423,2,HUMAN FACTOR,99
28714423,2,VEHICULAR FACTOR,99
28734319,1,HUMAN FACTOR,99
28734319,1,VEHICULAR FACTOR,99
28734319,2,HUMAN FACTOR,99
28734319,2,VEHICULAR FACTOR,99
28736452,1,HUMAN FACTOR,14
28736452,1,VEHICULAR FACTOR,99
28736452,2,HUMAN FACTOR,99
28736452,2,VEHICULAR FACTOR,99
28736452,3,HUMAN FACTOR,99
28736452,3,VEHICULAR FACTOR,99
28736452,4,HUMAN FACTOR,99
28736452,4,VEHICULAR FACTOR,99
28739049,2,HUMAN FACTOR,99
28739049,2,VEHICULAR FACTOR,99
28740598,1,HUMAN FACTOR,11
28740598,1,HUMAN FACTOR,14
28740598,1,HUMAN FACTOR,18
28740598,1,VEHICULAR FACTOR,99
28740598,2,HUMAN FACTOR,99
28740598,2,VEHICULAR FACTOR,99
28742984,1,HUMAN FACTOR,14
28742984,1,HUMAN FACTOR,97
28742984,1,VEHICULAR FACTOR,99
28742984,2,HUMAN FACTOR,99
28742984,2,VEHICULAR FACTOR,99
28759669,1,HUMAN FACTOR,26
28759669,2,HUMAN FACTOR,99
28759669,2,VEHICULAR FACTOR,99
28780821,1,HUMAN FACTOR,99
28780821,1,VEHICULAR FACTOR,7
28780821,2,HUMAN FACTOR,99
28780821,2,VEHICULAR FACTOR,99
28781242,1,HUMAN FACTOR,99
28781242,1,VEHICULAR FACTOR,99
28782566,1,HUMAN FACTOR,11
28782566,1,VEHICULAR FACTOR,99
28782566,2,HUMAN FACTOR,99
28782566,2,VEHICULAR FACTOR,99
28783801,1,HUMAN FACTOR,14
28783801,1,HUMAN FACTOR,18
28783801,1,VEHICULAR FACTOR,99
28783801,2,HUMAN FACTOR,99
28783801,2,VEHICULAR FACTOR,99
28783809,1,HUMAN FACTOR,12
28783809,1,HUMAN FACTOR,14
28783809,1,VEHICULAR FACTOR,99
28783809,2,HUMAN FACTOR,99
28783809,2,VEHICULAR FACTOR,99
28789574,1,HUMAN FACTOR,11
28789574,1,HUMAN FACTOR,14
28789574,1,VEHICULAR FACTOR,99
28789574,2,HUMAN FACTOR,99
28789574,2,VEHICULAR FACTOR,99
28789574,3,HUMAN FACTOR,11
28789574,3,HUMAN FACTOR,14
28789574,3,VEHICULAR FACTOR,99
28789574,4,HUMAN FACTOR,11
28789574,4,HUMAN FACTOR,14
28789574,4,VEHICULAR FACTOR,99
28789658,1,HUMAN FACTOR,26
28789658,1,VEHICULAR FACTOR,99
28789658,2,HUMAN FACTOR,99
28789658,2,VEHICULAR FACTOR,99
28790604,1,HUMAN FACTOR,14
28790604,1,VEHICULAR FACTOR,99
28790604,2,HUMAN FACTOR,99
28790604,2,VEHICULAR FACTOR,99
28791065,1,HUMAN FACTOR,22
28791065,1,VEHICULAR FACTOR,99
28793903,1,HUMAN FACTOR,17
28793903,1,HUMAN FACTOR,18
28793903,1,VEHICULAR FACTOR,99
28793903,2,HUMAN FACTOR,99
28793903,2,VEHICULAR FACTOR,99
28793903,3,HUMAN FACTOR,99
28793903,3,VEHICULAR FACTOR,99
28794990,1,HUMAN FACTOR,18
28794990,1,VEHICULAR FACTOR,99
28798774,1,HUMAN FACTOR,14
28798774,1,HUMAN FACTOR,17
28798774,1,VEHICULAR FACTOR,99
28798774,2,HUMAN FACTOR,99
28798774,2,VEHICULAR FACTOR,99
28798774,3,HUMAN FACTOR,99
28798774,3,VEHICULAR FACTOR,99
28798810,1,HUMAN FACTOR,11
28798810,1,HUMAN FACTOR,17
28798810,1,VEHICULAR FACTOR,99
28798810,2,HUMAN FACTOR,11
28798810,2,VEHICULAR FACTOR,99
28798810,3,HUMAN FACTOR,17
28798810,3,VEHICULAR FACTOR,99
28799304,1,HUMAN FACTOR,8
28799304,1,VEHICULAR FACTOR,99
28799304,2,HUMAN FACTOR,99
28799304,2,VEHICULAR FACTOR,99
28799304,3,HUMAN FACTOR,99
28799304,3,VEHICULAR FACTOR,99
28799342,1,HUMAN FACTOR,99
28799342,1,VEHICULAR FACTOR,99
28799342,2,HUMAN FACTOR,12
28799342,2,HUMAN FACTOR,14
28799342,2,VEHICULAR FACTOR,99
28801710,1,HUMAN FACTOR,99
28801710,1,VEHICULAR FACTOR,99
28803530,1,HUMAN FACTOR,99
28803530,1,VEHICULAR FACTOR,99
28804265,1,HUMAN FACTOR,8
28804265,1,HUMAN FACTOR,14
28804265,1,HUMAN FACTOR,23
28804265,1,VEHICULAR FACTOR,99
28804265,2,HUMAN FACTOR,99
28804265,2,VEHICULAR FACTOR,99
28806436,1,HUMAN FACTOR,99
28806436,1,VEHICULAR FACTOR,99
28806436,2,HUMAN FACTOR,99
28806436,2,VEHICULAR FACTOR,99
28806731,1,HUMAN FACTOR,17
28806731,1,VEHICULAR FACTOR,99
28806731,2,HUMAN FACTOR,99
29433500,2,HUMAN FACTOR,99
29433500,2,VEHICULAR FACTOR,99
29440958,1,HUMAN FACTOR,8
29440958,1,VEHICULAR FACTOR,99
29440958,2,HUMAN FACTOR,99
29440958,2,VEHICULAR FACTOR,99
29474860,1,HUMAN FACTOR,97
29474860,1,VEHICULAR FACTOR,99
29478305,1,HUMAN FACTOR,99
29478305,1,VEHICULAR FACTOR,99
29483152,1,HUMAN FACTOR,11
29483152,1,VEHICULAR FACTOR,99
29483152,2,HUMAN FACTOR,99
29483152,2,VEHICULAR FACTOR,99
29493654,1,HUMAN FACTOR,18
29493654,1,VEHICULAR FACTOR,99
29537149,1,HUMAN FACTOR,6
29537149,1,HUMAN FACTOR,97
29363622,1,DRIVER DISTRACTED BY,3
29363622,2,ENVIRON FACTOR,9
29363938,1,ENVIRON FACTOR,2
29363938,1,ENVIRON FACTOR,5
29363938,2,ENVIRON FACTOR,99
29370417,1,ENVIRON FACTOR,2
29370417,2,ENVIRON FACTOR,2
29370770,1,ENVIRON FACTOR,2
29370770,2,ENVIRON FACTOR,2
29371560,1,ENVIRON FACTOR,2
29371560,2,ENVIRON FACTOR,2
29373292,1,ENVIRON FACTOR,17
29373292,1,ENVIRON FACTOR,2
29373292,2,ENVIRON FACTOR,17
29373292,2,ENVIRON FACTOR,2
29373292,3,ENVIRON FACTOR,17
29373292,3,ENVIRON FACTOR,2
29379704,1,ENVIRON FACTOR,2
29379704,2,ENVIRON FACTOR,99
29380987,1,ENVIRON FACTOR,2
29380987,1,ENVIRON FACTOR,12
29380987,2,ENVIRON FACTOR,99
29381860,1,ENVIRON FACTOR,2
29381860,2,ENVIRON FACTOR,99
29381860,3,ENVIRON FACTOR,99
29381860,4,ENVIRON FACTOR,99
29382208,1,ENVIRON FACTOR,17
29382208,1,ENVIRON FACTOR,2
29382208,2,ENVIRON FACTOR,17
29388393,1,ENVIRON FACTOR,2
29388393,1,ENVIRON FACTOR,9
29390190,1,ENVIRON FACTOR,2
29391124,1,ENVIRON FACTOR,2
29391124,2,ENVIRON FACTOR,2
29391170,1,ENVIRON FACTOR,17
29391170,1,ENVIRON FACTOR,2
29391170,2,ENVIRON FACTOR,17
29391170,2,ENVIRON FACTOR,2
29391170,3,ENVIRON FACTOR,17
29391170,3,ENVIRON FACTOR,2
29391180,1,ENVIRON FACTOR,99
29391180,2,ENVIRON FACTOR,2
29396454,1,ENVIRON FACTOR,2
29396454,2,ENVIRON FACTOR,2
29403933,1,ENVIRON FACTOR,2
29403933,1,ENVIRON FACTOR,11
29403933,2,ENVIRON FACTOR,11
29416582,1,ENVIRON FACTOR,2
29416582,2,ENVIRON FACTOR,99
29417528,1,ENVIRON FACTOR,2
29417528,2,ENVIRON FACTOR,2
29421139,1,ENVIRON FACTOR,2
29421139,2,ENVIRON FACTOR,2
29433500,1,ENVIRON FACTOR,2
29433500,1,ENVIRON FACTOR,5
29433500,2,ENVIRON FACTOR,99
29440958,1,ENVIRON FACTOR,2
29440958,2,ENVIRON FACTOR,99
29474860,1,ENVIRON FACTOR,2
29478305,1,ENVIRON FACTOR,2
29483152,1,ENVIRON FACTOR,2
29483152,2,ENVIRON FACTOR,99
29493654,1,ENVIRON FACTOR,2
29537149,1,ENVIRON FACTOR,2
29537149,2,ENVIRON FACTOR,2
29541060,1,ENVIRON FACTOR,2
29541060,2,ENVIRON FACTOR,2
29545370,1,ENVIRON FACTOR,2
29545370,2,ENVIRON FACTOR,2
29545372,1,ENVIRON FACTOR,2
29545372,2,ENVIRON FACTOR,2
29557515,1,ENVIRON FACTOR,2
29557524,1,ENVIRON FACTOR,2
29557524,2,ENVIRON FACTOR,99
29557818,1,ENVIRON FACTOR,2
29557818,2,ENVIRON FACTOR,2
29577208,1,ENVIRON FACTOR,2
29599899,1,ENVIRON FACTOR,2
29599899,1,ENVIRON FACTOR,97
29599899,1,DRIVER DISTRACTED BY,1
29599899,2,ENVIRON FACTOR,2
29599899,2,ENVIRON FACTOR,97
29599899,3,ENVIRON FACTOR,2
29599899,3,ENVIRON FACTOR,97
29605173,1,ENVIRON FACTOR,2
29605173,2,ENVIRON FACTOR,99
29619271,1,ENVIRON FACTOR,2
29619271,2,ENVIRON FACTOR,2
29793756,1,ENVIRON FACTOR,2
29793756,2,ENVIRON FACTOR,99
30020713,1,ENVIRON FACTOR,2
30020713,2,ENVIRON FACTOR,2
30298356,1,ENVIRON FACTOR,2
30298356,2,ENVIRON FACTOR,2
30683964,1,ENVIRON FACTOR,2
30683964,2,ENVIRON FACTOR,2
28678792,3,ENVIRON FACTOR,9
28679188,1,ENVIRON FACTOR,17
28679188,1,ENVIRON FACTOR,2
28679188,1,DRIVER DISTRACTED BY,3
28679188,2,ENVIRON FACTOR,17
28679195,1,ENVIRON FACTOR,11
28679195,2,ENVIRON FACTOR,2
28679649,1,ENVIRON FACTOR,2
28679649,2,ENVIRON FACTOR,99
28679649,3,ENVIRON FACTOR,99
28679850,1,ENVIRON FACTOR,2
28679850,2,ENVIRON FACTOR,2
28688231,1,ENVIRON FACTOR,2
28688540,1,ENVIRON FACTOR,2
28688540,2,ENVIRON FACTOR,2
28688570,1,ENVIRON FACTOR,2
28689522,1,ENVIRON FACTOR,2
28689522,1,ENVIRON FACTOR,11
28689522,2,ENVIRON FACTOR,99
28690267,2,ENVIRON FACTOR,2
28690267,1,ENVIRON FACTOR,2
28692113,1,ENVIRON FACTOR,2
28692113,1,ENVIRON FACTOR,13
28692113,2,ENVIRON FACTOR,2
28692113,2,ENVIRON FACTOR,13
28698499,1,ENVIRON FACTOR,2
28698499,1,DRIVER DISTRACTED BY,4
28698499,2,ENVIRON FACTOR,2
28699396,1,ENVIRON FACTOR,2
28699396,2,ENVIRON FACTOR,2
28699396,2,ENVIRON FACTOR,5
28708745,1,ENVIRON FACTOR,2
28708745,2,ENVIRON FACTOR,2
28708745,3,ENVIRON FACTOR,2
28708745,4,ENVIRON FACTOR,2
28708811,1,ENVIRON FACTOR,2
28708811,2,ENVIRON FACTOR,99
28714423,1,ENVIRON FACTOR,2
28714423,2,ENVIRON FACTOR,2
28734319,1,ENVIRON FACTOR,2
28734319,1,ENVIRON FACTOR,9
28734319,2,ENVIRON FACTOR,9
28736452,1,ENVIRON FACTOR,2
28736452,2,ENVIRON FACTOR,99
28736452,3,ENVIRON FACTOR,99
28736452,4,ENVIRON FACTOR,99
28739049,1,ENVIRON FACTOR,2
28739049,2,ENVIRON FACTOR,2
28740598,1,ENVIRON FACTOR,17
28740598,1,ENVIRON FACTOR,2
28740598,2,ENVIRON FACTOR,17
28742984,1,ENVIRON FACTOR,2
28742984,2,ENVIRON FACTOR,2
28759669,1,ENVIRON FACTOR,2
28759669,2,ENVIRON FACTOR,2
28780821,1,ENVIRON FACTOR,2
28780821,2,ENVIRON FACTOR,2
28781242,1,ENVIRON FACTOR,2
28781242,1,ENVIRON FACTOR,97
28782566,1,ENVIRON FACTOR,2
28782566,2,ENVIRON FACTOR,2
28783801,1,ENVIRON FACTOR,17
28783801,1,ENVIRON FACTOR,2
28783801,2,ENVIRON FACTOR,17
28783801,2,ENVIRON FACTOR,2
28783809,1,ENVIRON FACTOR,17
28783809,1,ENVIRON FACTOR,2
28783809,2,ENVIRON FACTOR,17
28783809,2,ENVIRON FACTOR,2
28789574,1,ENVIRON FACTOR,2
28789574,2,ENVIRON FACTOR,17
28789574,3,ENVIRON FACTOR,2
28789574,4,ENVIRON FACTOR,2
28789658,1,ENVIRON FACTOR,2
28789658,2,ENVIRON FACTOR,2
28790604,1,ENVIRON FACTOR,2
28790604,2,ENVIRON FACTOR,2
28791065,1,ENVIRON FACTOR,2
28793903,1,ENVIRON FACTOR,2
28793903,2,ENVIRON FACTOR,2
28793903,3,ENVIRON FACTOR,2
28794990,1,ENVIRON FACTOR,2
28798774,1,ENVIRON FACTOR,2
28798774,2,ENVIRON FACTOR,99
28798774,3,ENVIRON FACTOR,99
28798810,1,ENVIRON FACTOR,2
28798810,2,ENVIRON FACTOR,2
28798810,3,ENVIRON FACTOR,2
28798810,3,ENVIRON FACTOR,3
28799304,1,ENVIRON FACTOR,2
28799304,2,ENVIRON FACTOR,2
28799304,3,ENVIRON FACTOR,99
28799342,1,ENVIRON FACTOR,2
28799342,2,ENVIRON FACTOR,2
28801710,1,ENVIRON FACTOR,2
28801710,1,ENVIRON FACTOR,15
28803530,1,ENVIRON FACTOR,2
28803530,1,ENVIRON FACTOR,13
28804265,1,ENVIRON FACTOR,99
28804265,2,ENVIRON FACTOR,2
28804265,2,ENVIRON FACTOR,99
28806436,1,ENVIRON FACTOR,2
28806436,2,ENVIRON FACTOR,2
28806731,1,ENVIRON FACTOR,99
28806731,2,ENVIRON FACTOR,2
28807462,1,ENVIRON FACTOR,2
28807462,2,ENVIRON FACTOR,2
28815487,1,ENVIRON FACTOR,2
28825392,1,ENVIRON FACTOR,2
28825392,1,ENVIRON FACTOR,11
28852189,1,ENVIRON FACTOR,2
28852189,2,ENVIRON FACTOR,99
28854784,1,ENVIRON FACTOR,2
28854784,2,ENVIRON FACTOR,2
28859740,1,ENVIRON FACTOR,2
28859740,2,ENVIRON FACTOR,2
28860192,1,ENVIRON FACTOR,2
28860192,1,ENVIRON FACTOR,9
28860192,2,ENVIRON FACTOR,9
28882682,1,ENVIRON FACTOR,17
28882682,1,ENVIRON FACTOR,2
28882682,2,ENVIRON FACTOR,17
28882682,2,ENVIRON FACTOR,2
28888368,1,ENVIRON FACTOR,2
28888368,2,ENVIRON FACTOR,2
28899035,1,ENVIRON FACTOR,2
28899035,2,ENVIRON FACTOR,2
28899617,1,ENVIRON FACTOR,2
28899617,2,ENVIRON FACTOR,2
28899621,1,ENVIRON FACTOR,2
28899621,2,ENVIRON FACTOR,2
28901569,1,ENVIRON FACTOR,2
28901569,2,ENVIRON FACTOR,2
28901823,1,ENVIRON FACTOR,2
28901823,1,ENVIRON FACTOR,3
28902464,1,ENVIRON FACTOR,99
28902464,2,ENVIRON FACTOR,2
28903259,1,ENVIRON FACTOR,2
28903259,2,ENVIRON FACTOR,99
28903415,1,ENVIRON FACTOR,2
28903415,2,ENVIRON FACTOR,99
28903741,1,ENVIRON FACTOR,2
28903741,2,ENVIRON FACTOR,2
28903741,3,ENVIRON FACTOR,2
28903742,1,ENVIRON FACTOR,2
28903742,2,ENVIRON FACTOR,2
28903748,1,ENVIRON FACTOR,17
28903748,1,ENVIRON FACTOR,2
28903748,2,ENVIRON FACTOR,17
28903748,2,ENVIRON FACTOR,2
28903748,3,ENVIRON FACTOR,17
28903748,3,ENVIRON FACTOR,2
28903748,4,ENVIRON FACTOR,17
28903748,4,ENVIRON FACTOR,2
28906838,1,ENVIRON FACTOR,17
28906838,1,ENVIRON FACTOR,2
28906838,2,ENVIRON FACTOR,17
28906838,2,ENVIRON FACTOR,2
28906838,3,ENVIRON FACTOR,17
28906838,3,ENVIRON FACTOR,2
28908048,1,ENVIRON FACTOR,2
28908048,2,ENVIRON FACTOR,2
28908048,3,ENVIRON FACTOR,2
28912432,1,ENVIRON FACTOR,2
28912432,1,ENVIRON FACTOR,97
28912432,2,ENVIRON FACTOR,2
28916029,1,ENVIRON FACTOR,2
28916029,2,ENVIRON FACTOR,99
28916029,3,ENVIRON FACTOR,99
28916536,1,ENVIRON FACTOR,2
28916536,2,ENVIRON FACTOR,99
28918941,1,ENVIRON FACTOR,17
28918941,1,ENVIRON FACTOR,2
28918941,2,ENVIRON FACTOR,17
28918941,2,ENVIRON FACTOR,2
28918941,3,ENVIRON FACTOR,17
28918941,3,ENVIRON FACTOR,2
28923194,1,ENVIRON FACTOR,2
28923194,2,ENVIRON FACTOR,2
28923212,1,ENVIRON FACTOR,2
28925112,1,ENVIRON FACTOR,2
28925112,2,ENVIRON FACTOR,2
28929689,1,ENVIRON FACTOR,2
28929689,2,ENVIRON FACTOR,2
28930211,1,ENVIRON FACTOR,2
28930211,2,ENVIRON FACTOR,99
28933840,1,ENVIRON FACTOR,2
28933840,2,ENVIRON FACTOR,2
28934626,1,ENVIRON FACTOR,2
28935135,1,ENVIRON FACTOR,2
28935135,2,ENVIRON FACTOR,2
28937768,1,ENVIRON FACTOR,2
28937768,1,DRIVER DISTRACTED BY,4
28937768,2,ENVIRON FACTOR,2
28937768,2,DRIVER DISTRACTED BY,4
28937768,3,ENVIRON FACTOR,2
28937768,4,ENVIRON FACTOR,2
28941758,1,ENVIRON FACTOR,2
28941758,2,ENVIRON FACTOR,2
28941758,3,ENVIRON FACTOR,2
28944048,1,ENVIRON FACTOR,2
28944048,1,ENVIRON FACTOR,11
28944048,2,ENVIRON FACTOR,2
28944255,1,ENVIRON FACTOR,2
28956934,1,ENVIRON FACTOR,2
28956934,2,ENVIRON FACTOR,2
28991927,1,ENVIRON FACTOR,2
28991927,2,ENVIRON FACTOR,2
28991927,3,ENVIRON FACTOR,2
28991927,4,ENVIRON FACTOR,2
29077097,1,ENVIRON FACTOR,2
29077097,2,ENVIRON FACTOR,99
29126368,1,ENVIRON FACTOR,2
29126368,1,ENVIRON FACTOR,3
29127254,1,ENVIRON FACTOR,2
29138045,1,ENVIRON FACTOR,2
29143403,1,ENVIRON FACTOR,2
29143403,1,ENVIRON FACTOR,11
29143403,2,ENVIRON FACTOR,2
29143403,2,ENVIRON FACTOR,11
29147193,1,ENVIRON FACTOR,2
29147193,1,ENVIRON FACTOR,9
29147193,2,ENVIRON FACTOR,2
29150008,1,ENVIRON FACTOR,2
29150008,2,ENVIRON FACTOR,2
29150721,1,ENVIRON FACTOR,2
29150721,2,ENVIRON FACTOR,2
29150779,1,ENVIRON FACTOR,2
29150779,2,ENVIRON FACTOR,2
29150782,1,ENVIRON FACTOR,2
29150782,2,ENVIRON FACTOR,2
29162744,1,ENVIRON FACTOR,2
29162744,2,ENVIRON FACTOR,99
29162758,1,ENVIRON FACTOR,2
29162758,1,ENVIRON FACTOR,11
29162758,2,ENVIRON FACTOR,2
29162758,2,ENVIRON FACTOR,11
29174461,1,ENVIRON FACTOR,2
29174461,2,ENVIRON FACTOR,99
29175499,1,ENVIRON FACTOR,2
29175499,2,ENVIRON FACTOR,2
29175836,1,ENVIRON FACTOR,2
29178213,1,ENVIRON FACTOR,17
29178213,1,ENVIRON FACTOR,2
29178213,2,ENVIRON FACTOR,99
29179136,1,ENVIRON FACTOR,2
29179678,1,ENVIRON FACTOR,2
29179678,2,ENVIRON FACTOR,2
29181607,1,ENVIRON FACTOR,2
29181607,1,ENVIRON FACTOR,11
29182891,1,ENVIRON FACTOR,2
29182891,2,ENVIRON FACTOR,2
29183416,1,ENVIRON FACTOR,2
29183416,2,ENVIRON FACTOR,2
29184707,1,ENVIRON FACTOR,2
29184707,2,ENVIRON FACTOR,99
29185405,1,ENVIRON FACTOR,2
29185405,2,ENVIRON FACTOR,99
29185690,1,ENVIRON FACTOR,2
29185690,2,ENVIRON FACTOR,2
29187002,1,ENVIRON FACTOR,17
29187002,1,ENVIRON FACTOR,2
29187002,2,ENVIRON FACTOR,17
29187002,2,ENVIRON FACTOR,2
29187002,3,ENVIRON FACTOR,17
29187002,3,ENVIRON FACTOR,2
29187118,1,ENVIRON FACTOR,2
29187118,2,ENVIRON FACTOR,2
29187132,1,ENVIRON FACTOR,2
29187132,1,ENVIRON FACTOR,9
29187132,2,ENVIRON FACTOR,2
29191498,1,ENVIRON FACTOR,2
29191498,2,ENVIRON FACTOR,99
29191505,1,ENVIRON FACTOR,17
29191505,1,ENVIRON FACTOR,2
29191505,2,ENVIRON FACTOR,17
29191505,2,ENVIRON FACTOR,2
29197336,1,ENVIRON FACTOR,2
29197336,2,ENVIRON FACTOR,99
29197336,3,ENVIRON FACTOR,99
29198727,1,ENVIRON FACTOR,2
29198727,2,ENVIRON FACTOR,2
29198727,3,ENVIRON FACTOR,2
29198727,3,ENVIRON FACTOR,3
29198727,4,ENVIRON FACTOR,2
29198727,4,ENVIRON FACTOR,3
29198727,5,ENVIRON FACTOR,2
29198727,5,ENVIRON FACTOR,3
29199513,1,ENVIRON FACTOR,2
29199513,2,ENVIRON FACTOR,2
29239574,2,ENVIRON FACTOR,2
29244825,1,ENVIRON FACTOR,2
29244825,2,ENVIRON FACTOR,2
29245860,1,ENVIRON FACTOR,2
29245860,1,ENVIRON FACTOR,9
29253186,1,ENVIRON FACTOR,2
29253186,2,ENVIRON FACTOR,2
29290529,1,ENVIRON FACTOR,2
29290529,1,ENVIRON FACTOR,16
29290529,2,ENVIRON FACTOR,2
29290529,2,ENVIRON FACTOR,16
29303994,1,ENVIRON FACTOR,2
29303994,2,ENVIRON FACTOR,2
29304145,1,ENVIRON FACTOR,2
29304145,2,ENVIRON FACTOR,2
29304347,1,ENVIRON FACTOR,2
29304347,2,ENVIRON FACTOR,2
29313247,1,ENVIRON FACTOR,2
29313247,2,ENVIRON FACTOR,99
29313247,3,ENVIRON FACTOR,99
29331818,1,ENVIRON FACTOR,2
29331818,2,ENVIRON FACTOR,2
29337851,1,ENVIRON FACTOR,2
29337851,2,ENVIRON FACTOR,2
29339902,1,ENVIRON FACTOR,2
29339902,2,ENVIRON FACTOR,2
29344891,1,ENVIRON FACTOR,2
29344891,1,DRIVER DISTRACTED BY,2
29344891,2,ENVIRON FACTOR,2
29344990,1,ENVIRON FACTOR,2
29344990,2,ENVIRON FACTOR,2
29349595,1,ENVIRON FACTOR,2
29349595,2,ENVIRON FACTOR,2
29355323,1,ENVIRON FACTOR,2
29355323,2,ENVIRON FACTOR,2
29355330,1,ENVIRON FACTOR,2
29355330,2,ENVIRON FACTOR,2
29357190,1,ENVIRON FACTOR,2
29357190,2,ENVIRON FACTOR,2
29369625,1,ENVIRON FACTOR,2
29369625,2,ENVIRON FACTOR,99
29369971,1,ENVIRON FACTOR,17
29369971,1,ENVIRON FACTOR,2
29369971,2,ENVIRON FACTOR,2
29375260,1,ENVIRON FACTOR,2
29375260,2,ENVIRON FACTOR,2
29375262,1,ENVIRON FACTOR,2
29375262,2,ENVIRON FACTOR,9
29375268,1,ENVIRON FACTOR,2
29375268,2,ENVIRON FACTOR,2
29375523,1,ENVIRON FACTOR,2
29375523,2,ENVIRON FACTOR,2
29375696,1,ENVIRON FACTOR,2
29375696,2,ENVIRON FACTOR,99
29378129,1,ENVIRON FACTOR,2
29378129,2,ENVIRON FACTOR,2
29382229,1,ENVIRON FACTOR,2
29382411,1,ENVIRON FACTOR,17
29382411,1,ENVIRON FACTOR,2
29382411,2,ENVIRON FACTOR,17
29396455,1,ENVIRON FACTOR,2
29396455,2,ENVIRON FACTOR,2
29405375,1,ENVIRON FACTOR,2
29405375,2,ENVIRON FACTOR,3
29406227,1,ENVIRON FACTOR,2
29406227,2,ENVIRON FACTOR,2
29409836,1,ENVIRON FACTOR,17
29409836,1,ENVIRON FACTOR,2
29409836,2,ENVIRON FACTOR,17
29409836,2,ENVIRON FACTOR,2
29409836,3,ENVIRON FACTOR,17
29409836,3,ENVIRON FACTOR,2
29417398,1,ENVIRON FACTOR,2
29417398,1,ENVIRON FACTOR,10
29436822,1,ENVIRON FACTOR,2
29436825,1,ENVIRON FACTOR,2
29436825,2,ENVIRON FACTOR,99
29443430,1,ENVIRON FACTOR,99
29443430,2,ENVIRON FACTOR,2
29461837,1,ENVIRON FACTOR,2
29475759,1,ENVIRON FACTOR,2
29477147,1,ENVIRON FACTOR,2
29477147,1,ENVIRON FACTOR,14
29477147,2,ENVIRON FACTOR,2
29477147,2,ENVIRON FACTOR,14
29483205,1,ENVIRON FACTOR,2
29537149,1,VEHICULAR FACTOR,99
29537149,2,HUMAN FACTOR,99
29537149,2,VEHICULAR FACTOR,99
29541060,1,HUMAN FACTOR,99
29541060,1,VEHICULAR FACTOR,99
29541060,2,HUMAN FACTOR,8
29541060,2,HUMAN FACTOR,17
29541060,2,VEHICULAR FACTOR,99
29545370,1,HUMAN FACTOR,17
29545370,1,VEHICULAR FACTOR,99
29545370,2,HUMAN FACTOR,99
29545370,2,VEHICULAR FACTOR,99
29545372,1,HUMAN FACTOR,14
29545372,1,VEHICULAR FACTOR,99
29545372,2,HUMAN FACTOR,99
29545372,2,VEHICULAR FACTOR,99
29557515,1,HUMAN FACTOR,18
29557515,1,VEHICULAR FACTOR,99
29557524,1,HUMAN FACTOR,14
29557524,1,VEHICULAR FACTOR,99
29557524,2,HUMAN FACTOR,99
29557524,2,VEHICULAR FACTOR,99
29557818,1,HUMAN FACTOR,14
29557818,1,HUMAN FACTOR,17
29557818,1,VEHICULAR FACTOR,99
29557818,2,HUMAN FACTOR,99
29557818,2,VEHICULAR FACTOR,99
29577208,1,HUMAN FACTOR,99
29577208,1,VEHICULAR FACTOR,8
29599899,1,HUMAN FACTOR,4
29599899,1,HUMAN FACTOR,14
29599899,1,HUMAN FACTOR,22
29599899,1,VEHICULAR FACTOR,99
29599899,2,HUMAN FACTOR,99
29599899,2,VEHICULAR FACTOR,99
29599899,3,HUMAN FACTOR,99
29599899,3,VEHICULAR FACTOR,99
29605173,1,HUMAN FACTOR,11
29605173,1,HUMAN FACTOR,14
29605173,1,VEHICULAR FACTOR,99
29605173,2,HUMAN FACTOR,99
29605173,2,VEHICULAR FACTOR,99
29619271,1,HUMAN FACTOR,8
29619271,1,HUMAN FACTOR,97
29619271,1,VEHICULAR FACTOR,99
29619271,2,HUMAN FACTOR,99
29619271,2,VEHICULAR FACTOR,99
29793756,1,HUMAN FACTOR,14
29793756,1,VEHICULAR FACTOR,99
29793756,2,HUMAN FACTOR,99
29793756,2,VEHICULAR FACTOR,99
30020713,1,HUMAN FACTOR,26
30020713,1,HUMAN FACTOR,97
30020713,1,VEHICULAR FACTOR,99
30020713,2,HUMAN FACTOR,99
30020713,2,VEHICULAR FACTOR,99
30298356,1,HUMAN FACTOR,2
30298356,1,HUMAN FACTOR,18
30298356,1,VEHICULAR FACTOR,99
30298356,2,HUMAN FACTOR,99
30298356,2,VEHICULAR FACTOR,99
30683964,1,HUMAN FACTOR,14
30683964,1,VEHICULAR FACTOR,99
30683964,2,HUMAN FACTOR,99
30683964,2,VEHICULAR FACTOR,99
28806731,2,VEHICULAR FACTOR,99
28807462,1,HUMAN FACTOR,14
28807462,1,VEHICULAR FACTOR,99
28807462,2,HUMAN FACTOR,99
28807462,2,VEHICULAR FACTOR,99
28815487,1,HUMAN FACTOR,99
28815487,1,VEHICULAR FACTOR,99
28825392,1,HUMAN FACTOR,18
28825392,1,VEHICULAR FACTOR,99
28852189,1,HUMAN FACTOR,99
28852189,1,VEHICULAR FACTOR,99
28852189,2,HUMAN FACTOR,97
28852189,2,VEHICULAR FACTOR,97
28854784,1,HUMAN FACTOR,22
28854784,1,VEHICULAR FACTOR,99
28854784,2,HUMAN FACTOR,99
28854784,2,VEHICULAR FACTOR,99
28859740,1,HUMAN FACTOR,11
28859740,1,HUMAN FACTOR,18
28859740,1,VEHICULAR FACTOR,99
28859740,2,HUMAN FACTOR,99
28859740,2,VEHICULAR FACTOR,99
28860192,1,HUMAN FACTOR,17
28860192,1,HUMAN FACTOR,18
28860192,1,VEHICULAR FACTOR,99
28860192,2,HUMAN FACTOR,99
28860192,2,VEHICULAR FACTOR,99
28882682,1,HUMAN FACTOR,97
28882682,1,VEHICULAR FACTOR,8
28882682,2,HUMAN FACTOR,99
28882682,2,VEHICULAR FACTOR,99
28888368,1,HUMAN FACTOR,97
28888368,1,VEHICULAR FACTOR,99
28888368,2,HUMAN FACTOR,97
28888368,2,VEHICULAR FACTOR,99
28899035,1,HUMAN FACTOR,26
28899035,1,VEHICULAR FACTOR,99
28899035,2,HUMAN FACTOR,99
28899035,2,VEHICULAR FACTOR,99
28899617,1,HUMAN FACTOR,99
28899617,1,VEHICULAR FACTOR,99
28899617,2,HUMAN FACTOR,99
28899617,2,VEHICULAR FACTOR,99
28899621,1,HUMAN FACTOR,14
28899621,1,VEHICULAR FACTOR,99
28899621,2,HUMAN FACTOR,99
28899621,2,VEHICULAR FACTOR,99
28901569,1,HUMAN FACTOR,17
28901569,1,VEHICULAR FACTOR,99
28901569,2,HUMAN FACTOR,99
28901569,2,VEHICULAR FACTOR,99
28901823,1,HUMAN FACTOR,99
28901823,1,VEHICULAR FACTOR,99
28902464,1,HUMAN FACTOR,14
29483205,2,ENVIRON FACTOR,2
29486332,1,ENVIRON FACTOR,2
29486332,2,ENVIRON FACTOR,2
29486503,1,ENVIRON FACTOR,2
29486503,2,ENVIRON FACTOR,2
29489187,1,ENVIRON FACTOR,2
29489187,2,ENVIRON FACTOR,99
29491631,1,ENVIRON FACTOR,2
29491631,1,ENVIRON FACTOR,11
29491631,2,ENVIRON FACTOR,2
29491631,2,ENVIRON FACTOR,11
29491631,3,ENVIRON FACTOR,2
29491631,3,ENVIRON FACTOR,11
29495470,1,ENVIRON FACTOR,2
29495470,2,ENVIRON FACTOR,2
29497603,1,ENVIRON FACTOR,9
29497603,2,ENVIRON FACTOR,2
29497603,3,ENVIRON FACTOR,2
29507341,1,ENVIRON FACTOR,2
29507341,2,ENVIRON FACTOR,99
29509624,1,ENVIRON FACTOR,2
29509624,1,ENVIRON FACTOR,14
29509624,2,ENVIRON FACTOR,2
29509624,2,ENVIRON FACTOR,14
29515712,1,ENVIRON FACTOR,2
29515712,2,ENVIRON FACTOR,2
29520442,1,ENVIRON FACTOR,2
29520442,2,ENVIRON FACTOR,2
29529287,1,ENVIRON FACTOR,2
29537146,1,ENVIRON FACTOR,2
29537146,2,ENVIRON FACTOR,2
29546784,1,ENVIRON FACTOR,2
29546784,2,ENVIRON FACTOR,2
29586748,1,ENVIRON FACTOR,2
29735490,1,ENVIRON FACTOR,2
29735490,2,ENVIRON FACTOR,2
29738890,1,ENVIRON FACTOR,2
29738890,1,ENVIRON FACTOR,5
29738890,2,ENVIRON FACTOR,2
30158942,1,ENVIRON FACTOR,2
30158942,2,ENVIRON FACTOR,99
32884082,1,ENVIRON FACTOR,2
32884082,2,ENVIRON FACTOR,99
28902464,1,VEHICULAR FACTOR,99
28902464,2,HUMAN FACTOR,99
28902464,2,VEHICULAR FACTOR,99
28903259,1,HUMAN FACTOR,14
28903259,1,HUMAN FACTOR,18
28903259,1,VEHICULAR FACTOR,99
28903259,2,HUMAN FACTOR,99
28903259,2,VEHICULAR FACTOR,99
28903415,1,HUMAN FACTOR,17
28903415,1,VEHICULAR FACTOR,99
28903415,2,HUMAN FACTOR,99
28903415,2,VEHICULAR FACTOR,97
28903741,1,HUMAN FACTOR,99
28903741,1,VEHICULAR FACTOR,99
28903741,2,HUMAN FACTOR,99
28903741,2,VEHICULAR FACTOR,99
28903741,3,HUMAN FACTOR,99
28903741,3,VEHICULAR FACTOR,99
28903742,1,HUMAN FACTOR,99
28903742,1,VEHICULAR FACTOR,1
28903742,2,HUMAN FACTOR,99
28903742,2,VEHICULAR FACTOR,99
28903748,1,HUMAN FACTOR,18
28903748,1,VEHICULAR FACTOR,99
28903748,2,HUMAN FACTOR,99
28903748,2,VEHICULAR FACTOR,99
28903748,3,HUMAN FACTOR,99
28903748,3,VEHICULAR FACTOR,99
28903748,4,HUMAN FACTOR,99
28903748,4,VEHICULAR FACTOR,99
28906838,1,HUMAN FACTOR,97
28906838,1,VEHICULAR FACTOR,99
28906838,2,HUMAN FACTOR,99
28906838,2,VEHICULAR FACTOR,99
28906838,3,HUMAN FACTOR,99
28906838,3,VEHICULAR FACTOR,99
28908048,1,HUMAN FACTOR,17
28908048,1,VEHICULAR FACTOR,99
28908048,2,HUMAN FACTOR,99
28908048,2,VEHICULAR FACTOR,99
28908048,3,HUMAN FACTOR,99
28908048,3,VEHICULAR FACTOR,99
28912432,1,HUMAN FACTOR,17
28912432,1,VEHICULAR FACTOR,99
28912432,2,HUMAN FACTOR,99
28912432,2,VEHICULAR FACTOR,99
28916029,1,HUMAN FACTOR,18
28916029,1,HUMAN FACTOR,19
28916029,1,HUMAN FACTOR,22
28916029,1,VEHICULAR FACTOR,1
28916029,2,HUMAN FACTOR,99
28916029,2,VEHICULAR FACTOR,99
28916029,3,HUMAN FACTOR,99
28916029,3,VEHICULAR FACTOR,99
28916536,1,HUMAN FACTOR,17
28916536,1,VEHICULAR FACTOR,99
28916536,2,HUMAN FACTOR,99
28916536,2,VEHICULAR FACTOR,99
28918941,1,HUMAN FACTOR,7
28918941,1,HUMAN FACTOR,14
28918941,1,HUMAN FACTOR,18
28918941,1,VEHICULAR FACTOR,99
28918941,2,HUMAN FACTOR,99
28918941,2,VEHICULAR FACTOR,99
28918941,3,HUMAN FACTOR,99
28918941,3,VEHICULAR FACTOR,99
28923194,1,HUMAN FACTOR,14
28923194,1,VEHICULAR FACTOR,99
28923194,2,HUMAN FACTOR,99
28923194,2,VEHICULAR FACTOR,99
28923212,1,HUMAN FACTOR,18
28923212,1,HUMAN FACTOR,19
28923212,1,VEHICULAR FACTOR,99
28925112,1,HUMAN FACTOR,8
28925112,1,HUMAN FACTOR,14
28925112,1,VEHICULAR FACTOR,99
28925112,2,HUMAN FACTOR,99
28925112,2,VEHICULAR FACTOR,99
28929689,1,HUMAN FACTOR,11
28929689,1,VEHICULAR FACTOR,99
28929689,2,HUMAN FACTOR,13
28929689,2,VEHICULAR FACTOR,99
28930211,1,HUMAN FACTOR,14
28930211,1,VEHICULAR FACTOR,99
28930211,2,HUMAN FACTOR,99
28930211,2,VEHICULAR FACTOR,99
28933840,1,HUMAN FACTOR,11
28933840,1,HUMAN FACTOR,18
28933840,1,VEHICULAR FACTOR,99
28933840,2,HUMAN FACTOR,99
28933840,2,VEHICULAR FACTOR,99
28934626,1,HUMAN FACTOR,9
28934626,1,VEHICULAR FACTOR,99
28935135,1,HUMAN FACTOR,14
28935135,1,VEHICULAR FACTOR,99
28935135,2,HUMAN FACTOR,99
28935135,2,VEHICULAR FACTOR,99
28937768,1,HUMAN FACTOR,4
28937768,1,VEHICULAR FACTOR,99
28937768,2,HUMAN FACTOR,4
28937768,2,VEHICULAR FACTOR,99
28937768,3,HUMAN FACTOR,99
28937768,3,VEHICULAR FACTOR,99
28937768,4,HUMAN FACTOR,99
28937768,4,VEHICULAR FACTOR,99
28941758,2,HUMAN FACTOR,99
28941758,2,VEHICULAR FACTOR,99
28941758,3,HUMAN FACTOR,99
28941758,3,VEHICULAR FACTOR,99
28944048,1,HUMAN FACTOR,17
28944048,1,VEHICULAR FACTOR,99
28944048,2,HUMAN FACTOR,99
28944048,2,VEHICULAR FACTOR,99
28944255,1,HUMAN FACTOR,99
28944255,1,VEHICULAR FACTOR,99
28956934,1,HUMAN FACTOR,11
28956934,1,VEHICULAR FACTOR,99
28956934,2,HUMAN FACTOR,99
28956934,2,VEHICULAR FACTOR,99
28991927,1,HUMAN FACTOR,11
28991927,1,VEHICULAR FACTOR,99
28991927,2,HUMAN FACTOR,11
28991927,2,VEHICULAR FACTOR,99
28991927,3,HUMAN FACTOR,11
28991927,3,VEHICULAR FACTOR,99
28991927,4,HUMAN FACTOR,99
28991927,4,VEHICULAR FACTOR,99
29077097,1,HUMAN FACTOR,12
29077097,1,HUMAN FACTOR,18
29077097,1,VEHICULAR FACTOR,99
29077097,2,HUMAN FACTOR,99
29077097,2,VEHICULAR FACTOR,99
29126368,1,HUMAN FACTOR,99
29126368,1,VEHICULAR FACTOR,99
29127254,1,HUMAN FACTOR,1
29127254,1,VEHICULAR FACTOR,99
29138045,1,HUMAN FACTOR,14
29138045,1,VEHICULAR FACTOR,99
29143403,1,HUMAN FACTOR,11
29143403,1,VEHICULAR FACTOR,99
29143403,2,HUMAN FACTOR,97
29143403,2,VEHICULAR FACTOR,99
29147193,1,HUMAN FACTOR,99
29147193,1,VEHICULAR FACTOR,1
29147193,2,HUMAN FACTOR,99
29147193,2,VEHICULAR FACTOR,99
29150008,1,HUMAN FACTOR,8
29150008,1,VEHICULAR FACTOR,99
29150008,2,HUMAN FACTOR,99
29150008,2,VEHICULAR FACTOR,99
29150721,1,HUMAN FACTOR,8
29150721,1,VEHICULAR FACTOR,99
29150721,2,HUMAN FACTOR,99
29150721,2,VEHICULAR FACTOR,99
29150779,1,HUMAN FACTOR,11
29150779,1,HUMAN FACTOR,14
29150779,1,VEHICULAR FACTOR,99
29150779,2,HUMAN FACTOR,99
29150779,2,VEHICULAR FACTOR,99
29150782,1,HUMAN FACTOR,14
29150782,1,VEHICULAR FACTOR,99
29150782,2,HUMAN FACTOR,14
29150782,2,VEHICULAR FACTOR,99
29162744,1,HUMAN FACTOR,14
29162744,1,HUMAN FACTOR,22
29162744,1,VEHICULAR FACTOR,99
29162744,2,HUMAN FACTOR,99
29162744,2,VEHICULAR FACTOR,99
29162758,1,HUMAN FACTOR,99
29162758,1,VEHICULAR FACTOR,99
29162758,2,HUMAN FACTOR,99
29162758,2,VEHICULAR FACTOR,99
29174461,1,HUMAN FACTOR,18
29174461,1,VEHICULAR FACTOR,99
29174461,2,HUMAN FACTOR,99
29174461,2,VEHICULAR FACTOR,99
29175499,1,HUMAN FACTOR,26
29175499,1,VEHICULAR FACTOR,99
29175499,2,HUMAN FACTOR,99
29175499,2,VEHICULAR FACTOR,99
29175836,1,HUMAN FACTOR,99
29175836,1,VEHICULAR FACTOR,7
29178213,1,HUMAN FACTOR,14
29178213,1,VEHICULAR FACTOR,99
29178213,2,HUMAN FACTOR,99
29178213,2,VEHICULAR FACTOR,99
29179136,1,HUMAN FACTOR,99
29179136,1,VEHICULAR FACTOR,99
29179678,1,HUMAN FACTOR,11
29179678,1,HUMAN FACTOR,14
29179678,1,VEHICULAR FACTOR,99
29179678,2,HUMAN FACTOR,99
29179678,2,VEHICULAR FACTOR,99
29181607,1,HUMAN FACTOR,18
29181607,1,VEHICULAR FACTOR,99
29182891,1,HUMAN FACTOR,17
29182891,1,VEHICULAR FACTOR,99
29182891,2,HUMAN FACTOR,99
29182891,2,VEHICULAR FACTOR,99
29183416,1,HUMAN FACTOR,11
29183416,1,VEHICULAR FACTOR,99
29183416,2,HUMAN FACTOR,99
29183416,2,VEHICULAR FACTOR,99
29184707,1,HUMAN FACTOR,17
29184707,1,VEHICULAR FACTOR,99
29184707,2,HUMAN FACTOR,99
29184707,2,VEHICULAR FACTOR,99
29185405,1,HUMAN FACTOR,14
29185405,1,VEHICULAR FACTOR,99
29185405,2,HUMAN FACTOR,99
29185405,2,VEHICULAR FACTOR,99
29185690,1,HUMAN FACTOR,18
29185690,1,VEHICULAR FACTOR,99
29185690,2,HUMAN FACTOR,99
29185690,2,VEHICULAR FACTOR,99
29187002,1,HUMAN FACTOR,1
29187002,1,HUMAN FACTOR,11
29187002,1,HUMAN FACTOR,17
29187002,1,VEHICULAR FACTOR,99
29187002,2,HUMAN FACTOR,99
29187002,2,VEHICULAR FACTOR,99
29187002,3,HUMAN FACTOR,99
29187002,3,VEHICULAR FACTOR,99
29187118,1,HUMAN FACTOR,11
29187118,1,HUMAN FACTOR,14
29187118,1,VEHICULAR FACTOR,99
29187118,2,HUMAN FACTOR,99
29187118,2,VEHICULAR FACTOR,99
29187132,1,HUMAN FACTOR,14
29187132,1,VEHICULAR FACTOR,99
29187132,2,HUMAN FACTOR,99
29187132,2,VEHICULAR FACTOR,99
29191498,1,HUMAN FACTOR,14
29191498,1,VEHICULAR FACTOR,99
29191498,2,HUMAN FACTOR,99
29191498,2,VEHICULAR FACTOR,99
29191505,1,HUMAN FACTOR,17
29191505,1,HUMAN FACTOR,97
29191505,1,VEHICULAR FACTOR,99
29191505,2,HUMAN FACTOR,99
29191505,2,VEHICULAR FACTOR,99
29197336,1,HUMAN FACTOR,8
29197336,1,HUMAN FACTOR,14
29197336,1,HUMAN FACTOR,19
29197336,1,VEHICULAR FACTOR,12
29197336,2,HUMAN FACTOR,99
29197336,2,VEHICULAR FACTOR,99
29197336,3,HUMAN FACTOR,99
29197336,3,VEHICULAR FACTOR,99
29198727,2,HUMAN FACTOR,97
29198727,2,VEHICULAR FACTOR,3
29198727,3,HUMAN FACTOR,99
29198727,3,VEHICULAR FACTOR,99
29198727,4,HUMAN FACTOR,99
29198727,4,VEHICULAR FACTOR,99
29198727,5,HUMAN FACTOR,99
29198727,5,VEHICULAR FACTOR,99
29199513,1,HUMAN FACTOR,14
29199513,1,VEHICULAR FACTOR,99
29199513,2,HUMAN FACTOR,99
29199513,2,VEHICULAR FACTOR,99
29239574,2,HUMAN FACTOR,17
29239574,2,VEHICULAR FACTOR,99
29244825,1,HUMAN FACTOR,17
29244825,1,VEHICULAR FACTOR,99
29244825,2,HUMAN FACTOR,99
29244825,2,VEHICULAR FACTOR,99
29245860,1,HUMAN FACTOR,17
29245860,1,VEHICULAR FACTOR,99
29253186,1,HUMAN FACTOR,14
29253186,1,VEHICULAR FACTOR,99
29253186,2,HUMAN FACTOR,99
29253186,2,VEHICULAR FACTOR,99
29290529,1,HUMAN FACTOR,18
29290529,1,VEHICULAR FACTOR,99
29290529,2,HUMAN FACTOR,99
29290529,2,VEHICULAR FACTOR,99
29303994,1,HUMAN FACTOR,18
29303994,1,VEHICULAR FACTOR,99
29303994,2,HUMAN FACTOR,11
29303994,2,VEHICULAR FACTOR,99
29304145,1,HUMAN FACTOR,17
29304145,1,VEHICULAR FACTOR,99
29304145,2,HUMAN FACTOR,99
29304145,2,VEHICULAR FACTOR,99
29304347,1,HUMAN FACTOR,14
29304347,1,VEHICULAR FACTOR,99
29304347,2,HUMAN FACTOR,99
29304347,2,VEHICULAR FACTOR,99
29313247,1,HUMAN FACTOR,3
29313247,1,HUMAN FACTOR,14
29313247,1,VEHICULAR FACTOR,99
29313247,2,HUMAN FACTOR,99
29313247,2,VEHICULAR FACTOR,99
29313247,3,HUMAN FACTOR,99
29313247,3,VEHICULAR FACTOR,99
29331818,1,HUMAN FACTOR,99
29331818,1,VEHICULAR FACTOR,99
29331818,2,HUMAN FACTOR,99
29331818,2,VEHICULAR FACTOR,99
29337851,1,HUMAN FACTOR,8
29337851,1,VEHICULAR FACTOR,99
29337851,2,HUMAN FACTOR,97
29337851,2,VEHICULAR FACTOR,99
29339902,1,HUMAN FACTOR,14
29339902,1,VEHICULAR FACTOR,99
29339902,2,HUMAN FACTOR,99
29339902,2,VEHICULAR FACTOR,99
29344891,1,HUMAN FACTOR,4
29344891,1,VEHICULAR FACTOR,99
29344891,2,HUMAN FACTOR,99
29344891,2,VEHICULAR FACTOR,99
29344990,1,HUMAN FACTOR,7
29344990,1,HUMAN FACTOR,18
29344990,1,VEHICULAR FACTOR,99
29344990,2,HUMAN FACTOR,99
29344990,2,VEHICULAR FACTOR,99
29349595,1,HUMAN FACTOR,14
29349595,1,VEHICULAR FACTOR,99
29349595,2,HUMAN FACTOR,14
29349595,2,VEHICULAR FACTOR,99
29355323,1,HUMAN FACTOR,99
29355323,1,VEHICULAR FACTOR,99
29355323,2,HUMAN FACTOR,99
29355323,2,VEHICULAR FACTOR,99
29355330,1,HUMAN FACTOR,14
29355330,1,VEHICULAR FACTOR,99
29355330,2,HUMAN FACTOR,99
29355330,2,VEHICULAR FACTOR,99
29357190,1,HUMAN FACTOR,14
29357190,1,HUMAN FACTOR,17
29357190,1,VEHICULAR FACTOR,99
29357190,2,HUMAN FACTOR,99
29357190,2,VEHICULAR FACTOR,99
29369625,1,HUMAN FACTOR,14
29369625,1,VEHICULAR FACTOR,99
29369625,2,HUMAN FACTOR,99
29369625,2,VEHICULAR FACTOR,99
29369971,1,HUMAN FACTOR,12
29369971,1,VEHICULAR FACTOR,99
29369971,2,HUMAN FACTOR,99
29369971,2,VEHICULAR FACTOR,99
29375260,1,HUMAN FACTOR,11
29375260,1,VEHICULAR FACTOR,99
29375260,2,HUMAN FACTOR,99
29375260,2,VEHICULAR FACTOR,99
29375262,1,HUMAN FACTOR,11
29375262,1,VEHICULAR FACTOR,99
29375262,2,HUMAN FACTOR,99
29375262,2,VEHICULAR FACTOR,99
29375268,1,HUMAN FACTOR,18
29375268,1,VEHICULAR FACTOR,99
29375268,2,HUMAN FACTOR,99
29375268,2,VEHICULAR FACTOR,99
29375523,1,HUMAN FACTOR,8
29375523,1,VEHICULAR FACTOR,99
29375523,2,HUMAN FACTOR,99
29375523,2,VEHICULAR FACTOR,97
29375696,1,HUMAN FACTOR,8
29375696,1,VEHICULAR FACTOR,99
29375696,2,HUMAN FACTOR,99
29375696,2,VEHICULAR FACTOR,99
29378129,1,HUMAN FACTOR,11
29378129,1,HUMAN FACTOR,14
29378129,1,VEHICULAR FACTOR,99
29378129,2,HUMAN FACTOR,99
29378129,2,VEHICULAR FACTOR,99
29382229,1,HUMAN FACTOR,18
29382229,1,VEHICULAR FACTOR,99
29382411,1,HUMAN FACTOR,3
29382411,1,HUMAN FACTOR,11
29382411,1,HUMAN FACTOR,14
29382411,1,VEHICULAR FACTOR,99
29382411,2,HUMAN FACTOR,14
29382411,2,VEHICULAR FACTOR,99
29396455,1,HUMAN FACTOR,14
29396455,1,VEHICULAR FACTOR,99
29396455,2,HUMAN FACTOR,99
29396455,2,VEHICULAR FACTOR,99
29405375,1,HUMAN FACTOR,14
29405375,1,VEHICULAR FACTOR,99
29405375,2,HUMAN FACTOR,14
29405375,2,HUMAN FACTOR,17
29405375,2,VEHICULAR FACTOR,99
29406227,1,HUMAN FACTOR,97
29406227,1,VEHICULAR FACTOR,99
29406227,2,HUMAN FACTOR,97
29406227,2,VEHICULAR FACTOR,99
29409836,1,HUMAN FACTOR,14
29409836,1,VEHICULAR FACTOR,99
29409836,2,HUMAN FACTOR,99
29409836,2,VEHICULAR FACTOR,99
29409836,3,HUMAN FACTOR,99
29409836,3,VEHICULAR FACTOR,99
29417398,1,HUMAN FACTOR,99
29417398,1,VEHICULAR FACTOR,99
29436822,1,HUMAN FACTOR,19
29436822,1,VEHICULAR FACTOR,99
29436825,1,HUMAN FACTOR,14
29436825,1,VEHICULAR FACTOR,99
29436825,2,HUMAN FACTOR,99
29436825,2,VEHICULAR FACTOR,99
29443430,1,HUMAN FACTOR,8
29443430,1,VEHICULAR FACTOR,99
29443430,2,HUMAN FACTOR,99
29443430,2,VEHICULAR FACTOR,99
29461837,1,HUMAN FACTOR,2
29461837,1,HUMAN FACTOR,14
29461837,1,VEHICULAR FACTOR,99
29475759,1,HUMAN FACTOR,17
29475759,1,VEHICULAR FACTOR,99
29477147,1,HUMAN FACTOR,11
29477147,1,HUMAN FACTOR,14
29477147,1,VEHICULAR FACTOR,99
29477147,2,HUMAN FACTOR,99
29477147,2,VEHICULAR FACTOR,99
29483205,1,HUMAN FACTOR,14
29483205,1,VEHICULAR FACTOR,99
29483205,2,HUMAN FACTOR,99
29483205,2,VEHICULAR FACTOR,99
29486332,1,HUMAN FACTOR,11
29486332,1,HUMAN FACTOR,14
29486332,1,VEHICULAR FACTOR,99
29486332,2,HUMAN FACTOR,11
29486332,2,VEHICULAR FACTOR,99
29486503,1,HUMAN FACTOR,17
29486503,1,VEHICULAR FACTOR,99
29486503,2,HUMAN FACTOR,99
29486503,2,VEHICULAR FACTOR,99
29489187,1,HUMAN FACTOR,8
29489187,1,HUMAN FACTOR,14
29489187,1,VEHICULAR FACTOR,99
29489187,2,HUMAN FACTOR,99
29489187,2,VEHICULAR FACTOR,99
29491631,1,HUMAN FACTOR,18
29491631,1,VEHICULAR FACTOR,99
29491631,2,HUMAN FACTOR,99
29491631,2,VEHICULAR FACTOR,99
29491631,3,HUMAN FACTOR,18
29491631,3,VEHICULAR FACTOR,99
29495470,1,HUMAN FACTOR,26
29495470,1,VEHICULAR FACTOR,99
29495470,2,HUMAN FACTOR,99
29495470,2,VEHICULAR FACTOR,99
29497603,1,HUMAN FACTOR,13
29497603,1,HUMAN FACTOR,14
29497603,1,HUMAN FACTOR,17
29497603,1,VEHICULAR FACTOR,99
29497603,2,HUMAN FACTOR,99
29497603,2,VEHICULAR FACTOR,99
29497603,3,HUMAN FACTOR,99
29497603,3,VEHICULAR FACTOR,99
29507341,1,HUMAN FACTOR,14
29507341,1,VEHICULAR FACTOR,99
29507341,2,HUMAN FACTOR,99
29507341,2,VEHICULAR FACTOR,99
29509624,1,HUMAN FACTOR,26
29509624,1,VEHICULAR FACTOR,99
29509624,2,HUMAN FACTOR,99
29509624,2,VEHICULAR FACTOR,99
29515712,1,HUMAN FACTOR,17
29515712,1,VEHICULAR FACTOR,99
29515712,2,HUMAN FACTOR,99
29515712,2,VEHICULAR FACTOR,99
29520442,1,HUMAN FACTOR,14
29520442,1,HUMAN FACTOR,17
29520442,1,VEHICULAR FACTOR,99
29520442,2,HUMAN FACTOR,99
29520442,2,VEHICULAR FACTOR,99
29529287,1,HUMAN FACTOR,26
29529287,1,HUMAN FACTOR,14
29529287,1,HUMAN FACTOR,18
29529287,1,VEHICULAR FACTOR,99
29537146,1,HUMAN FACTOR,11
29537146,1,HUMAN FACTOR,17
29537146,1,VEHICULAR FACTOR,99
29537146,2,HUMAN FACTOR,99
29537146,2,VEHICULAR FACTOR,99
29546784,1,HUMAN FACTOR,14
29546784,1,VEHICULAR FACTOR,99
29546784,2,HUMAN FACTOR,99
29546784,2,VEHICULAR FACTOR,99
29586748,1,HUMAN FACTOR,99
29586748,1,VEHICULAR FACTOR,99
29735490,1,HUMAN FACTOR,11
29735490,1,VEHICULAR FACTOR,99
29735490,2,HUMAN FACTOR,99
29735490,2,VEHICULAR FACTOR,99
29738890,1,HUMAN FACTOR,99
29738890,1,VEHICULAR FACTOR,99
29738890,2,HUMAN FACTOR,99
29738890,2,VEHICULAR FACTOR,99
30158942,1,HUMAN FACTOR,99
30158942,1,VEHICULAR FACTOR,99
30158942,2,HUMAN FACTOR,99
30158942,2,VEHICULAR FACTOR,99
32884082,1,HUMAN FACTOR,14
32884082,1,VEHICULAR FACTOR,99
32884082,2,HUMAN FACTOR,99
32884082,2,VEHICULAR FACTOR,99
30997483,1,ENVIRON FACTOR,2
30997483,1,ENVIRON FACTOR,97
31057990,1,ENVIRON FACTOR,2
31067570,1,ENVIRON FACTOR,2
31067570,2,ENVIRON FACTOR,2
31067787,1,ENVIRON FACTOR,2
31067787,1,ENVIRON FACTOR,9
31067787,2,ENVIRON FACTOR,9
31069164,1,ENVIRON FACTOR,2
31069164,2,ENVIRON FACTOR,2
31069291,1,ENVIRON FACTOR,2
31069291,2,ENVIRON FACTOR,2
31086756,1,ENVIRON FACTOR,2
31086756,2,ENVIRON FACTOR,99
31089412,1,ENVIRON FACTOR,2
31089412,1,ENVIRON FACTOR,14
31089412,2,ENVIRON FACTOR,2
31089412,2,ENVIRON FACTOR,14
31089437,1,ENVIRON FACTOR,2
31089437,1,ENVIRON FACTOR,97
31089437,2,ENVIRON FACTOR,99
31100643,1,ENVIRON FACTOR,2
31100659,1,ENVIRON FACTOR,2
31100689,1,ENVIRON FACTOR,2
31100689,2,ENVIRON FACTOR,2
31100692,1,ENVIRON FACTOR,2
31100692,2,ENVIRON FACTOR,2
31116411,1,ENVIRON FACTOR,2
31116411,2,ENVIRON FACTOR,2
31117260,1,ENVIRON FACTOR,2
31126327,1,ENVIRON FACTOR,11
31126327,2,ENVIRON FACTOR,2
31126327,2,ENVIRON FACTOR,11
31141490,1,ENVIRON FACTOR,2
31141490,1,ENVIRON FACTOR,9
31143988,1,ENVIRON FACTOR,2
31143988,2,ENVIRON FACTOR,2
31150112,1,ENVIRON FACTOR,2
31150112,1,ENVIRON FACTOR,16
31150112,2,ENVIRON FACTOR,99
31152468,1,ENVIRON FACTOR,2
31152468,2,ENVIRON FACTOR,2
31175671,1,ENVIRON FACTOR,2
31175671,2,ENVIRON FACTOR,2
31177564,1,ENVIRON FACTOR,2
31183207,1,ENVIRON FACTOR,2
31183207,1,ENVIRON FACTOR,4
31193600,1,ENVIRON FACTOR,17
31193600,1,ENVIRON FACTOR,2
31193600,2,ENVIRON FACTOR,17
31193600,2,ENVIRON FACTOR,2
31193600,3,ENVIRON FACTOR,17
31193600,3,ENVIRON FACTOR,2
31193600,4,ENVIRON FACTOR,17
31193600,4,ENVIRON FACTOR,2
31193600,5,ENVIRON FACTOR,17
31193600,5,ENVIRON FACTOR,2
31193600,6,ENVIRON FACTOR,17
31193600,6,ENVIRON FACTOR,2
31193600,7,ENVIRON FACTOR,17
31193600,7,ENVIRON FACTOR,2
31204849,1,ENVIRON FACTOR,2
31204849,2,ENVIRON FACTOR,2
31204858,1,ENVIRON FACTOR,99
31204858,2,ENVIRON FACTOR,2
31204862,1,ENVIRON FACTOR,2
31204862,2,ENVIRON FACTOR,2
31204939,2,ENVIRON FACTOR,2
31204998,1,ENVIRON FACTOR,2
31204998,2,ENVIRON FACTOR,2
31215638,1,ENVIRON FACTOR,2
31215638,2,ENVIRON FACTOR,2
31215638,3,ENVIRON FACTOR,2
31217420,1,ENVIRON FACTOR,2
31217420,2,ENVIRON FACTOR,99
31228912,1,ENVIRON FACTOR,2
31228912,2,ENVIRON FACTOR,2
31233366,1,ENVIRON FACTOR,2
31233366,2,ENVIRON FACTOR,2
31233368,1,ENVIRON FACTOR,2
31233368,2,ENVIRON FACTOR,2
31233370,1,ENVIRON FACTOR,2
31233370,2,ENVIRON FACTOR,2
31233370,3,ENVIRON FACTOR,2
31234916,1,ENVIRON FACTOR,2
31234916,2,ENVIRON FACTOR,2
31242750,1,ENVIRON FACTOR,2
31242750,2,ENVIRON FACTOR,99
31242769,1,ENVIRON FACTOR,17
31242769,1,ENVIRON FACTOR,2
31242769,2,ENVIRON FACTOR,17
31242769,2,ENVIRON FACTOR,2
31242895,1,ENVIRON FACTOR,2
31242895,2,ENVIRON FACTOR,2
31248147,1,ENVIRON FACTOR,2
31248147,2,ENVIRON FACTOR,2
31258296,1,ENVIRON FACTOR,17
31258296,1,ENVIRON FACTOR,2
31258296,2,ENVIRON FACTOR,17
31258296,2,ENVIRON FACTOR,2
31258840,1,ENVIRON FACTOR,9
31258840,2,ENVIRON FACTOR,2
31258840,2,ENVIRON FACTOR,97
31261945,1,ENVIRON FACTOR,17
31261945,1,ENVIRON FACTOR,2
31261945,2,ENVIRON FACTOR,17
31261945,2,ENVIRON FACTOR,2
31262213,1,ENVIRON FACTOR,2
31262213,2,ENVIRON FACTOR,99
31265874,1,ENVIRON FACTOR,2
31265874,1,ENVIRON FACTOR,4
31265874,1,ENVIRON FACTOR,16
31265874,2,ENVIRON FACTOR,99
31268789,1,ENVIRON FACTOR,2
31268789,1,ENVIRON FACTOR,11
31268789,2,ENVIRON FACTOR,2
31268789,2,ENVIRON FACTOR,11
31268789,3,ENVIRON FACTOR,2
31268947,1,ENVIRON FACTOR,2
31268947,2,ENVIRON FACTOR,2
31268947,3,ENVIRON FACTOR,2
31269994,1,ENVIRON FACTOR,2
31270884,1,ENVIRON FACTOR,2
31270884,2,ENVIRON FACTOR,99
31274024,1,ENVIRON FACTOR,2
31274024,1,ENVIRON FACTOR,97
31276875,1,ENVIRON FACTOR,2
31277256,1,ENVIRON FACTOR,2
31281143,1,ENVIRON FACTOR,2
31281143,2,ENVIRON FACTOR,2
31283833,1,ENVIRON FACTOR,97
31283833,2,ENVIRON FACTOR,2
31287459,2,ENVIRON FACTOR,2
31287459,1,ENVIRON FACTOR,9
31289142,1,ENVIRON FACTOR,2
31290950,1,ENVIRON FACTOR,2
31294892,1,ENVIRON FACTOR,2
31294892,1,ENVIRON FACTOR,11
31294892,2,ENVIRON FACTOR,2
31294892,2,ENVIRON FACTOR,11
31294892,3,ENVIRON FACTOR,2
31294892,3,ENVIRON FACTOR,11
31303319,1,ENVIRON FACTOR,2
31303319,2,ENVIRON FACTOR,99
31306014,1,ENVIRON FACTOR,17
31306014,1,ENVIRON FACTOR,2
31306014,2,ENVIRON FACTOR,17
31306014,2,ENVIRON FACTOR,2
31310556,1,ENVIRON FACTOR,2
31310556,1,ENVIRON FACTOR,97
31310556,2,ENVIRON FACTOR,2
31310556,2,ENVIRON FACTOR,97
31314237,1,ENVIRON FACTOR,2
31314237,1,ENVIRON FACTOR,3
31315270,1,ENVIRON FACTOR,2
31320478,1,ENVIRON FACTOR,2
31320478,1,ENVIRON FACTOR,11
31320478,2,ENVIRON FACTOR,2
31320478,2,ENVIRON FACTOR,11
31322914,1,ENVIRON FACTOR,2
31322914,2,ENVIRON FACTOR,2
31327211,1,ENVIRON FACTOR,2
31327211,2,ENVIRON FACTOR,99
31328001,1,ENVIRON FACTOR,2
31328001,1,ENVIRON FACTOR,7
31328001,2,ENVIRON FACTOR,7
31331077,1,ENVIRON FACTOR,2
31336158,1,ENVIRON FACTOR,2
31336158,1,ENVIRON FACTOR,97
31336158,2,ENVIRON FACTOR,2
31336158,2,ENVIRON FACTOR,97
31338582,1,ENVIRON FACTOR,2
31338582,2,ENVIRON FACTOR,2
31351170,1,ENVIRON FACTOR,2
31351170,1,ENVIRON FACTOR,9
31351170,2,ENVIRON FACTOR,9
31351170,3,ENVIRON FACTOR,9
31351170,4,ENVIRON FACTOR,9
31352117,1,ENVIRON FACTOR,2
31352117,2,ENVIRON FACTOR,2
31352946,1,ENVIRON FACTOR,2
31352946,1,ENVIRON FACTOR,12
31352946,2,ENVIRON FACTOR,2
31357011,1,ENVIRON FACTOR,2
31357011,2,ENVIRON FACTOR,99
31357493,1,ENVIRON FACTOR,2
31357493,2,ENVIRON FACTOR,2
31358449,1,ENVIRON FACTOR,2
31358449,1,ENVIRON FACTOR,11
31358449,2,ENVIRON FACTOR,2
31358449,2,ENVIRON FACTOR,11
31369590,1,ENVIRON FACTOR,2
31369590,2,ENVIRON FACTOR,2
31371172,1,ENVIRON FACTOR,2
31373017,1,ENVIRON FACTOR,2
31373017,2,ENVIRON FACTOR,99
31373871,1,ENVIRON FACTOR,2
31373871,2,ENVIRON FACTOR,2
31374624,1,ENVIRON FACTOR,2
31374624,2,ENVIRON FACTOR,2
31374624,3,ENVIRON FACTOR,2
31380114,1,ENVIRON FACTOR,2
31380114,2,ENVIRON FACTOR,2
31383296,1,ENVIRON FACTOR,17
31383296,1,ENVIRON FACTOR,2
31383296,2,ENVIRON FACTOR,17
31383296,2,ENVIRON FACTOR,2
31385162,1,ENVIRON FACTOR,2
31385162,1,ENVIRON FACTOR,97
31385162,2,ENVIRON FACTOR,2
31385162,2,ENVIRON FACTOR,97
31388548,1,ENVIRON FACTOR,2
31388548,1,ENVIRON FACTOR,5
31388548,2,ENVIRON FACTOR,2
31388548,3,ENVIRON FACTOR,2
31388548,3,ENVIRON FACTOR,5
31388637,1,ENVIRON FACTOR,17
31388637,1,ENVIRON FACTOR,2
31388637,2,ENVIRON FACTOR,17
31388637,2,ENVIRON FACTOR,2
31388814,2,ENVIRON FACTOR,99
31388814,1,ENVIRON FACTOR,2
31392461,1,ENVIRON FACTOR,2
31393251,1,ENVIRON FACTOR,2
31393251,2,ENVIRON FACTOR,2
31393251,3,ENVIRON FACTOR,2
31393848,1,ENVIRON FACTOR,2
31393848,2,ENVIRON FACTOR,2
31393848,3,ENVIRON FACTOR,2
31394631,1,ENVIRON FACTOR,2
31394631,2,ENVIRON FACTOR,2
31399418,1,ENVIRON FACTOR,2
31399418,2,ENVIRON FACTOR,99
31400477,1,ENVIRON FACTOR,97
31400477,2,ENVIRON FACTOR,2
31400906,1,ENVIRON FACTOR,2
31400906,1,ENVIRON FACTOR,9
31400906,2,ENVIRON FACTOR,2
31402676,1,ENVIRON FACTOR,2
31402676,2,ENVIRON FACTOR,2
31403467,1,ENVIRON FACTOR,2
31403467,2,ENVIRON FACTOR,99
31411884,1,ENVIRON FACTOR,2
31411884,1,ENVIRON FACTOR,3
31417092,1,ENVIRON FACTOR,2
31418555,1,ENVIRON FACTOR,2
31423602,1,ENVIRON FACTOR,2
31423602,2,ENVIRON FACTOR,2
31426467,1,ENVIRON FACTOR,2
31426467,2,ENVIRON FACTOR,2
31429937,1,ENVIRON FACTOR,2
31429937,2,ENVIRON FACTOR,2
31437911,1,ENVIRON FACTOR,2
31437911,1,ENVIRON FACTOR,11
31437911,2,ENVIRON FACTOR,2
31441959,1,ENVIRON FACTOR,2
31441959,2,ENVIRON FACTOR,2
31442377,1,ENVIRON FACTOR,2
31442377,2,ENVIRON FACTOR,2
31445065,1,ENVIRON FACTOR,2
31450618,1,ENVIRON FACTOR,2
31450618,2,ENVIRON FACTOR,2
31453898,1,ENVIRON FACTOR,2
31453898,1,ENVIRON FACTOR,3
31460521,1,ENVIRON FACTOR,2
31460521,2,ENVIRON FACTOR,99
31462582,1,ENVIRON FACTOR,2
31469503,1,ENVIRON FACTOR,2
31469503,1,ENVIRON FACTOR,9
31469503,2,ENVIRON FACTOR,2
31469581,1,ENVIRON FACTOR,2
31469581,2,ENVIRON FACTOR,99
31470541,1,ENVIRON FACTOR,2
31470541,2,ENVIRON FACTOR,99
31473988,1,ENVIRON FACTOR,2
31474285,1,ENVIRON FACTOR,2
31474285,1,ENVIRON FACTOR,11
31474285,2,ENVIRON FACTOR,99
31474327,1,ENVIRON FACTOR,17
31474327,1,ENVIRON FACTOR,2
31474327,2,ENVIRON FACTOR,17
31474327,2,ENVIRON FACTOR,2
31474327,3,ENVIRON FACTOR,17
31474327,3,ENVIRON FACTOR,2
31474334,1,ENVIRON FACTOR,2
31474334,2,ENVIRON FACTOR,2
31474946,1,ENVIRON FACTOR,2
31474946,1,ENVIRON FACTOR,3
31479041,1,ENVIRON FACTOR,2
31479041,2,ENVIRON FACTOR,99
31480085,1,ENVIRON FACTOR,2
31480085,2,ENVIRON FACTOR,2
31480136,1,ENVIRON FACTOR,2
31480136,2,ENVIRON FACTOR,2
31482132,1,ENVIRON FACTOR,2
31482132,2,ENVIRON FACTOR,2
31482135,1,ENVIRON FACTOR,2
31482135,2,ENVIRON FACTOR,2
31482621,1,ENVIRON FACTOR,2
31482621,2,ENVIRON FACTOR,2
31487265,1,ENVIRON FACTOR,2
31487265,2,ENVIRON FACTOR,2
31487265,3,ENVIRON FACTOR,2
31487834,1,ENVIRON FACTOR,2
31487834,2,ENVIRON FACTOR,2
31490063,1,ENVIRON FACTOR,2
31490063,2,ENVIRON FACTOR,17
31490576,1,ENVIRON FACTOR,2
31490576,2,ENVIRON FACTOR,2
31490824,1,ENVIRON FACTOR,2
31490824,1,ENVIRON FACTOR,12
31490824,2,ENVIRON FACTOR,99
31490824,3,ENVIRON FACTOR,2
31490824,3,ENVIRON FACTOR,12
31493145,1,ENVIRON FACTOR,2
31493838,1,ENVIRON FACTOR,2
31493838,2,ENVIRON FACTOR,2
31498443,1,ENVIRON FACTOR,2
31498443,2,ENVIRON FACTOR,2
31499641,1,ENVIRON FACTOR,2
31499641,2,ENVIRON FACTOR,99
31505280,1,ENVIRON FACTOR,2
31505280,2,ENVIRON FACTOR,2
31505454,1,ENVIRON FACTOR,2
31505454,2,ENVIRON FACTOR,2
31510470,1,ENVIRON FACTOR,2
31510470,2,ENVIRON FACTOR,2
31511974,1,ENVIRON FACTOR,2
31511974,2,ENVIRON FACTOR,2
31513360,1,ENVIRON FACTOR,2
31513360,2,ENVIRON FACTOR,2
31515691,1,ENVIRON FACTOR,2
31515691,1,ENVIRON FACTOR,6
31516501,1,ENVIRON FACTOR,99
31516501,2,ENVIRON FACTOR,2
31516501,2,ENVIRON FACTOR,99
31519311,1,ENVIRON FACTOR,2
31519311,2,ENVIRON FACTOR,2
31519311,3,ENVIRON FACTOR,2
31519311,4,ENVIRON FACTOR,2
31521476,1,ENVIRON FACTOR,2
31521476,2,ENVIRON FACTOR,2
31521476,3,ENVIRON FACTOR,2
31521476,4,ENVIRON FACTOR,2
31521477,1,ENVIRON FACTOR,2
31521477,2,ENVIRON FACTOR,2
31521751,1,ENVIRON FACTOR,2
31521751,2,ENVIRON FACTOR,99
31526964,1,ENVIRON FACTOR,2
31526964,2,ENVIRON FACTOR,99
31529219,1,ENVIRON FACTOR,2
31529219,2,ENVIRON FACTOR,2
31529219,3,ENVIRON FACTOR,2
31529219,4,ENVIRON FACTOR,2
31529502,1,ENVIRON FACTOR,2
31530391,1,ENVIRON FACTOR,2
31530391,2,ENVIRON FACTOR,2
31536973,1,ENVIRON FACTOR,2
31536973,2,ENVIRON FACTOR,99
31537669,1,ENVIRON FACTOR,2
31537669,1,ENVIRON FACTOR,9
31537669,2,ENVIRON FACTOR,9
31539233,1,ENVIRON FACTOR,2
31539233,2,ENVIRON FACTOR,99
31539455,1,ENVIRON FACTOR,2
31539455,2,ENVIRON FACTOR,2
31542557,1,ENVIRON FACTOR,2
31542557,2,ENVIRON FACTOR,2
31544410,1,ENVIRON FACTOR,2
31544410,1,ENVIRON FACTOR,9
31544410,2,ENVIRON FACTOR,2
31547684,1,ENVIRON FACTOR,2
31547684,2,ENVIRON FACTOR,99
31549938,1,ENVIRON FACTOR,2
31549938,2,ENVIRON FACTOR,17
31549938,2,ENVIRON FACTOR,2
31549938,3,ENVIRON FACTOR,2
31552674,1,ENVIRON FACTOR,2
31552674,2,ENVIRON FACTOR,2
31552749,1,ENVIRON FACTOR,2
31552749,2,ENVIRON FACTOR,2
31553063,1,ENVIRON FACTOR,2
31553063,2,ENVIRON FACTOR,2
31561524,1,ENVIRON FACTOR,2
31561524,2,ENVIRON FACTOR,2
31566238,1,ENVIRON FACTOR,2
31566238,2,ENVIRON FACTOR,2
31567304,1,ENVIRON FACTOR,99
31567304,2,ENVIRON FACTOR,2
31567355,2,ENVIRON FACTOR,2
31567374,1,ENVIRON FACTOR,17
31567374,1,ENVIRON FACTOR,2
31567374,2,ENVIRON FACTOR,17
31567374,3,ENVIRON FACTOR,17
31567374,4,ENVIRON FACTOR,17
31567374,5,ENVIRON FACTOR,17
31567391,1,ENVIRON FACTOR,2
31567391,2,ENVIRON FACTOR,99
31567454,1,ENVIRON FACTOR,2
31567454,1,ENVIRON FACTOR,9
31567454,2,ENVIRON FACTOR,2
31573041,1,ENVIRON FACTOR,2
31573041,1,ENVIRON FACTOR,12
31573041,2,ENVIRON FACTOR,2
31574000,1,ENVIRON FACTOR,9
31574000,2,ENVIRON FACTOR,2
31581802,1,ENVIRON FACTOR,2
31581802,2,ENVIRON FACTOR,99
31582331,1,ENVIRON FACTOR,2
31582331,2,ENVIRON FACTOR,2
31582767,1,ENVIRON FACTOR,2
31582767,1,ENVIRON FACTOR,97
31582767,2,ENVIRON FACTOR,99
31582767,3,ENVIRON FACTOR,99
31587668,1,ENVIRON FACTOR,2
31587668,2,ENVIRON FACTOR,2
31588409,1,ENVIRON FACTOR,2
31588409,2,ENVIRON FACTOR,2
31592245,1,ENVIRON FACTOR,2
31592245,1,ENVIRON FACTOR,3
31592245,2,ENVIRON FACTOR,2
31592245,2,ENVIRON FACTOR,3
31593657,1,ENVIRON FACTOR,2
31593657,2,ENVIRON FACTOR,2
31593657,3,ENVIRON FACTOR,2
31593657,4,ENVIRON FACTOR,2
31593659,1,ENVIRON FACTOR,2
31593659,2,ENVIRON FACTOR,2
31593659,3,ENVIRON FACTOR,2
31593659,4,ENVIRON FACTOR,2
31594912,1,ENVIRON FACTOR,2
31594912,1,ENVIRON FACTOR,10
31595007,1,ENVIRON FACTOR,2
31595007,2,ENVIRON FACTOR,2
31595611,1,ENVIRON FACTOR,2
31598946,1,ENVIRON FACTOR,2
31598946,2,ENVIRON FACTOR,2
31598946,3,ENVIRON FACTOR,2
31598946,4,ENVIRON FACTOR,2
31598946,5,ENVIRON FACTOR,2
31602865,1,ENVIRON FACTOR,2
31602865,1,ENVIRON FACTOR,97
31605265,1,ENVIRON FACTOR,9
31605265,2,ENVIRON FACTOR,2
31605287,1,ENVIRON FACTOR,2
31605287,2,ENVIRON FACTOR,99
31605296,1,ENVIRON FACTOR,99
31605296,2,ENVIRON FACTOR,2
31605645,1,ENVIRON FACTOR,17
31605645,1,ENVIRON FACTOR,2
31605645,2,ENVIRON FACTOR,17
31605645,2,ENVIRON FACTOR,2
31606386,1,ENVIRON FACTOR,2
31606386,2,ENVIRON FACTOR,2
31609340,1,ENVIRON FACTOR,2
31609340,2,ENVIRON FACTOR,99
31610123,1,ENVIRON FACTOR,2
31610123,2,ENVIRON FACTOR,2
31613215,1,ENVIRON FACTOR,2
31613215,2,ENVIRON FACTOR,2
31613462,1,ENVIRON FACTOR,2
31613462,2,ENVIRON FACTOR,2
31613850,1,ENVIRON FACTOR,2
31613850,2,ENVIRON FACTOR,2
31614492,1,ENVIRON FACTOR,2
31614492,2,ENVIRON FACTOR,17
31614492,2,ENVIRON FACTOR,2
31617145,1,ENVIRON FACTOR,2
31617145,2,ENVIRON FACTOR,2
31619018,1,ENVIRON FACTOR,2
31619307,1,ENVIRON FACTOR,2
31619308,1,ENVIRON FACTOR,2
31619308,2,ENVIRON FACTOR,2
31619308,3,ENVIRON FACTOR,2
31623134,1,ENVIRON FACTOR,2
31623594,1,ENVIRON FACTOR,2
31624988,1,ENVIRON FACTOR,2
31624988,2,ENVIRON FACTOR,2
31624988,3,ENVIRON FACTOR,2
31624988,4,ENVIRON FACTOR,2
31626302,1,ENVIRON FACTOR,17
31626302,1,ENVIRON FACTOR,2
31628511,2,ENVIRON FACTOR,2
31628511,3,ENVIRON FACTOR,2
31628511,1,ENVIRON FACTOR,2
31629524,1,ENVIRON FACTOR,2
31629524,1,ENVIRON FACTOR,9
31629524,2,ENVIRON FACTOR,99
31629600,1,ENVIRON FACTOR,2
31630358,2,ENVIRON FACTOR,17
31630358,2,ENVIRON FACTOR,2
31630689,1,ENVIRON FACTOR,2
31630689,2,ENVIRON FACTOR,2
31632269,1,ENVIRON FACTOR,2
31632269,2,ENVIRON FACTOR,2
31632570,1,ENVIRON FACTOR,2
31632570,2,ENVIRON FACTOR,2
31635161,1,ENVIRON FACTOR,17
31635161,1,ENVIRON FACTOR,2
31635161,2,ENVIRON FACTOR,17
31635161,2,ENVIRON FACTOR,2
31635247,1,ENVIRON FACTOR,2
31635791,1,ENVIRON FACTOR,2
31635791,1,ENVIRON FACTOR,10
31636107,1,ENVIRON FACTOR,2
31636107,2,ENVIRON FACTOR,2
31636547,1,ENVIRON FACTOR,2
31636547,2,ENVIRON FACTOR,2
31636750,1,ENVIRON FACTOR,2
31636750,2,ENVIRON FACTOR,99
31637686,1,ENVIRON FACTOR,2
31637686,2,ENVIRON FACTOR,2
31641097,1,ENVIRON FACTOR,2
31641097,1,ENVIRON FACTOR,3
31641486,1,ENVIRON FACTOR,2
31641486,2,ENVIRON FACTOR,2
31644933,1,ENVIRON FACTOR,2
31644933,2,ENVIRON FACTOR,2
31646435,1,ENVIRON FACTOR,2
31646435,2,ENVIRON FACTOR,2
31648200,1,ENVIRON FACTOR,2
31648200,2,ENVIRON FACTOR,99
31648500,1,ENVIRON FACTOR,17
31648500,1,ENVIRON FACTOR,2
31648500,2,ENVIRON FACTOR,2
31648500,3,ENVIRON FACTOR,2
31648500,4,ENVIRON FACTOR,2
31648500,5,ENVIRON FACTOR,2
31650181,1,ENVIRON FACTOR,2
31650181,2,ENVIRON FACTOR,2
31653350,1,ENVIRON FACTOR,2
31653350,2,ENVIRON FACTOR,2
31658420,1,ENVIRON FACTOR,2
31658420,2,ENVIRON FACTOR,2
31658423,1,ENVIRON FACTOR,2
31658423,2,ENVIRON FACTOR,2
31659552,1,ENVIRON FACTOR,17
31659552,1,ENVIRON FACTOR,2
31659552,2,ENVIRON FACTOR,17
31659552,2,ENVIRON FACTOR,2
31659552,3,ENVIRON FACTOR,17
31659552,3,ENVIRON FACTOR,2
31659610,1,ENVIRON FACTOR,17
31659610,1,ENVIRON FACTOR,2
31659610,2,ENVIRON FACTOR,17
31659610,2,ENVIRON FACTOR,2
31659610,3,ENVIRON FACTOR,17
31659610,3,ENVIRON FACTOR,2
31659652,1,ENVIRON FACTOR,2
31659652,2,ENVIRON FACTOR,2
31659663,1,ENVIRON FACTOR,2
31659663,2,ENVIRON FACTOR,2
31659695,1,ENVIRON FACTOR,2
31659695,2,ENVIRON FACTOR,99
31660567,1,ENVIRON FACTOR,2
31660567,2,ENVIRON FACTOR,99
31665930,1,ENVIRON FACTOR,2
31665930,2,ENVIRON FACTOR,2
31665967,1,ENVIRON FACTOR,2
31665967,2,ENVIRON FACTOR,2
31667886,1,ENVIRON FACTOR,2
31667886,2,ENVIRON FACTOR,99
31670443,1,ENVIRON FACTOR,17
31670443,1,ENVIRON FACTOR,2
31670443,2,ENVIRON FACTOR,17
31670443,2,ENVIRON FACTOR,2
31671343,1,ENVIRON FACTOR,2
31671343,2,ENVIRON FACTOR,2
31672191,1,ENVIRON FACTOR,2
31672191,1,ENVIRON FACTOR,13
31673598,1,ENVIRON FACTOR,2
31675646,1,ENVIRON FACTOR,2
31675646,2,ENVIRON FACTOR,2
31679182,1,ENVIRON FACTOR,2
31679182,2,ENVIRON FACTOR,99
31681024,1,ENVIRON FACTOR,17
31681024,1,ENVIRON FACTOR,2
31681024,2,ENVIRON FACTOR,17
31681024,2,ENVIRON FACTOR,2
31681024,3,ENVIRON FACTOR,17
31681024,3,ENVIRON FACTOR,2
31681024,4,ENVIRON FACTOR,17
31681024,4,ENVIRON FACTOR,2
31681024,5,ENVIRON FACTOR,17
31681024,5,ENVIRON FACTOR,2
31681165,1,ENVIRON FACTOR,2
31681165,2,ENVIRON FACTOR,99
31685074,1,ENVIRON FACTOR,2
31685074,2,ENVIRON FACTOR,2
31690705,1,ENVIRON FACTOR,2
31690705,2,ENVIRON FACTOR,2
31692373,1,ENVIRON FACTOR,17
31692373,1,ENVIRON FACTOR,2
31692373,2,ENVIRON FACTOR,17
31692373,2,ENVIRON FACTOR,2
31692926,1,ENVIRON FACTOR,2
31692926,2,ENVIRON FACTOR,99
31692958,1,ENVIRON FACTOR,17
31692958,1,ENVIRON FACTOR,2
31692958,2,ENVIRON FACTOR,17
31692958,2,ENVIRON FACTOR,2
31695339,1,ENVIRON FACTOR,17
31695339,1,ENVIRON FACTOR,2
31695339,2,ENVIRON FACTOR,17
31695339,2,ENVIRON FACTOR,2
31695549,1,ENVIRON FACTOR,2
31695549,2,ENVIRON FACTOR,2
31696026,1,ENVIRON FACTOR,2
31696026,1,ENVIRON FACTOR,3
31698361,1,ENVIRON FACTOR,2
31698361,1,ENVIRON FACTOR,3
31701533,1,ENVIRON FACTOR,2
31701533,2,ENVIRON FACTOR,2
31701999,1,ENVIRON FACTOR,2
31701999,2,ENVIRON FACTOR,99
31702022,1,ENVIRON FACTOR,2
31702022,2,ENVIRON FACTOR,2
31707364,1,ENVIRON FACTOR,2
31707364,2,ENVIRON FACTOR,2
31707396,1,ENVIRON FACTOR,2
31707396,2,ENVIRON FACTOR,2
31707396,2,ENVIRON FACTOR,97
31707549,1,ENVIRON FACTOR,2
31707549,2,ENVIRON FACTOR,99
31709606,1,ENVIRON FACTOR,2
31709606,2,ENVIRON FACTOR,2
31711642,1,ENVIRON FACTOR,2
31711642,2,ENVIRON FACTOR,99
31713340,1,ENVIRON FACTOR,2
31713340,2,ENVIRON FACTOR,2
31714232,1,ENVIRON FACTOR,17
31714232,1,ENVIRON FACTOR,2
31714232,2,ENVIRON FACTOR,17
31714232,2,ENVIRON FACTOR,2
31716255,1,ENVIRON FACTOR,2
31716255,2,ENVIRON FACTOR,2
31716255,3,ENVIRON FACTOR,9
31716255,3,ENVIRON FACTOR,16
31721315,1,ENVIRON FACTOR,9
31721315,2,ENVIRON FACTOR,2
31721315,2,ENVIRON FACTOR,9
31721315,3,ENVIRON FACTOR,2
31723930,1,ENVIRON FACTOR,2
31724706,1,ENVIRON FACTOR,2
31724706,2,ENVIRON FACTOR,2
31728454,1,ENVIRON FACTOR,2
31728454,2,ENVIRON FACTOR,2
31730145,1,ENVIRON FACTOR,2
31730145,2,ENVIRON FACTOR,2
31731081,1,ENVIRON FACTOR,2
31731311,1,ENVIRON FACTOR,2
31731311,2,ENVIRON FACTOR,2
31735695,1,ENVIRON FACTOR,2
31735695,2,ENVIRON FACTOR,99
31736618,1,ENVIRON FACTOR,99
31736618,2,ENVIRON FACTOR,2
31737436,1,ENVIRON FACTOR,2
31737436,2,ENVIRON FACTOR,2
31739198,1,ENVIRON FACTOR,2
31739198,1,ENVIRON FACTOR,13
31739506,1,ENVIRON FACTOR,2
31739506,2,ENVIRON FACTOR,2
31742606,1,ENVIRON FACTOR,2
31742606,2,ENVIRON FACTOR,99
31742606,3,ENVIRON FACTOR,99
31742872,1,ENVIRON FACTOR,99
31742872,2,ENVIRON FACTOR,2
31742872,2,ENVIRON FACTOR,97
31745510,1,ENVIRON FACTOR,2
31745510,2,ENVIRON FACTOR,99
31747957,1,ENVIRON FACTOR,2
31747957,2,ENVIRON FACTOR,99
31748417,1,ENVIRON FACTOR,2
31748417,1,ENVIRON FACTOR,3
31748420,1,ENVIRON FACTOR,2
31748420,2,ENVIRON FACTOR,99
31748646,1,ENVIRON FACTOR,99
31748646,2,ENVIRON FACTOR,2
31750828,1,ENVIRON FACTOR,2
31750828,2,ENVIRON FACTOR,2
31753757,1,ENVIRON FACTOR,2
31753757,2,ENVIRON FACTOR,2
31753783,1,ENVIRON FACTOR,2
31753783,2,ENVIRON FACTOR,2
31754381,1,ENVIRON FACTOR,2
31754381,2,ENVIRON FACTOR,2
31756812,1,ENVIRON FACTOR,2
31756812,2,ENVIRON FACTOR,2
31759136,1,ENVIRON FACTOR,17
31759136,1,ENVIRON FACTOR,2
31759136,2,ENVIRON FACTOR,17
31759136,2,ENVIRON FACTOR,2
31759418,1,ENVIRON FACTOR,2
31759418,2,ENVIRON FACTOR,2
31759489,1,ENVIRON FACTOR,2
31759489,2,ENVIRON FACTOR,2
31760047,2,ENVIRON FACTOR,2
31760352,1,ENVIRON FACTOR,2
31760352,2,ENVIRON FACTOR,2
31764360,1,ENVIRON FACTOR,2
31764360,2,ENVIRON FACTOR,2
31764380,1,ENVIRON FACTOR,2
31764380,2,ENVIRON FACTOR,2
31770323,1,ENVIRON FACTOR,2
31770323,2,ENVIRON FACTOR,2
31770378,1,ENVIRON FACTOR,2
31770378,2,ENVIRON FACTOR,2
31771985,1,ENVIRON FACTOR,17
31771985,1,ENVIRON FACTOR,2
31771985,2,ENVIRON FACTOR,17
31771985,2,ENVIRON FACTOR,2
31775856,1,ENVIRON FACTOR,2
31777794,1,ENVIRON FACTOR,2
31783029,1,ENVIRON FACTOR,2
31783029,1,ENVIRON FACTOR,9
31784616,1,ENVIRON FACTOR,2
31784616,2,ENVIRON FACTOR,2
31784616,3,ENVIRON FACTOR,2
31784616,4,ENVIRON FACTOR,2
31784765,1,ENVIRON FACTOR,2
31784765,2,ENVIRON FACTOR,99
31785166,1,ENVIRON FACTOR,2
31785549,1,ENVIRON FACTOR,2
31785549,2,ENVIRON FACTOR,2
31785787,1,ENVIRON FACTOR,17
31785787,1,ENVIRON FACTOR,2
31785787,2,ENVIRON FACTOR,2
31786777,1,ENVIRON FACTOR,2
31786777,2,ENVIRON FACTOR,2
31787746,1,ENVIRON FACTOR,2
31787746,2,ENVIRON FACTOR,2
31789965,1,ENVIRON FACTOR,99
31789965,2,ENVIRON FACTOR,2
31791551,1,ENVIRON FACTOR,2
31791551,2,ENVIRON FACTOR,2
31794682,1,ENVIRON FACTOR,2
31795016,1,ENVIRON FACTOR,2
31795016,2,ENVIRON FACTOR,99
31795029,1,ENVIRON FACTOR,2
31795029,2,ENVIRON FACTOR,2
31795041,1,ENVIRON FACTOR,2
31799332,1,ENVIRON FACTOR,2
31799332,2,ENVIRON FACTOR,2
31801941,1,ENVIRON FACTOR,2
31801941,2,ENVIRON FACTOR,2
31802079,1,ENVIRON FACTOR,2
31803756,1,ENVIRON FACTOR,17
31803756,1,ENVIRON FACTOR,2
31803756,2,ENVIRON FACTOR,99
31803772,1,ENVIRON FACTOR,2
31803772,2,ENVIRON FACTOR,2
31805389,1,ENVIRON FACTOR,2
31805389,2,ENVIRON FACTOR,99
31805406,1,ENVIRON FACTOR,2
31805406,2,ENVIRON FACTOR,99
31813441,1,ENVIRON FACTOR,99
31813441,2,ENVIRON FACTOR,99
31813441,3,ENVIRON FACTOR,2
31813754,1,ENVIRON FACTOR,2
31813754,2,ENVIRON FACTOR,2
31813846,1,ENVIRON FACTOR,2
31813846,2,ENVIRON FACTOR,99
31813916,1,ENVIRON FACTOR,2
31813916,1,ENVIRON FACTOR,6
31814360,1,ENVIRON FACTOR,2
31814360,1,ENVIRON FACTOR,97
31814360,2,ENVIRON FACTOR,2
31814577,1,ENVIRON FACTOR,2
31814577,2,ENVIRON FACTOR,2
31814577,3,ENVIRON FACTOR,2
31814577,4,ENVIRON FACTOR,2
31814577,5,ENVIRON FACTOR,2
31814577,6,ENVIRON FACTOR,2
31814577,7,ENVIRON FACTOR,2
31814577,8,ENVIRON FACTOR,2
31815667,1,ENVIRON FACTOR,2
31815667,2,ENVIRON FACTOR,99
31816220,1,ENVIRON FACTOR,2
31816220,2,ENVIRON FACTOR,2
31816456,1,ENVIRON FACTOR,2
31816456,2,ENVIRON FACTOR,2
31820285,1,ENVIRON FACTOR,2
31820285,2,ENVIRON FACTOR,99
31821115,1,ENVIRON FACTOR,2
31821115,2,ENVIRON FACTOR,2
31823285,1,ENVIRON FACTOR,2
31823285,2,ENVIRON FACTOR,99
31823671,1,ENVIRON FACTOR,2
31823671,2,ENVIRON FACTOR,2
31823963,1,ENVIRON FACTOR,2
31823963,2,ENVIRON FACTOR,2
31824250,1,ENVIRON FACTOR,2
31824250,2,ENVIRON FACTOR,99
31825283,1,ENVIRON FACTOR,2
31825283,2,ENVIRON FACTOR,2
31825283,3,ENVIRON FACTOR,2
31828071,1,ENVIRON FACTOR,2
31828582,1,ENVIRON FACTOR,17
31828582,1,ENVIRON FACTOR,2
31828582,2,ENVIRON FACTOR,17
31828582,2,ENVIRON FACTOR,2
31828822,1,ENVIRON FACTOR,2
31828822,2,ENVIRON FACTOR,2
31831449,1,ENVIRON FACTOR,2
31831449,2,ENVIRON FACTOR,2
31831449,3,ENVIRON FACTOR,2
31831452,1,ENVIRON FACTOR,2
31831452,2,ENVIRON FACTOR,2
31831453,1,ENVIRON FACTOR,2
31831453,2,ENVIRON FACTOR,2
31831455,1,ENVIRON FACTOR,2
31831455,2,ENVIRON FACTOR,2
31834371,1,ENVIRON FACTOR,2
31834371,2,ENVIRON FACTOR,2
31836883,1,ENVIRON FACTOR,17
31836883,1,ENVIRON FACTOR,2
31836883,2,ENVIRON FACTOR,17
31836883,2,ENVIRON FACTOR,2
31836883,3,ENVIRON FACTOR,17
31836883,3,ENVIRON FACTOR,2
31836884,1,ENVIRON FACTOR,17
31836884,1,ENVIRON FACTOR,2
31836884,2,ENVIRON FACTOR,17
31836884,2,ENVIRON FACTOR,2
31836884,3,ENVIRON FACTOR,17
31836884,3,ENVIRON FACTOR,2
31836884,4,ENVIRON FACTOR,17
31836884,4,ENVIRON FACTOR,2
31836884,5,ENVIRON FACTOR,17
31836884,5,ENVIRON FACTOR,2
31840757,1,ENVIRON FACTOR,2
31840757,2,ENVIRON FACTOR,2
31840757,3,ENVIRON FACTOR,2
31840757,4,ENVIRON FACTOR,2
31840785,1,ENVIRON FACTOR,2
31840785,1,ENVIRON FACTOR,11
31840785,2,ENVIRON FACTOR,11
31841652,1,ENVIRON FACTOR,2
31843068,1,ENVIRON FACTOR,2
31843068,2,ENVIRON FACTOR,2
31843068,3,ENVIRON FACTOR,2
31843076,1,ENVIRON FACTOR,2
31843076,2,ENVIRON FACTOR,2
31843084,1,ENVIRON FACTOR,2
31843084,2,ENVIRON FACTOR,2
31843353,1,ENVIRON FACTOR,2
31843353,2,ENVIRON FACTOR,2
31843354,1,ENVIRON FACTOR,2
31843354,2,ENVIRON FACTOR,2
31846006,1,ENVIRON FACTOR,2
31846006,2,ENVIRON FACTOR,2
31847414,1,ENVIRON FACTOR,2
31847414,2,ENVIRON FACTOR,2
31849398,1,ENVIRON FACTOR,17
31849398,1,ENVIRON FACTOR,2
31849398,2,ENVIRON FACTOR,2
31852482,1,ENVIRON FACTOR,2
31852760,1,ENVIRON FACTOR,2
31852760,2,ENVIRON FACTOR,2
31852964,1,ENVIRON FACTOR,2
31852964,2,ENVIRON FACTOR,2
31852964,3,ENVIRON FACTOR,2
31856567,1,ENVIRON FACTOR,7
31856567,2,ENVIRON FACTOR,2
31856901,1,ENVIRON FACTOR,2
31857453,1,ENVIRON FACTOR,2
31857453,2,ENVIRON FACTOR,2
31858459,1,ENVIRON FACTOR,2
31858459,2,ENVIRON FACTOR,2
31861022,1,ENVIRON FACTOR,2
31861022,2,ENVIRON FACTOR,2
31861700,1,ENVIRON FACTOR,9
31861700,2,ENVIRON FACTOR,2
31862262,1,ENVIRON FACTOR,17
31862262,1,ENVIRON FACTOR,2
31862262,2,ENVIRON FACTOR,99
31864390,1,ENVIRON FACTOR,2
31864390,2,ENVIRON FACTOR,2
31866026,1,ENVIRON FACTOR,2
31866026,2,ENVIRON FACTOR,99
31866053,1,ENVIRON FACTOR,2
31867981,1,ENVIRON FACTOR,2
31867981,2,ENVIRON FACTOR,97
31868638,1,ENVIRON FACTOR,2
31868638,2,ENVIRON FACTOR,2
31868922,1,ENVIRON FACTOR,2
31868922,1,ENVIRON FACTOR,11
31870018,1,ENVIRON FACTOR,2
31870018,1,ENVIRON FACTOR,6
31871448,1,ENVIRON FACTOR,2
31871448,2,ENVIRON FACTOR,2
31872362,1,ENVIRON FACTOR,2
31872362,2,ENVIRON FACTOR,2
31872857,1,ENVIRON FACTOR,2
31872857,2,ENVIRON FACTOR,2
31872857,3,ENVIRON FACTOR,2
31874139,1,ENVIRON FACTOR,2
31876881,1,ENVIRON FACTOR,2
31876881,2,ENVIRON FACTOR,2
31878053,1,ENVIRON FACTOR,2
31878053,1,ENVIRON FACTOR,6
31881210,1,ENVIRON FACTOR,2
31881210,2,ENVIRON FACTOR,99
31882095,1,ENVIRON FACTOR,99
31882095,2,ENVIRON FACTOR,2
31882095,2,ENVIRON FACTOR,16
31883506,1,ENVIRON FACTOR,2
31883506,2,ENVIRON FACTOR,2
31884890,1,ENVIRON FACTOR,2
31884890,2,ENVIRON FACTOR,2
31885648,1,ENVIRON FACTOR,2
31885648,2,ENVIRON FACTOR,99
31886823,1,ENVIRON FACTOR,2
31890939,1,ENVIRON FACTOR,2
31890939,2,ENVIRON FACTOR,2
31890939,3,ENVIRON FACTOR,99
31891426,1,ENVIRON FACTOR,2
31892915,1,ENVIRON FACTOR,2
31893537,1,ENVIRON FACTOR,2
31893537,2,ENVIRON FACTOR,2
31893537,2,ENVIRON FACTOR,9
31893537,3,ENVIRON FACTOR,2
31893537,4,ENVIRON FACTOR,2
31893537,5,ENVIRON FACTOR,2
31895193,1,ENVIRON FACTOR,2
31895193,2,ENVIRON FACTOR,2
31896428,1,ENVIRON FACTOR,2
31896428,2,ENVIRON FACTOR,2
31896428,3,ENVIRON FACTOR,2
31897362,1,ENVIRON FACTOR,2
31898162,1,ENVIRON FACTOR,17
31898162,1,ENVIRON FACTOR,2
31898162,2,ENVIRON FACTOR,2
31898163,1,ENVIRON FACTOR,2
31898163,2,ENVIRON FACTOR,2
31898164,1,ENVIRON FACTOR,2
31898164,2,ENVIRON FACTOR,99
31899488,1,ENVIRON FACTOR,2
31899488,1,ENVIRON FACTOR,12
31899488,2,ENVIRON FACTOR,2
31900490,1,ENVIRON FACTOR,2
31900490,2,ENVIRON FACTOR,2
31900490,3,ENVIRON FACTOR,2
31900490,4,ENVIRON FACTOR,2
31900492,1,ENVIRON FACTOR,2
31900492,2,ENVIRON FACTOR,2
31902031,1,ENVIRON FACTOR,2
31902031,2,ENVIRON FACTOR,2
31902118,1,ENVIRON FACTOR,2
31902118,2,ENVIRON FACTOR,99
31903235,1,ENVIRON FACTOR,2
31903235,2,ENVIRON FACTOR,2
31903376,1,ENVIRON FACTOR,2
31903970,1,ENVIRON FACTOR,2
31903970,1,ENVIRON FACTOR,9
31906261,1,ENVIRON FACTOR,2
31906261,2,ENVIRON FACTOR,9
31906521,1,ENVIRON FACTOR,2
31906521,2,ENVIRON FACTOR,2
31907056,1,ENVIRON FACTOR,2
31907056,2,ENVIRON FACTOR,2
31909279,1,ENVIRON FACTOR,2
31910679,1,ENVIRON FACTOR,2
31913576,1,ENVIRON FACTOR,2
31913576,2,ENVIRON FACTOR,2
31913576,3,ENVIRON FACTOR,2
31916353,1,ENVIRON FACTOR,2
31916353,2,ENVIRON FACTOR,2
31916412,1,ENVIRON FACTOR,2
31916412,2,ENVIRON FACTOR,99
31917034,1,ENVIRON FACTOR,2
31917034,2,ENVIRON FACTOR,2
31918122,1,ENVIRON FACTOR,2
31918122,2,ENVIRON FACTOR,2
31918575,1,ENVIRON FACTOR,2
31918575,2,ENVIRON FACTOR,2
31922673,1,ENVIRON FACTOR,2
31923398,1,ENVIRON FACTOR,2
31923398,2,ENVIRON FACTOR,2
31924555,1,ENVIRON FACTOR,2
31924555,2,ENVIRON FACTOR,2
31924556,1,ENVIRON FACTOR,2
31924556,2,ENVIRON FACTOR,9
31925580,1,ENVIRON FACTOR,2
31925580,2,ENVIRON FACTOR,99
31926583,1,ENVIRON FACTOR,17
31926583,1,ENVIRON FACTOR,2
31926583,2,ENVIRON FACTOR,99
31926583,3,ENVIRON FACTOR,17
31926583,3,ENVIRON FACTOR,2
31930767,1,ENVIRON FACTOR,17
31930767,1,ENVIRON FACTOR,2
31930767,2,ENVIRON FACTOR,17
31930767,2,ENVIRON FACTOR,2
31930767,3,ENVIRON FACTOR,17
31930767,3,ENVIRON FACTOR,2
31931520,1,ENVIRON FACTOR,2
31931520,2,ENVIRON FACTOR,2
31931593,1,ENVIRON FACTOR,2
31931593,2,ENVIRON FACTOR,2
31931599,1,ENVIRON FACTOR,2
31931599,2,ENVIRON FACTOR,2
31931662,1,ENVIRON FACTOR,2
31932156,1,ENVIRON FACTOR,2
31932156,1,ENVIRON FACTOR,12
31932156,2,ENVIRON FACTOR,99
31932711,1,ENVIRON FACTOR,2
31932711,2,ENVIRON FACTOR,2
31932712,1,ENVIRON FACTOR,2
31932712,2,ENVIRON FACTOR,2
31932835,1,ENVIRON FACTOR,2
31933057,1,ENVIRON FACTOR,2
31933070,1,ENVIRON FACTOR,2
31933070,2,ENVIRON FACTOR,2
31937255,1,ENVIRON FACTOR,2
31937255,2,ENVIRON FACTOR,99
31937255,3,ENVIRON FACTOR,99
31950275,1,ENVIRON FACTOR,2
31950275,2,ENVIRON FACTOR,2
31951159,1,ENVIRON FACTOR,2
31951159,2,ENVIRON FACTOR,2
31951164,1,ENVIRON FACTOR,17
31951164,1,ENVIRON FACTOR,2
31951164,2,ENVIRON FACTOR,17
31951164,2,ENVIRON FACTOR,2
31951869,1,ENVIRON FACTOR,2
31951869,2,ENVIRON FACTOR,2
31953637,1,ENVIRON FACTOR,2
31953637,2,ENVIRON FACTOR,2
31954251,1,ENVIRON FACTOR,2
31954251,2,ENVIRON FACTOR,2
31965957,1,ENVIRON FACTOR,2
31965957,2,ENVIRON FACTOR,2
31965969,1,ENVIRON FACTOR,17
31965969,1,ENVIRON FACTOR,2
31965983,1,ENVIRON FACTOR,2
31965983,2,ENVIRON FACTOR,2
31966917,1,ENVIRON FACTOR,2
31966917,2,ENVIRON FACTOR,2
31967432,2,ENVIRON FACTOR,2
31969009,1,ENVIRON FACTOR,2
31969009,2,ENVIRON FACTOR,2
31969009,3,ENVIRON FACTOR,2
31969506,1,ENVIRON FACTOR,2
31969506,2,ENVIRON FACTOR,2
31970697,1,ENVIRON FACTOR,2
31970942,1,ENVIRON FACTOR,2
31970942,1,ENVIRON FACTOR,9
31970942,2,ENVIRON FACTOR,2
31970979,1,ENVIRON FACTOR,2
31970979,2,ENVIRON FACTOR,2
31971086,1,ENVIRON FACTOR,2
31971086,2,ENVIRON FACTOR,2
31971086,3,ENVIRON FACTOR,2
31971086,4,ENVIRON FACTOR,2
31972405,1,ENVIRON FACTOR,2
31972405,2,ENVIRON FACTOR,2
31973278,1,ENVIRON FACTOR,2
31973318,1,ENVIRON FACTOR,2
31973318,2,ENVIRON FACTOR,2
31973319,1,ENVIRON FACTOR,2
31973319,2,ENVIRON FACTOR,2
31975686,1,ENVIRON FACTOR,2
31975686,2,ENVIRON FACTOR,2
31976392,1,ENVIRON FACTOR,2
31976392,2,ENVIRON FACTOR,17
31976392,2,ENVIRON FACTOR,2
31978113,1,ENVIRON FACTOR,2
31978113,2,ENVIRON FACTOR,2
31978985,1,ENVIRON FACTOR,2
31978985,2,ENVIRON FACTOR,2
31981323,1,ENVIRON FACTOR,2
31981323,2,ENVIRON FACTOR,2
31981342,1,ENVIRON FACTOR,17
31981342,1,ENVIRON FACTOR,2
31981342,2,ENVIRON FACTOR,17
31981342,2,ENVIRON FACTOR,2
31981531,1,ENVIRON FACTOR,2
31981531,2,ENVIRON FACTOR,99
31981976,1,ENVIRON FACTOR,2
31981976,1,ENVIRON FACTOR,9
31982991,1,ENVIRON FACTOR,2
31982991,2,ENVIRON FACTOR,2
31983137,2,ENVIRON FACTOR,99
31983137,1,ENVIRON FACTOR,2
31983198,1,ENVIRON FACTOR,2
31983198,2,ENVIRON FACTOR,2
31984466,1,ENVIRON FACTOR,2
31984466,2,ENVIRON FACTOR,2
31984639,1,ENVIRON FACTOR,2
31984639,2,ENVIRON FACTOR,2
31986434,1,ENVIRON FACTOR,2
31986434,2,ENVIRON FACTOR,2
31988934,1,ENVIRON FACTOR,2
31988934,2,ENVIRON FACTOR,2
31989592,1,ENVIRON FACTOR,2
31989592,2,ENVIRON FACTOR,2
31991429,1,ENVIRON FACTOR,2
31991429,2,ENVIRON FACTOR,2
31991429,3,ENVIRON FACTOR,2
31991511,1,ENVIRON FACTOR,2
31991511,2,ENVIRON FACTOR,2
31992496,1,ENVIRON FACTOR,2
31993383,1,ENVIRON FACTOR,2
31993383,1,ENVIRON FACTOR,3
31993383,2,ENVIRON FACTOR,99
31993818,1,ENVIRON FACTOR,2
31993818,2,ENVIRON FACTOR,2
31994198,1,ENVIRON FACTOR,2
31994486,1,ENVIRON FACTOR,2
31996861,1,ENVIRON FACTOR,2
31996861,2,ENVIRON FACTOR,99
31997124,1,ENVIRON FACTOR,2
31997124,2,ENVIRON FACTOR,2
31997200,1,ENVIRON FACTOR,2
31997200,1,ENVIRON FACTOR,14
31997200,2,ENVIRON FACTOR,2
31997200,2,ENVIRON FACTOR,14
32001135,1,ENVIRON FACTOR,2
32001135,2,ENVIRON FACTOR,2
32001353,1,ENVIRON FACTOR,2
32001353,2,ENVIRON FACTOR,2
32002014,1,ENVIRON FACTOR,2
32002014,2,ENVIRON FACTOR,2
32004072,1,ENVIRON FACTOR,2
32004072,2,ENVIRON FACTOR,99
32005966,1,ENVIRON FACTOR,2
32005966,2,ENVIRON FACTOR,2
32005966,3,ENVIRON FACTOR,2
32006010,1,ENVIRON FACTOR,2
32009582,1,ENVIRON FACTOR,2
32009582,2,ENVIRON FACTOR,2
32009582,3,ENVIRON FACTOR,2
32012862,1,ENVIRON FACTOR,2
32012862,2,ENVIRON FACTOR,2
32018077,1,ENVIRON FACTOR,2
32020095,1,ENVIRON FACTOR,2
32020095,2,ENVIRON FACTOR,2
32021724,1,ENVIRON FACTOR,2
32022084,1,ENVIRON FACTOR,2
32022084,2,ENVIRON FACTOR,99
32023249,1,ENVIRON FACTOR,2
32023249,2,ENVIRON FACTOR,2
32023847,1,ENVIRON FACTOR,2
32023847,2,ENVIRON FACTOR,99
32024053,1,ENVIRON FACTOR,2
32024053,2,ENVIRON FACTOR,2
32026189,1,ENVIRON FACTOR,2
32026189,2,ENVIRON FACTOR,2
32026439,1,ENVIRON FACTOR,2
32026439,2,ENVIRON FACTOR,2
32026658,1,ENVIRON FACTOR,2
32026876,1,ENVIRON FACTOR,2
32026876,2,ENVIRON FACTOR,99
32026945,1,ENVIRON FACTOR,2
32027051,1,ENVIRON FACTOR,2
32027051,1,ENVIRON FACTOR,3
32027438,1,ENVIRON FACTOR,2
32027458,1,ENVIRON FACTOR,2
32027458,2,ENVIRON FACTOR,2
32028472,1,ENVIRON FACTOR,2
32028472,2,ENVIRON FACTOR,2
32032264,2,ENVIRON FACTOR,2
32032678,1,ENVIRON FACTOR,2
32032678,2,ENVIRON FACTOR,99
32032873,1,ENVIRON FACTOR,2
32034136,1,ENVIRON FACTOR,2
32034136,2,ENVIRON FACTOR,99
32034136,3,ENVIRON FACTOR,99
32035993,1,ENVIRON FACTOR,2
32035993,2,ENVIRON FACTOR,2
32037184,1,ENVIRON FACTOR,2
32037194,1,ENVIRON FACTOR,2
32037194,2,ENVIRON FACTOR,2
32039828,1,ENVIRON FACTOR,2
32041075,1,ENVIRON FACTOR,2
32041075,2,ENVIRON FACTOR,2
32041844,1,ENVIRON FACTOR,2
32041990,1,ENVIRON FACTOR,2
32041990,2,ENVIRON FACTOR,2
32042461,1,ENVIRON FACTOR,2
32042799,1,ENVIRON FACTOR,2
32042799,2,ENVIRON FACTOR,16
32044193,1,ENVIRON FACTOR,2
32044193,2,ENVIRON FACTOR,2
32044267,1,ENVIRON FACTOR,2
32044267,2,ENVIRON FACTOR,99
32045428,1,ENVIRON FACTOR,2
32046059,1,ENVIRON FACTOR,2
32046059,2,ENVIRON FACTOR,99
32046061,1,ENVIRON FACTOR,2
32046061,2,ENVIRON FACTOR,2
32046061,3,ENVIRON FACTOR,2
32046310,1,ENVIRON FACTOR,2
32046310,2,ENVIRON FACTOR,2
32046853,2,ENVIRON FACTOR,2
32047293,1,ENVIRON FACTOR,2
32047293,2,ENVIRON FACTOR,2
32047634,1,ENVIRON FACTOR,2
32047634,2,ENVIRON FACTOR,2
32050369,1,ENVIRON FACTOR,2
32050369,2,ENVIRON FACTOR,2
32051143,1,ENVIRON FACTOR,17
32051143,1,ENVIRON FACTOR,2
32051143,2,ENVIRON FACTOR,17
32051143,2,ENVIRON FACTOR,2
32051144,1,ENVIRON FACTOR,17
32051144,1,ENVIRON FACTOR,2
32051144,2,ENVIRON FACTOR,17
32051144,2,ENVIRON FACTOR,2
32051600,1,ENVIRON FACTOR,2
32051645,1,ENVIRON FACTOR,2
32056574,1,ENVIRON FACTOR,2
32056574,2,ENVIRON FACTOR,2
32056597,1,ENVIRON FACTOR,2
32057718,1,ENVIRON FACTOR,2
32057718,2,ENVIRON FACTOR,2
32058153,1,ENVIRON FACTOR,2
32058323,3,ENVIRON FACTOR,2
32058323,2,ENVIRON FACTOR,2
32058323,1,ENVIRON FACTOR,2
32058950,1,ENVIRON FACTOR,2
32059975,1,ENVIRON FACTOR,2
32059975,2,ENVIRON FACTOR,2
32059990,1,ENVIRON FACTOR,2
32059990,2,ENVIRON FACTOR,2
32059990,3,ENVIRON FACTOR,2
32061162,2,ENVIRON FACTOR,99
32061162,1,ENVIRON FACTOR,17
32061162,1,ENVIRON FACTOR,2
32062302,1,ENVIRON FACTOR,2
32062302,2,ENVIRON FACTOR,2
32062302,3,ENVIRON FACTOR,2
32064079,1,ENVIRON FACTOR,17
32064079,1,ENVIRON FACTOR,2
32064079,2,ENVIRON FACTOR,17
32064079,2,ENVIRON FACTOR,2
32064193,1,ENVIRON FACTOR,17
32064193,1,ENVIRON FACTOR,2
32064193,2,ENVIRON FACTOR,17
32064193,2,ENVIRON FACTOR,2
32064464,1,ENVIRON FACTOR,2
32066240,1,ENVIRON FACTOR,17
32066240,1,ENVIRON FACTOR,2
32066240,2,ENVIRON FACTOR,17
32066240,2,ENVIRON FACTOR,2
32067076,1,ENVIRON FACTOR,17
32067076,1,ENVIRON FACTOR,2
32067076,2,ENVIRON FACTOR,17
32067076,2,ENVIRON FACTOR,2
32070299,1,ENVIRON FACTOR,17
32070299,1,ENVIRON FACTOR,2
32070299,2,ENVIRON FACTOR,17
32070299,2,ENVIRON FACTOR,2
32070899,1,ENVIRON FACTOR,2
32070899,2,ENVIRON FACTOR,2
32071293,1,ENVIRON FACTOR,17
32071293,1,ENVIRON FACTOR,2
32071293,2,ENVIRON FACTOR,17
32071293,2,ENVIRON FACTOR,2
32071310,1,ENVIRON FACTOR,2
32071310,1,ENVIRON FACTOR,3
32071357,1,ENVIRON FACTOR,2
32071357,2,ENVIRON FACTOR,99
32071376,1,ENVIRON FACTOR,2
32071376,2,ENVIRON FACTOR,99
32071657,1,ENVIRON FACTOR,2
32071657,2,ENVIRON FACTOR,99
32071872,1,ENVIRON FACTOR,2
32071872,2,ENVIRON FACTOR,99
32071872,3,ENVIRON FACTOR,99
32071919,1,ENVIRON FACTOR,2
32071919,1,ENVIRON FACTOR,7
32071919,2,ENVIRON FACTOR,2
32071919,2,ENVIRON FACTOR,7
32071919,3,ENVIRON FACTOR,2
32071919,3,ENVIRON FACTOR,3
32072042,1,ENVIRON FACTOR,2
32072042,1,ENVIRON FACTOR,9
32074980,1,ENVIRON FACTOR,2
32074980,2,ENVIRON FACTOR,2
32074980,3,ENVIRON FACTOR,2
32076782,1,ENVIRON FACTOR,2
32076782,2,ENVIRON FACTOR,2
32076782,3,ENVIRON FACTOR,2
32078120,1,ENVIRON FACTOR,2
32078120,2,ENVIRON FACTOR,99
32078930,1,ENVIRON FACTOR,2
32079330,1,ENVIRON FACTOR,2
32079330,2,ENVIRON FACTOR,99
32081505,1,ENVIRON FACTOR,2
32081505,2,ENVIRON FACTOR,99
32082526,1,ENVIRON FACTOR,2
32082526,2,ENVIRON FACTOR,2
32082570,1,ENVIRON FACTOR,2
32082570,2,ENVIRON FACTOR,2
32084257,1,ENVIRON FACTOR,2
32084299,1,ENVIRON FACTOR,2
32084299,2,ENVIRON FACTOR,2
32084299,3,ENVIRON FACTOR,2
32084299,4,ENVIRON FACTOR,2
32084486,1,ENVIRON FACTOR,2
32084486,2,ENVIRON FACTOR,2
32086104,1,ENVIRON FACTOR,2
32086104,2,ENVIRON FACTOR,99
32086456,1,ENVIRON FACTOR,2
32086456,2,ENVIRON FACTOR,2
32086456,3,ENVIRON FACTOR,2
32086885,1,ENVIRON FACTOR,17
32086885,1,ENVIRON FACTOR,2
32086885,2,ENVIRON FACTOR,17
32086885,2,ENVIRON FACTOR,2
32086886,1,ENVIRON FACTOR,2
32086886,2,ENVIRON FACTOR,2
32086919,1,ENVIRON FACTOR,2
32086919,2,ENVIRON FACTOR,99
32088220,1,ENVIRON FACTOR,2
32088547,1,ENVIRON FACTOR,2
32088547,2,ENVIRON FACTOR,99
32089061,1,ENVIRON FACTOR,2
32089061,2,ENVIRON FACTOR,2
32089061,3,ENVIRON FACTOR,2
32090246,1,ENVIRON FACTOR,2
32090246,2,ENVIRON FACTOR,2
32091088,1,ENVIRON FACTOR,2
32091088,1,ENVIRON FACTOR,6
32091244,1,ENVIRON FACTOR,2
32091244,2,ENVIRON FACTOR,99
32091392,1,ENVIRON FACTOR,2
32091392,1,ENVIRON FACTOR,12
32091637,1,ENVIRON FACTOR,2
32091637,1,ENVIRON FACTOR,9
32091637,2,ENVIRON FACTOR,2
32091637,2,ENVIRON FACTOR,9
32093889,1,ENVIRON FACTOR,2
32093889,2,ENVIRON FACTOR,2
32094795,1,ENVIRON FACTOR,2
32094795,2,ENVIRON FACTOR,2
32099937,1,ENVIRON FACTOR,17
32099937,1,ENVIRON FACTOR,2
32099937,2,ENVIRON FACTOR,17
32099937,2,ENVIRON FACTOR,2
32099964,1,ENVIRON FACTOR,2
32099964,2,ENVIRON FACTOR,2
32101675,1,ENVIRON FACTOR,2
32101675,1,ENVIRON FACTOR,9
32101675,2,ENVIRON FACTOR,2
32101675,3,ENVIRON FACTOR,99
32101721,1,ENVIRON FACTOR,2
32101721,2,ENVIRON FACTOR,2
32104111,1,ENVIRON FACTOR,2
32104111,2,ENVIRON FACTOR,2
32104332,1,ENVIRON FACTOR,2
32110144,1,ENVIRON FACTOR,2
32110144,1,ENVIRON FACTOR,16
32112478,1,ENVIRON FACTOR,2
32112478,1,ENVIRON FACTOR,11
32112508,1,ENVIRON FACTOR,2
32112508,2,ENVIRON FACTOR,2
32112547,1,ENVIRON FACTOR,2
32112547,2,ENVIRON FACTOR,2
32112677,1,ENVIRON FACTOR,2
32112677,2,ENVIRON FACTOR,2
32113466,1,ENVIRON FACTOR,2
32113466,2,ENVIRON FACTOR,2
32113617,1,ENVIRON FACTOR,2
32113617,2,ENVIRON FACTOR,99
32116187,1,ENVIRON FACTOR,2
32116187,2,ENVIRON FACTOR,2
32116617,1,ENVIRON FACTOR,2
32117585,1,ENVIRON FACTOR,2
32117585,2,ENVIRON FACTOR,2
32118089,1,ENVIRON FACTOR,2
32118089,1,ENVIRON FACTOR,5
32119810,1,ENVIRON FACTOR,2
32119810,2,ENVIRON FACTOR,2
32119810,3,ENVIRON FACTOR,2
32119810,4,ENVIRON FACTOR,2
32119810,5,ENVIRON FACTOR,2
32120849,1,ENVIRON FACTOR,2
32121779,1,ENVIRON FACTOR,2
32121780,1,ENVIRON FACTOR,2
32121780,2,ENVIRON FACTOR,2
32124559,1,ENVIRON FACTOR,2
32124559,2,ENVIRON FACTOR,2
32127662,1,ENVIRON FACTOR,2
32127662,2,ENVIRON FACTOR,2
32132758,1,ENVIRON FACTOR,17
32132758,1,ENVIRON FACTOR,2
32132758,2,ENVIRON FACTOR,17
32132758,2,ENVIRON FACTOR,2
32132760,1,ENVIRON FACTOR,2
32132760,2,ENVIRON FACTOR,2
32134235,1,ENVIRON FACTOR,2
32134235,2,ENVIRON FACTOR,99
32136121,1,ENVIRON FACTOR,2
32136121,2,ENVIRON FACTOR,2
32136501,1,ENVIRON FACTOR,2
32136501,2,ENVIRON FACTOR,2
32138460,1,ENVIRON FACTOR,2
32138460,2,ENVIRON FACTOR,2
32140350,1,ENVIRON FACTOR,9
32140350,2,ENVIRON FACTOR,2
32144687,1,ENVIRON FACTOR,2
32144687,2,ENVIRON FACTOR,2
32156386,1,ENVIRON FACTOR,2
32157800,1,ENVIRON FACTOR,17
32157800,1,ENVIRON FACTOR,2
32157800,2,ENVIRON FACTOR,17
32157800,2,ENVIRON FACTOR,2
32160197,1,ENVIRON FACTOR,2
32160197,2,ENVIRON FACTOR,2
32160359,1,ENVIRON FACTOR,2
32162415,1,ENVIRON FACTOR,2
32162415,2,ENVIRON FACTOR,99
32162490,1,ENVIRON FACTOR,2
32162490,1,ENVIRON FACTOR,3
32164217,1,ENVIRON FACTOR,17
32164217,1,ENVIRON FACTOR,2
32164217,2,ENVIRON FACTOR,17
32164217,2,ENVIRON FACTOR,2
32164729,1,ENVIRON FACTOR,2
32164729,2,ENVIRON FACTOR,9
32167675,1,ENVIRON FACTOR,2
32167675,2,ENVIRON FACTOR,2
32171419,1,ENVIRON FACTOR,2
32172525,1,ENVIRON FACTOR,2
32173883,1,ENVIRON FACTOR,2
32173883,2,ENVIRON FACTOR,99
32173883,3,ENVIRON FACTOR,99
32174053,1,ENVIRON FACTOR,2
32174053,2,ENVIRON FACTOR,2
32174065,1,ENVIRON FACTOR,2
32174065,1,ENVIRON FACTOR,9
32176774,1,ENVIRON FACTOR,2
32176774,2,ENVIRON FACTOR,2
32176864,1,ENVIRON FACTOR,2
32176864,2,ENVIRON FACTOR,99
32177101,1,ENVIRON FACTOR,2
32177101,2,ENVIRON FACTOR,2
32181632,1,ENVIRON FACTOR,2
32181632,2,ENVIRON FACTOR,2
32182519,1,ENVIRON FACTOR,2
32182519,1,ENVIRON FACTOR,11
32182519,2,ENVIRON FACTOR,2
32184804,1,ENVIRON FACTOR,2
32184804,2,ENVIRON FACTOR,2
32184856,1,ENVIRON FACTOR,2
32184856,2,ENVIRON FACTOR,99
32185608,1,ENVIRON FACTOR,2
32185608,2,ENVIRON FACTOR,99
32187938,1,ENVIRON FACTOR,2
32187938,2,ENVIRON FACTOR,99
32188430,1,ENVIRON FACTOR,2
32190101,1,ENVIRON FACTOR,2
32190988,1,ENVIRON FACTOR,2
32190988,2,ENVIRON FACTOR,2
32190988,3,ENVIRON FACTOR,2
32190988,4,ENVIRON FACTOR,2
32191010,1,ENVIRON FACTOR,2
32191010,2,ENVIRON FACTOR,99
32191580,1,ENVIRON FACTOR,2
32191580,2,ENVIRON FACTOR,2
32192509,1,ENVIRON FACTOR,2
32192509,2,ENVIRON FACTOR,2
32192511,1,ENVIRON FACTOR,2
32192511,2,ENVIRON FACTOR,2
32193349,1,ENVIRON FACTOR,2
32193349,2,ENVIRON FACTOR,2
32193420,1,ENVIRON FACTOR,2
32193420,2,ENVIRON FACTOR,2
32193943,1,ENVIRON FACTOR,2
32193943,2,ENVIRON FACTOR,99
32194158,1,ENVIRON FACTOR,2
32194158,2,ENVIRON FACTOR,2
32194227,1,ENVIRON FACTOR,2
32194227,2,ENVIRON FACTOR,2
32196208,1,ENVIRON FACTOR,2
32196208,2,ENVIRON FACTOR,2
32197199,1,ENVIRON FACTOR,2
32197199,2,ENVIRON FACTOR,2
32197199,3,ENVIRON FACTOR,2
32198736,1,ENVIRON FACTOR,2
32198736,1,ENVIRON FACTOR,3
32200972,1,ENVIRON FACTOR,2
32200972,2,ENVIRON FACTOR,99
32202256,1,ENVIRON FACTOR,17
32202256,1,ENVIRON FACTOR,2
32202256,2,ENVIRON FACTOR,17
32202256,2,ENVIRON FACTOR,2
32203110,1,ENVIRON FACTOR,2
32203110,2,ENVIRON FACTOR,2
32203110,3,ENVIRON FACTOR,2
32203574,1,ENVIRON FACTOR,2
32203574,2,ENVIRON FACTOR,99
32204000,1,ENVIRON FACTOR,2
32204000,2,ENVIRON FACTOR,2
32204058,1,ENVIRON FACTOR,2
32204058,2,ENVIRON FACTOR,2
32204459,1,ENVIRON FACTOR,2
32204459,2,ENVIRON FACTOR,2
32204701,1,ENVIRON FACTOR,2
32207137,1,ENVIRON FACTOR,2
32207137,2,ENVIRON FACTOR,2
32209864,1,ENVIRON FACTOR,2
32209864,2,ENVIRON FACTOR,99
32210791,1,ENVIRON FACTOR,17
32210791,1,ENVIRON FACTOR,2
32210791,2,ENVIRON FACTOR,99
32211639,1,ENVIRON FACTOR,2
32211639,2,ENVIRON FACTOR,9
32212106,1,ENVIRON FACTOR,2
32212106,2,ENVIRON FACTOR,16
32212528,1,ENVIRON FACTOR,2
32212528,2,ENVIRON FACTOR,2
32213875,1,ENVIRON FACTOR,2
32213875,2,ENVIRON FACTOR,2
32213875,2,ENVIRON FACTOR,3
32215334,1,ENVIRON FACTOR,2
32215334,2,ENVIRON FACTOR,2
32216377,1,ENVIRON FACTOR,17
32216377,1,ENVIRON FACTOR,2
32216377,2,ENVIRON FACTOR,17
32216377,2,ENVIRON FACTOR,2
32217315,1,ENVIRON FACTOR,2
32217315,2,ENVIRON FACTOR,2
32218087,1,ENVIRON FACTOR,2
32218087,2,ENVIRON FACTOR,2
32218105,1,ENVIRON FACTOR,2
32220211,1,ENVIRON FACTOR,2
32220447,1,ENVIRON FACTOR,2
32220447,2,ENVIRON FACTOR,2
32220562,1,ENVIRON FACTOR,2
32220562,2,ENVIRON FACTOR,99
32220908,1,ENVIRON FACTOR,2
32220908,2,ENVIRON FACTOR,2
32221167,1,ENVIRON FACTOR,2
32221167,2,ENVIRON FACTOR,2
32221914,1,ENVIRON FACTOR,2
32221914,2,ENVIRON FACTOR,2
32222195,1,ENVIRON FACTOR,2
32222195,2,ENVIRON FACTOR,2
32226909,1,ENVIRON FACTOR,2
32226909,2,ENVIRON FACTOR,99
32226974,1,ENVIRON FACTOR,2
32226974,2,ENVIRON FACTOR,99
32226978,1,ENVIRON FACTOR,2
32226978,2,ENVIRON FACTOR,2
32229725,1,ENVIRON FACTOR,2
32232987,1,ENVIRON FACTOR,2
32234394,1,ENVIRON FACTOR,2
32235896,1,ENVIRON FACTOR,2
32236441,1,ENVIRON FACTOR,2
32236441,2,ENVIRON FACTOR,2
32237637,1,ENVIRON FACTOR,2
32237637,2,ENVIRON FACTOR,2
32238323,1,ENVIRON FACTOR,2
32238323,2,ENVIRON FACTOR,2
32241019,2,ENVIRON FACTOR,17
32241019,2,ENVIRON FACTOR,2
32241566,1,ENVIRON FACTOR,2
32241863,1,ENVIRON FACTOR,2
32241863,2,ENVIRON FACTOR,99
32242522,1,ENVIRON FACTOR,9
32242522,2,ENVIRON FACTOR,2
32242903,1,ENVIRON FACTOR,2
32242903,2,ENVIRON FACTOR,2
32243295,1,ENVIRON FACTOR,2
32243773,1,ENVIRON FACTOR,2
32243773,2,ENVIRON FACTOR,2
32244338,1,ENVIRON FACTOR,2
32244338,2,ENVIRON FACTOR,99
32255712,1,ENVIRON FACTOR,2
32256562,1,ENVIRON FACTOR,17
32256562,1,ENVIRON FACTOR,2
32256562,2,ENVIRON FACTOR,99
32256794,1,ENVIRON FACTOR,2
32256794,1,ENVIRON FACTOR,11
32256794,2,ENVIRON FACTOR,2
32256794,2,ENVIRON FACTOR,11
32258934,1,ENVIRON FACTOR,2
32258934,2,ENVIRON FACTOR,2
32259292,1,ENVIRON FACTOR,2
32259292,2,ENVIRON FACTOR,99
32260095,1,ENVIRON FACTOR,2
32260095,2,ENVIRON FACTOR,2
32262203,1,ENVIRON FACTOR,2
32262203,2,ENVIRON FACTOR,99
32264817,1,ENVIRON FACTOR,2
32264817,2,ENVIRON FACTOR,2
32266199,1,ENVIRON FACTOR,2
32266353,1,ENVIRON FACTOR,2
32266353,2,ENVIRON FACTOR,2
32268065,1,ENVIRON FACTOR,11
32268065,1,ENVIRON FACTOR,14
32268065,2,ENVIRON FACTOR,2
32268065,2,ENVIRON FACTOR,14
32269253,1,ENVIRON FACTOR,2
32269369,1,ENVIRON FACTOR,17
32269369,1,ENVIRON FACTOR,2
32269369,2,ENVIRON FACTOR,17
32269369,2,ENVIRON FACTOR,2
32270930,1,ENVIRON FACTOR,2
32270930,2,ENVIRON FACTOR,2
32272044,1,ENVIRON FACTOR,2
32272044,2,ENVIRON FACTOR,2
32272044,3,ENVIRON FACTOR,2
32272340,1,ENVIRON FACTOR,2
32272340,2,ENVIRON FACTOR,2
32273367,1,ENVIRON FACTOR,2
32273367,2,ENVIRON FACTOR,2
32273441,1,ENVIRON FACTOR,2
32273441,2,ENVIRON FACTOR,2
32273653,1,ENVIRON FACTOR,2
32273653,2,ENVIRON FACTOR,2
32273654,1,ENVIRON FACTOR,2
32273654,2,ENVIRON FACTOR,2
32274189,1,ENVIRON FACTOR,2
32274189,2,ENVIRON FACTOR,99
32276709,1,ENVIRON FACTOR,2
32276709,2,ENVIRON FACTOR,9
32278348,1,ENVIRON FACTOR,2
32278348,2,ENVIRON FACTOR,9
32278348,3,ENVIRON FACTOR,9
32278353,1,ENVIRON FACTOR,2
32278353,2,ENVIRON FACTOR,2
32278353,2,ENVIRON FACTOR,9
32278798,1,ENVIRON FACTOR,2
32278798,2,ENVIRON FACTOR,2
32279285,1,ENVIRON FACTOR,2
32279285,2,ENVIRON FACTOR,2
32280640,1,ENVIRON FACTOR,2
32280640,2,ENVIRON FACTOR,2
32281595,1,ENVIRON FACTOR,2
32281595,1,ENVIRON FACTOR,97
32281595,2,ENVIRON FACTOR,2
32281838,1,ENVIRON FACTOR,2
32282269,1,ENVIRON FACTOR,2
32282269,2,ENVIRON FACTOR,2
32282362,1,ENVIRON FACTOR,2
32282362,1,ENVIRON FACTOR,4
32282896,1,ENVIRON FACTOR,2
32283529,1,ENVIRON FACTOR,17
32283529,1,ENVIRON FACTOR,2
32283703,1,ENVIRON FACTOR,2
32283703,2,ENVIRON FACTOR,2
32283703,3,ENVIRON FACTOR,2
32284275,1,ENVIRON FACTOR,2
32284275,2,ENVIRON FACTOR,2
32285352,1,ENVIRON FACTOR,2
32285352,2,ENVIRON FACTOR,2
32285625,1,ENVIRON FACTOR,2
32285625,2,ENVIRON FACTOR,99
32287697,1,ENVIRON FACTOR,2
32287697,2,ENVIRON FACTOR,2
32287697,3,ENVIRON FACTOR,2
32287882,1,ENVIRON FACTOR,2
32288038,1,ENVIRON FACTOR,2
32288038,2,ENVIRON FACTOR,2
32288148,1,ENVIRON FACTOR,2
32288490,1,ENVIRON FACTOR,2
32289538,1,ENVIRON FACTOR,2
32289538,2,ENVIRON FACTOR,2
32289544,1,ENVIRON FACTOR,2
32289544,2,ENVIRON FACTOR,99
32289544,3,ENVIRON FACTOR,99
32290203,1,ENVIRON FACTOR,2
32290203,2,ENVIRON FACTOR,2
32291540,1,ENVIRON FACTOR,2
32291540,2,ENVIRON FACTOR,2
32292698,1,ENVIRON FACTOR,2
32292698,2,ENVIRON FACTOR,2
32293181,1,ENVIRON FACTOR,2
32293181,2,ENVIRON FACTOR,2
32294735,1,ENVIRON FACTOR,2
32294735,2,ENVIRON FACTOR,2
32298264,1,ENVIRON FACTOR,2
32298264,2,ENVIRON FACTOR,2
32300221,1,ENVIRON FACTOR,2
32300221,2,ENVIRON FACTOR,2
32300221,3,ENVIRON FACTOR,2
32300221,4,ENVIRON FACTOR,2
32300221,5,ENVIRON FACTOR,2
32300234,1,ENVIRON FACTOR,2
32300234,2,ENVIRON FACTOR,99
32300398,1,ENVIRON FACTOR,2
32300398,2,ENVIRON FACTOR,2
32300399,1,ENVIRON FACTOR,2
32300399,2,ENVIRON FACTOR,2
32300998,1,ENVIRON FACTOR,17
32300998,1,ENVIRON FACTOR,2
32300998,2,ENVIRON FACTOR,17
32300998,2,ENVIRON FACTOR,2
32302900,1,ENVIRON FACTOR,2
32302900,1,ENVIRON FACTOR,5
32302900,2,ENVIRON FACTOR,99
32302972,1,ENVIRON FACTOR,2
32302972,2,ENVIRON FACTOR,99
32304470,1,ENVIRON FACTOR,2
32304470,2,ENVIRON FACTOR,2
32305356,1,ENVIRON FACTOR,2
32305356,2,ENVIRON FACTOR,2
32306376,1,ENVIRON FACTOR,2
32306376,2,ENVIRON FACTOR,2
32308269,1,ENVIRON FACTOR,2
32309380,1,ENVIRON FACTOR,2
32309380,1,ENVIRON FACTOR,11
32309380,2,ENVIRON FACTOR,99
32309481,1,ENVIRON FACTOR,1
32309481,1,ENVIRON FACTOR,2
32309537,1,ENVIRON FACTOR,2
32309537,1,ENVIRON FACTOR,13
32309537,2,ENVIRON FACTOR,2
32309537,2,ENVIRON FACTOR,13
32310033,1,ENVIRON FACTOR,2
32310033,2,ENVIRON FACTOR,2
32310079,1,ENVIRON FACTOR,2
32310079,2,ENVIRON FACTOR,2
32312426,1,ENVIRON FACTOR,2
32312426,2,ENVIRON FACTOR,2
32312692,1,ENVIRON FACTOR,2
32312692,2,ENVIRON FACTOR,2
32312889,1,ENVIRON FACTOR,2
32312889,2,ENVIRON FACTOR,2
32314762,1,ENVIRON FACTOR,17
32314762,1,ENVIRON FACTOR,2
32314762,2,ENVIRON FACTOR,17
32314762,3,ENVIRON FACTOR,17
32316110,1,ENVIRON FACTOR,2
32316110,2,ENVIRON FACTOR,2
32316186,1,ENVIRON FACTOR,2
32316186,2,ENVIRON FACTOR,99
32316262,1,ENVIRON FACTOR,2
32316448,1,ENVIRON FACTOR,2
32316448,2,ENVIRON FACTOR,2
32316462,1,ENVIRON FACTOR,2
32316462,2,ENVIRON FACTOR,2
32318979,1,ENVIRON FACTOR,2
32318979,2,ENVIRON FACTOR,2
32318980,1,ENVIRON FACTOR,2
32320024,1,ENVIRON FACTOR,17
32320024,2,ENVIRON FACTOR,2
32320025,1,ENVIRON FACTOR,17
32320025,1,ENVIRON FACTOR,2
32320025,2,ENVIRON FACTOR,2
32320026,1,ENVIRON FACTOR,2
32320026,2,ENVIRON FACTOR,2
32320026,3,ENVIRON FACTOR,17
32320027,1,ENVIRON FACTOR,17
32320027,1,ENVIRON FACTOR,2
32320027,2,ENVIRON FACTOR,17
32320027,2,ENVIRON FACTOR,2
32320027,3,ENVIRON FACTOR,17
32320027,3,ENVIRON FACTOR,2
32320027,4,ENVIRON FACTOR,17
32320027,4,ENVIRON FACTOR,2
32320348,1,ENVIRON FACTOR,2
32320348,2,ENVIRON FACTOR,2
32320539,1,ENVIRON FACTOR,17
32320539,1,ENVIRON FACTOR,2
32320539,2,ENVIRON FACTOR,17
32320539,2,ENVIRON FACTOR,2
32320539,3,ENVIRON FACTOR,17
32320539,3,ENVIRON FACTOR,2
32322136,1,ENVIRON FACTOR,2
32322136,2,ENVIRON FACTOR,2
32323192,1,ENVIRON FACTOR,2
32323192,2,ENVIRON FACTOR,2
32323192,3,ENVIRON FACTOR,2
32323820,1,ENVIRON FACTOR,2
32323820,2,ENVIRON FACTOR,99
32325856,1,ENVIRON FACTOR,2
32326150,1,ENVIRON FACTOR,17
32326150,1,ENVIRON FACTOR,2
32326150,2,ENVIRON FACTOR,17
32326150,2,ENVIRON FACTOR,2
32326150,3,ENVIRON FACTOR,17
32326150,3,ENVIRON FACTOR,2
32326150,4,ENVIRON FACTOR,17
32326150,4,ENVIRON FACTOR,2
32326214,1,ENVIRON FACTOR,2
32326214,1,ENVIRON FACTOR,9
32326214,2,ENVIRON FACTOR,2
32326999,1,ENVIRON FACTOR,2
32326999,2,ENVIRON FACTOR,2
32326999,3,ENVIRON FACTOR,2
32326999,4,ENVIRON FACTOR,2
32326999,5,ENVIRON FACTOR,2
32326999,6,ENVIRON FACTOR,2
32326999,7,ENVIRON FACTOR,2
32330440,1,ENVIRON FACTOR,2
32330440,2,ENVIRON FACTOR,99
32334228,1,ENVIRON FACTOR,2
32334228,2,ENVIRON FACTOR,2
32334229,1,ENVIRON FACTOR,2
32334229,2,ENVIRON FACTOR,2
32334613,1,ENVIRON FACTOR,2
32334613,2,ENVIRON FACTOR,2
32335180,1,ENVIRON FACTOR,2
32335392,1,ENVIRON FACTOR,17
32335392,1,ENVIRON FACTOR,2
32335392,2,ENVIRON FACTOR,17
32335392,2,ENVIRON FACTOR,2
32335395,1,ENVIRON FACTOR,17
32335395,1,ENVIRON FACTOR,2
32335395,2,ENVIRON FACTOR,17
32335395,2,ENVIRON FACTOR,2
32335432,1,ENVIRON FACTOR,2
32335432,2,ENVIRON FACTOR,3
32335494,1,ENVIRON FACTOR,2
32335494,1,ENVIRON FACTOR,11
32335494,2,ENVIRON FACTOR,2
32335494,2,ENVIRON FACTOR,11
32335502,1,ENVIRON FACTOR,2
32335502,1,ENVIRON FACTOR,97
32335502,2,ENVIRON FACTOR,2
32335502,2,ENVIRON FACTOR,97
32335635,1,ENVIRON FACTOR,2
32335635,2,ENVIRON FACTOR,2
32335676,1,ENVIRON FACTOR,17
32335676,1,ENVIRON FACTOR,2
32335676,2,ENVIRON FACTOR,99
32335833,1,ENVIRON FACTOR,2
32335833,2,ENVIRON FACTOR,99
32339728,1,ENVIRON FACTOR,17
32339728,1,ENVIRON FACTOR,2
32339728,2,ENVIRON FACTOR,17
32339728,2,ENVIRON FACTOR,2
32339728,3,ENVIRON FACTOR,17
32339728,3,ENVIRON FACTOR,2
32339740,1,ENVIRON FACTOR,2
32339740,2,ENVIRON FACTOR,99
32339891,1,ENVIRON FACTOR,2
32339891,2,ENVIRON FACTOR,2
32339974,1,ENVIRON FACTOR,2
32339974,2,ENVIRON FACTOR,99
32340401,1,ENVIRON FACTOR,2
32341517,1,ENVIRON FACTOR,2
32341517,2,ENVIRON FACTOR,2
32341517,2,ENVIRON FACTOR,9
32342591,1,ENVIRON FACTOR,99
32342591,2,ENVIRON FACTOR,2
32342864,1,ENVIRON FACTOR,2
32343615,1,ENVIRON FACTOR,2
32343615,2,ENVIRON FACTOR,99
32343962,1,ENVIRON FACTOR,2
32343962,2,ENVIRON FACTOR,2
32345810,1,ENVIRON FACTOR,2
32345810,1,ENVIRON FACTOR,4
32345810,2,ENVIRON FACTOR,2
32346136,1,ENVIRON FACTOR,2
32346136,2,ENVIRON FACTOR,2
32346136,3,ENVIRON FACTOR,2
32346136,4,ENVIRON FACTOR,2
32346592,1,ENVIRON FACTOR,2
32346592,2,ENVIRON FACTOR,2
32346592,2,ENVIRON FACTOR,3
32346637,1,ENVIRON FACTOR,2
32346637,2,ENVIRON FACTOR,2
32346993,1,ENVIRON FACTOR,2
32346993,2,ENVIRON FACTOR,2
32346993,3,ENVIRON FACTOR,2
32349016,1,ENVIRON FACTOR,2
32349016,2,ENVIRON FACTOR,2
32349024,1,ENVIRON FACTOR,2
32349024,2,ENVIRON FACTOR,17
32349024,3,ENVIRON FACTOR,2
32352870,2,ENVIRON FACTOR,2
32352870,1,ENVIRON FACTOR,2
32352870,3,ENVIRON FACTOR,2
32352870,4,ENVIRON FACTOR,2
32352870,5,ENVIRON FACTOR,2
32353634,1,ENVIRON FACTOR,2
32353634,1,ENVIRON FACTOR,11
32353634,2,ENVIRON FACTOR,99
32353899,1,ENVIRON FACTOR,2
32353899,2,ENVIRON FACTOR,11
32354292,1,ENVIRON FACTOR,2
32354292,2,ENVIRON FACTOR,2
32357022,1,ENVIRON FACTOR,2
32357022,1,ENVIRON FACTOR,11
32359739,1,ENVIRON FACTOR,2
32359739,2,ENVIRON FACTOR,2
32359749,1,ENVIRON FACTOR,2
32359749,2,ENVIRON FACTOR,99
32359943,1,ENVIRON FACTOR,2
32359943,2,ENVIRON FACTOR,2
32360325,1,ENVIRON FACTOR,2
32360325,2,ENVIRON FACTOR,2
32360434,1,ENVIRON FACTOR,2
32360434,2,ENVIRON FACTOR,2
32360869,1,ENVIRON FACTOR,2
32360869,2,ENVIRON FACTOR,99
32361818,1,ENVIRON FACTOR,2
32361818,2,ENVIRON FACTOR,2
32362920,1,ENVIRON FACTOR,2
32362920,2,ENVIRON FACTOR,2
32363055,1,ENVIRON FACTOR,2
32363135,1,ENVIRON FACTOR,2
32363448,1,ENVIRON FACTOR,2
32363448,2,ENVIRON FACTOR,2
32363910,1,ENVIRON FACTOR,2
32363910,2,ENVIRON FACTOR,2
32363923,1,ENVIRON FACTOR,2
32363923,2,ENVIRON FACTOR,99
32364503,1,ENVIRON FACTOR,2
32364503,2,ENVIRON FACTOR,2
32364521,1,ENVIRON FACTOR,2
32364521,2,ENVIRON FACTOR,2
32364970,1,ENVIRON FACTOR,2
32364970,2,ENVIRON FACTOR,2
32365064,1,ENVIRON FACTOR,2
32365064,2,ENVIRON FACTOR,2
32365443,1,ENVIRON FACTOR,9
32365443,2,ENVIRON FACTOR,2
32366984,1,ENVIRON FACTOR,2
32366984,2,ENVIRON FACTOR,2
32369454,1,ENVIRON FACTOR,2
32372025,1,ENVIRON FACTOR,2
32372025,2,ENVIRON FACTOR,2
32372030,1,ENVIRON FACTOR,2
32372030,2,ENVIRON FACTOR,2
32372030,3,ENVIRON FACTOR,2
32373479,1,ENVIRON FACTOR,2
32373479,2,ENVIRON FACTOR,2
32373806,1,ENVIRON FACTOR,2
32373806,1,ENVIRON FACTOR,9
32373806,2,ENVIRON FACTOR,2
32373806,2,ENVIRON FACTOR,9
32373806,3,ENVIRON FACTOR,2
32373806,3,ENVIRON FACTOR,9
32373859,1,ENVIRON FACTOR,2
32373859,1,ENVIRON FACTOR,9
32374256,1,ENVIRON FACTOR,2
32374256,2,ENVIRON FACTOR,2
32374261,1,ENVIRON FACTOR,17
32374261,1,ENVIRON FACTOR,2
32374261,2,ENVIRON FACTOR,17
32374261,2,ENVIRON FACTOR,2
32374426,1,ENVIRON FACTOR,1
32374426,1,ENVIRON FACTOR,2
32374426,2,ENVIRON FACTOR,1
32374426,2,ENVIRON FACTOR,2
32375134,1,ENVIRON FACTOR,2
32375134,2,ENVIRON FACTOR,2
32376954,1,ENVIRON FACTOR,2
32376954,2,ENVIRON FACTOR,99
32379527,1,ENVIRON FACTOR,2
32379527,2,ENVIRON FACTOR,2
32380923,1,ENVIRON FACTOR,2
32380923,2,ENVIRON FACTOR,2
32380923,3,ENVIRON FACTOR,2
32380923,4,ENVIRON FACTOR,2
32381265,1,ENVIRON FACTOR,17
32381265,1,ENVIRON FACTOR,2
32382594,1,ENVIRON FACTOR,2
32382594,1,ENVIRON FACTOR,3
32389379,1,ENVIRON FACTOR,2
32389379,1,ENVIRON FACTOR,5
32389379,2,ENVIRON FACTOR,99
32389379,3,ENVIRON FACTOR,99
32389750,1,ENVIRON FACTOR,2
32389750,1,ENVIRON FACTOR,11
32389750,2,ENVIRON FACTOR,2
32389750,2,ENVIRON FACTOR,11
32391245,1,ENVIRON FACTOR,2
32391245,2,ENVIRON FACTOR,2
32391483,1,ENVIRON FACTOR,2
32391483,2,ENVIRON FACTOR,2
32391768,1,ENVIRON FACTOR,99
32391768,2,ENVIRON FACTOR,2
32392281,2,ENVIRON FACTOR,2
32392704,1,ENVIRON FACTOR,2
32392704,1,ENVIRON FACTOR,97
32393444,1,ENVIRON FACTOR,17
32393444,1,ENVIRON FACTOR,2
32393444,2,ENVIRON FACTOR,17
32393444,2,ENVIRON FACTOR,2
32393448,1,ENVIRON FACTOR,2
32393448,2,ENVIRON FACTOR,2
32393451,1,ENVIRON FACTOR,2
32393451,2,ENVIRON FACTOR,2
32393451,3,ENVIRON FACTOR,2
32395930,1,ENVIRON FACTOR,2
32395930,1,ENVIRON FACTOR,11
32397555,1,ENVIRON FACTOR,2
32397555,2,ENVIRON FACTOR,2
32398465,1,ENVIRON FACTOR,2
32398849,1,ENVIRON FACTOR,2
32398849,2,ENVIRON FACTOR,2
32398850,1,ENVIRON FACTOR,2
32401883,1,ENVIRON FACTOR,2
32401883,2,ENVIRON FACTOR,2
32403666,1,ENVIRON FACTOR,2
32403666,2,ENVIRON FACTOR,2
32409749,1,ENVIRON FACTOR,2
32409749,2,ENVIRON FACTOR,2
32411327,1,ENVIRON FACTOR,2
32411327,2,ENVIRON FACTOR,2
32412802,1,ENVIRON FACTOR,2
32412802,2,ENVIRON FACTOR,2
32416523,1,ENVIRON FACTOR,2
32416523,2,ENVIRON FACTOR,2
32416528,1,ENVIRON FACTOR,2
32416528,2,ENVIRON FACTOR,2
32421993,1,ENVIRON FACTOR,2
32421993,2,ENVIRON FACTOR,2
32422479,1,ENVIRON FACTOR,2
32422479,2,ENVIRON FACTOR,2
32422716,1,ENVIRON FACTOR,2
32422716,2,ENVIRON FACTOR,2
32426809,1,ENVIRON FACTOR,2
32426809,2,ENVIRON FACTOR,99
32429173,1,ENVIRON FACTOR,2
32429173,2,ENVIRON FACTOR,2
32429596,1,ENVIRON FACTOR,9
32429596,2,ENVIRON FACTOR,2
32430710,1,ENVIRON FACTOR,2
32430710,2,ENVIRON FACTOR,2
32432483,1,ENVIRON FACTOR,17
32432483,1,ENVIRON FACTOR,2
32432483,2,ENVIRON FACTOR,17
32432483,2,ENVIRON FACTOR,2
32432575,1,ENVIRON FACTOR,2
32432575,2,ENVIRON FACTOR,2
32432603,1,ENVIRON FACTOR,2
32432603,2,ENVIRON FACTOR,99
32433173,1,ENVIRON FACTOR,2
32433173,2,ENVIRON FACTOR,99
32437918,1,ENVIRON FACTOR,2
32437918,2,ENVIRON FACTOR,2
32438435,1,ENVIRON FACTOR,2
32438435,1,ENVIRON FACTOR,9
32438435,2,ENVIRON FACTOR,9
32439131,1,ENVIRON FACTOR,2
32439131,2,ENVIRON FACTOR,2
32439140,1,ENVIRON FACTOR,2
32439140,1,ENVIRON FACTOR,97
32439585,1,ENVIRON FACTOR,2
32439585,2,ENVIRON FACTOR,2
32440169,1,ENVIRON FACTOR,2
32441188,1,ENVIRON FACTOR,2
32441211,1,ENVIRON FACTOR,2
32441211,2,ENVIRON FACTOR,2
32441264,1,ENVIRON FACTOR,2
32441264,2,ENVIRON FACTOR,2
32441569,1,ENVIRON FACTOR,2
32441569,2,ENVIRON FACTOR,99
32445247,1,ENVIRON FACTOR,2
32445247,2,ENVIRON FACTOR,2
32445640,1,ENVIRON FACTOR,2
32445640,2,ENVIRON FACTOR,2
32448701,1,ENVIRON FACTOR,2
32448701,2,ENVIRON FACTOR,2
32450891,1,ENVIRON FACTOR,2
32450891,2,ENVIRON FACTOR,99
32452476,1,ENVIRON FACTOR,2
32452476,2,ENVIRON FACTOR,2
32452729,1,ENVIRON FACTOR,2
32452729,2,ENVIRON FACTOR,2
32452979,1,ENVIRON FACTOR,17
32452979,1,ENVIRON FACTOR,2
32452979,2,ENVIRON FACTOR,17
32452979,2,ENVIRON FACTOR,2
32454310,1,ENVIRON FACTOR,2
32454310,2,ENVIRON FACTOR,2
32456762,1,ENVIRON FACTOR,2
32456762,2,ENVIRON FACTOR,2
32458962,1,ENVIRON FACTOR,2
32458962,2,ENVIRON FACTOR,2
32461090,1,ENVIRON FACTOR,2
32461684,1,ENVIRON FACTOR,2
32461684,2,ENVIRON FACTOR,2
32462159,1,ENVIRON FACTOR,2
32462159,2,ENVIRON FACTOR,2
32462432,1,ENVIRON FACTOR,2
32462432,2,ENVIRON FACTOR,2
32462797,1,ENVIRON FACTOR,2
32462797,1,ENVIRON FACTOR,9
32467965,1,ENVIRON FACTOR,17
32467965,1,ENVIRON FACTOR,2
32467965,2,ENVIRON FACTOR,17
32467965,2,ENVIRON FACTOR,2
32468133,1,ENVIRON FACTOR,2
32468133,2,ENVIRON FACTOR,2
32468133,3,ENVIRON FACTOR,2
32468340,1,ENVIRON FACTOR,2
32468340,2,ENVIRON FACTOR,99
32468601,1,ENVIRON FACTOR,2
32468601,2,ENVIRON FACTOR,2
32468601,3,ENVIRON FACTOR,2
32469493,1,ENVIRON FACTOR,17
32469493,1,ENVIRON FACTOR,2
32469493,2,ENVIRON FACTOR,17
32469493,2,ENVIRON FACTOR,2
32472186,1,ENVIRON FACTOR,2
32472186,2,ENVIRON FACTOR,2
32472697,1,ENVIRON FACTOR,2
32472697,2,ENVIRON FACTOR,2
32472938,1,ENVIRON FACTOR,2
32472938,2,ENVIRON FACTOR,99
32473243,1,ENVIRON FACTOR,2
32477378,1,ENVIRON FACTOR,2
32477378,2,ENVIRON FACTOR,2
32478653,1,ENVIRON FACTOR,2
32478653,2,ENVIRON FACTOR,2
32479456,1,ENVIRON FACTOR,17
32479456,1,ENVIRON FACTOR,2
32479456,2,ENVIRON FACTOR,2
32479456,3,ENVIRON FACTOR,2
32482537,1,ENVIRON FACTOR,2
32482537,2,ENVIRON FACTOR,2
32483811,1,ENVIRON FACTOR,2
32483811,2,ENVIRON FACTOR,2
32483811,3,ENVIRON FACTOR,2
32483811,4,ENVIRON FACTOR,2
32483811,5,ENVIRON FACTOR,2
32483811,6,ENVIRON FACTOR,2
32483811,7,ENVIRON FACTOR,2
32485886,1,ENVIRON FACTOR,2
32485886,2,ENVIRON FACTOR,2
32486255,1,ENVIRON FACTOR,2
32486255,2,ENVIRON FACTOR,99
32488858,1,ENVIRON FACTOR,2
32488858,2,ENVIRON FACTOR,2
32489031,1,ENVIRON FACTOR,2
32489031,1,ENVIRON FACTOR,11
32489031,2,ENVIRON FACTOR,2
32489031,2,ENVIRON FACTOR,11
32489357,1,ENVIRON FACTOR,2
32489357,2,ENVIRON FACTOR,2
32492148,1,ENVIRON FACTOR,2
32492148,2,ENVIRON FACTOR,2
32492318,1,ENVIRON FACTOR,2
32492318,2,ENVIRON FACTOR,99
32492318,3,ENVIRON FACTOR,99
32492522,1,ENVIRON FACTOR,2
32492522,1,ENVIRON FACTOR,11
32492522,2,ENVIRON FACTOR,99
32494440,1,ENVIRON FACTOR,17
32494440,1,ENVIRON FACTOR,2
32494440,2,ENVIRON FACTOR,17
32494440,2,ENVIRON FACTOR,2
32507089,1,ENVIRON FACTOR,2
32507089,1,ENVIRON FACTOR,97
32507089,2,ENVIRON FACTOR,2
32507089,2,ENVIRON FACTOR,97
32507113,1,ENVIRON FACTOR,2
32507113,2,ENVIRON FACTOR,99
32507262,1,ENVIRON FACTOR,2
32507262,2,ENVIRON FACTOR,2
32507262,3,ENVIRON FACTOR,2
32507312,1,ENVIRON FACTOR,2
32507434,1,ENVIRON FACTOR,2
32507434,2,ENVIRON FACTOR,99
32508755,2,ENVIRON FACTOR,2
32508761,1,ENVIRON FACTOR,2
32509106,1,ENVIRON FACTOR,2
32509106,2,ENVIRON FACTOR,99
32509627,1,ENVIRON FACTOR,2
32509627,2,ENVIRON FACTOR,99
32510737,1,ENVIRON FACTOR,99
32510737,2,ENVIRON FACTOR,99
32510737,3,ENVIRON FACTOR,2
32510737,4,ENVIRON FACTOR,2
32513394,1,ENVIRON FACTOR,2
32517336,1,ENVIRON FACTOR,2
32517336,2,ENVIRON FACTOR,2
32517643,1,ENVIRON FACTOR,2
32517643,2,ENVIRON FACTOR,99
32522048,1,ENVIRON FACTOR,2
32522048,2,ENVIRON FACTOR,9
32524363,1,ENVIRON FACTOR,99
32524363,2,ENVIRON FACTOR,2
32527221,1,ENVIRON FACTOR,2
32527221,2,ENVIRON FACTOR,2
32527371,1,ENVIRON FACTOR,2
32527371,2,ENVIRON FACTOR,99
32527926,1,ENVIRON FACTOR,2
32527926,2,ENVIRON FACTOR,2
32528372,1,ENVIRON FACTOR,2
32528372,2,ENVIRON FACTOR,2
32529093,1,ENVIRON FACTOR,2
32529093,2,ENVIRON FACTOR,2
32529423,1,ENVIRON FACTOR,2
32529423,1,ENVIRON FACTOR,3
32531798,3,ENVIRON FACTOR,2
32531798,4,ENVIRON FACTOR,2
32531798,1,ENVIRON FACTOR,2
32531798,2,ENVIRON FACTOR,2
32531858,1,ENVIRON FACTOR,2
32531858,2,ENVIRON FACTOR,99
32532066,1,ENVIRON FACTOR,2
32532066,2,ENVIRON FACTOR,2
32532220,1,ENVIRON FACTOR,2
32533104,1,ENVIRON FACTOR,2
32533106,1,ENVIRON FACTOR,2
32533106,2,ENVIRON FACTOR,2
32535001,1,ENVIRON FACTOR,2
32537955,1,ENVIRON FACTOR,2
32538584,1,ENVIRON FACTOR,2
32539004,1,ENVIRON FACTOR,2
32539004,2,ENVIRON FACTOR,2
32539004,3,ENVIRON FACTOR,2
32541960,1,ENVIRON FACTOR,2
32543849,1,ENVIRON FACTOR,2
32543849,2,ENVIRON FACTOR,99
32544337,1,ENVIRON FACTOR,2
32544337,2,ENVIRON FACTOR,2
32548083,1,ENVIRON FACTOR,17
32548083,1,ENVIRON FACTOR,2
32548083,2,ENVIRON FACTOR,17
32548083,2,ENVIRON FACTOR,2
32548083,3,ENVIRON FACTOR,17
32548083,3,ENVIRON FACTOR,2
32548211,1,ENVIRON FACTOR,2
32548211,2,ENVIRON FACTOR,2
32548292,1,ENVIRON FACTOR,2
32548292,2,ENVIRON FACTOR,2
32548311,1,ENVIRON FACTOR,11
32548311,2,ENVIRON FACTOR,2
32548520,1,ENVIRON FACTOR,2
32548520,2,ENVIRON FACTOR,2
32549505,1,ENVIRON FACTOR,2
32549657,1,ENVIRON FACTOR,2
32557726,1,ENVIRON FACTOR,2
32557726,2,ENVIRON FACTOR,2
32557728,1,ENVIRON FACTOR,2
32557728,2,ENVIRON FACTOR,97
32559133,1,ENVIRON FACTOR,2
32559377,1,ENVIRON FACTOR,2
32559377,2,ENVIRON FACTOR,2
32559541,1,ENVIRON FACTOR,2
32559541,1,ENVIRON FACTOR,3
32565882,1,ENVIRON FACTOR,2
32566985,1,ENVIRON FACTOR,2
32566985,2,ENVIRON FACTOR,2
32567158,1,ENVIRON FACTOR,2
32567161,1,ENVIRON FACTOR,17
32567161,1,ENVIRON FACTOR,2
32567161,2,ENVIRON FACTOR,17
32567161,2,ENVIRON FACTOR,2
32567164,1,ENVIRON FACTOR,17
32567164,1,ENVIRON FACTOR,2
32567164,2,ENVIRON FACTOR,17
32567164,2,ENVIRON FACTOR,2
32567178,1,ENVIRON FACTOR,2
32567178,2,ENVIRON FACTOR,2
32567355,1,ENVIRON FACTOR,2
32567355,2,ENVIRON FACTOR,99
32567404,1,ENVIRON FACTOR,17
32567404,1,ENVIRON FACTOR,2
32567404,2,ENVIRON FACTOR,17
32567404,2,ENVIRON FACTOR,2
32567590,1,ENVIRON FACTOR,2
32567590,2,ENVIRON FACTOR,2
32571138,1,ENVIRON FACTOR,2
32571138,2,ENVIRON FACTOR,2
32571138,3,ENVIRON FACTOR,2
32571664,1,ENVIRON FACTOR,2
32571664,2,ENVIRON FACTOR,99
32575111,1,ENVIRON FACTOR,2
32575111,2,ENVIRON FACTOR,2
32577793,1,ENVIRON FACTOR,2
32577793,1,ENVIRON FACTOR,5
32577793,2,ENVIRON FACTOR,2
32578460,1,ENVIRON FACTOR,2
32578460,2,ENVIRON FACTOR,99
32587273,1,ENVIRON FACTOR,2
32587273,1,ENVIRON FACTOR,97
32587273,2,ENVIRON FACTOR,97
32587277,1,ENVIRON FACTOR,2
32587277,2,ENVIRON FACTOR,2
32587279,1,ENVIRON FACTOR,2
32587279,2,ENVIRON FACTOR,99
32587279,3,ENVIRON FACTOR,99
32587389,1,ENVIRON FACTOR,17
32587389,1,ENVIRON FACTOR,2
32587389,2,ENVIRON FACTOR,17
32587389,2,ENVIRON FACTOR,2
32601987,1,ENVIRON FACTOR,2
32601987,1,ENVIRON FACTOR,3
32601987,2,ENVIRON FACTOR,2
32602521,1,ENVIRON FACTOR,2
32602521,2,ENVIRON FACTOR,2
32604587,1,ENVIRON FACTOR,2
32604587,2,ENVIRON FACTOR,9
32605990,1,ENVIRON FACTOR,2
32605990,2,ENVIRON FACTOR,99
32607716,1,ENVIRON FACTOR,2
32607716,2,ENVIRON FACTOR,2
32607749,1,ENVIRON FACTOR,2
32607749,2,ENVIRON FACTOR,2
32607785,1,ENVIRON FACTOR,17
32607785,1,ENVIRON FACTOR,2
32607785,2,ENVIRON FACTOR,17
32607785,2,ENVIRON FACTOR,2
32612345,1,ENVIRON FACTOR,2
32612345,2,ENVIRON FACTOR,2
32623313,1,ENVIRON FACTOR,2
32628127,1,ENVIRON FACTOR,2
32628127,2,ENVIRON FACTOR,2
32630613,1,ENVIRON FACTOR,2
32630613,2,ENVIRON FACTOR,99
32630843,1,ENVIRON FACTOR,2
32630843,1,ENVIRON FACTOR,18
32630843,2,ENVIRON FACTOR,2
32634337,1,ENVIRON FACTOR,2
32636060,1,ENVIRON FACTOR,2
32639784,1,ENVIRON FACTOR,2
32639784,2,ENVIRON FACTOR,17
32639784,2,ENVIRON FACTOR,2
32642670,2,ENVIRON FACTOR,17
32642670,2,ENVIRON FACTOR,2
32642670,1,ENVIRON FACTOR,2
32643976,1,ENVIRON FACTOR,2
32643976,2,ENVIRON FACTOR,2
32644886,1,ENVIRON FACTOR,2
32644886,2,ENVIRON FACTOR,2
32645037,1,ENVIRON FACTOR,2
32645037,2,ENVIRON FACTOR,2
32645598,2,ENVIRON FACTOR,2
32646186,1,ENVIRON FACTOR,99
32646186,2,ENVIRON FACTOR,2
32646186,3,ENVIRON FACTOR,2
32646186,4,ENVIRON FACTOR,2
32646187,1,ENVIRON FACTOR,2
32646187,2,ENVIRON FACTOR,2
32646189,1,ENVIRON FACTOR,2
32646189,2,ENVIRON FACTOR,2
32647732,1,ENVIRON FACTOR,2
32647732,2,ENVIRON FACTOR,2
32648383,1,ENVIRON FACTOR,17
32648383,1,ENVIRON FACTOR,2
32648383,2,ENVIRON FACTOR,2
32648383,3,ENVIRON FACTOR,2
32648383,4,ENVIRON FACTOR,2
32648383,5,ENVIRON FACTOR,2
32654632,1,ENVIRON FACTOR,2
32654632,2,ENVIRON FACTOR,2
32654632,3,ENVIRON FACTOR,2
32654634,1,ENVIRON FACTOR,2
32655798,1,ENVIRON FACTOR,2
32655798,2,ENVIRON FACTOR,2
32655798,3,ENVIRON FACTOR,2
32660684,1,ENVIRON FACTOR,2
32660684,2,ENVIRON FACTOR,2
32660760,1,ENVIRON FACTOR,2
32660760,1,ENVIRON FACTOR,11
32660920,1,ENVIRON FACTOR,2
32660920,2,ENVIRON FACTOR,2
32676402,1,ENVIRON FACTOR,17
32676402,1,ENVIRON FACTOR,2
32676402,2,ENVIRON FACTOR,17
32676402,2,ENVIRON FACTOR,2
32676754,1,ENVIRON FACTOR,2
32676754,2,ENVIRON FACTOR,2
32680215,1,ENVIRON FACTOR,2
32680215,2,ENVIRON FACTOR,2
32680215,3,ENVIRON FACTOR,99
32692307,1,ENVIRON FACTOR,2
32692307,2,ENVIRON FACTOR,2
32704091,1,ENVIRON FACTOR,2
32704091,1,ENVIRON FACTOR,9
32704091,2,ENVIRON FACTOR,2
32714003,1,ENVIRON FACTOR,2
32714003,2,ENVIRON FACTOR,2
32731609,1,ENVIRON FACTOR,2
32731609,2,ENVIRON FACTOR,2
32761732,1,ENVIRON FACTOR,2
32761732,2,ENVIRON FACTOR,99
32781102,1,ENVIRON FACTOR,2
32843048,1,ENVIRON FACTOR,2
32843048,1,ENVIRON FACTOR,15
32843048,2,ENVIRON FACTOR,99
32853964,1,ENVIRON FACTOR,2
32853964,2,ENVIRON FACTOR,2
32924585,1,ENVIRON FACTOR,17
32924585,1,ENVIRON FACTOR,2
32924585,2,ENVIRON FACTOR,17
32924585,2,ENVIRON FACTOR,2
32924585,3,ENVIRON FACTOR,17
32924585,3,ENVIRON FACTOR,2
32924585,4,ENVIRON FACTOR,17
32924585,4,ENVIRON FACTOR,2
32924585,5,ENVIRON FACTOR,17
32924585,5,ENVIRON FACTOR,2
32924585,6,ENVIRON FACTOR,17
32924585,6,ENVIRON FACTOR,2
32924585,7,ENVIRON FACTOR,17
32924585,7,ENVIRON FACTOR,2
32924585,8,ENVIRON FACTOR,17
32924585,8,ENVIRON FACTOR,2
33162113,1,ENVIRON FACTOR,2
33162113,2,ENVIRON FACTOR,99
33177844,1,ENVIRON FACTOR,2
33177844,2,ENVIRON FACTOR,2
33177844,3,ENVIRON FACTOR,2
33179065,1,ENVIRON FACTOR,2
33179065,2,ENVIRON FACTOR,99
33179074,1,ENVIRON FACTOR,2
33179074,2,ENVIRON FACTOR,2
33179195,1,ENVIRON FACTOR,2
33179195,2,ENVIRON FACTOR,2
33179217,1,ENVIRON FACTOR,2
33179217,1,ENVIRON FACTOR,4
33302773,1,ENVIRON FACTOR,99
33302773,2,ENVIRON FACTOR,2
30997483,1,HUMAN FACTOR,99
31057990,1,HUMAN FACTOR,1
31057990,1,HUMAN FACTOR,14
31067570,1,HUMAN FACTOR,17
31067570,2,HUMAN FACTOR,99
31067787,1,HUMAN FACTOR,13
31067787,1,HUMAN FACTOR,18
31067787,2,HUMAN FACTOR,99
31069164,1,HUMAN FACTOR,14
31069164,2,HUMAN FACTOR,99
31069291,1,HUMAN FACTOR,14
31069291,1,HUMAN FACTOR,18
31069291,2,HUMAN FACTOR,99
31086756,1,HUMAN FACTOR,26
31086756,1,HUMAN FACTOR,23
31086756,2,HUMAN FACTOR,99
31089412,1,HUMAN FACTOR,11
31089412,2,HUMAN FACTOR,99
31089437,1,HUMAN FACTOR,19
31089437,2,HUMAN FACTOR,99
31100643,1,HUMAN FACTOR,99
31100659,1,HUMAN FACTOR,99
31100689,1,HUMAN FACTOR,14
31100689,1,HUMAN FACTOR,18
31100689,2,HUMAN FACTOR,99
31100692,1,HUMAN FACTOR,17
31100692,2,HUMAN FACTOR,99
31116411,1,HUMAN FACTOR,4
31116411,1,HUMAN FACTOR,14
31116411,1,HUMAN FACTOR,18
31116411,2,HUMAN FACTOR,99
31117260,1,HUMAN FACTOR,1
31117260,1,HUMAN FACTOR,9
31126327,1,HUMAN FACTOR,14
31126327,2,HUMAN FACTOR,99
31141490,1,HUMAN FACTOR,14
31143988,1,HUMAN FACTOR,17
31143988,2,HUMAN FACTOR,99
31150112,1,HUMAN FACTOR,14
31150112,1,HUMAN FACTOR,17
31150112,2,HUMAN FACTOR,99
31152468,1,HUMAN FACTOR,26
31152468,1,HUMAN FACTOR,13
31152468,1,HUMAN FACTOR,17
31152468,2,HUMAN FACTOR,99
31175671,1,HUMAN FACTOR,14
31175671,2,HUMAN FACTOR,99
31177564,1,HUMAN FACTOR,99
31183207,1,HUMAN FACTOR,14
31193600,1,HUMAN FACTOR,99
31193600,2,HUMAN FACTOR,99
31193600,3,HUMAN FACTOR,99
31193600,4,HUMAN FACTOR,99
31193600,5,HUMAN FACTOR,99
31193600,6,HUMAN FACTOR,99
31193600,7,HUMAN FACTOR,99
31204849,1,HUMAN FACTOR,19
31204849,2,HUMAN FACTOR,99
31204858,1,HUMAN FACTOR,14
31204858,2,HUMAN FACTOR,99
31204862,1,HUMAN FACTOR,3
31204862,1,HUMAN FACTOR,14
31204862,2,HUMAN FACTOR,99
31204939,2,HUMAN FACTOR,99
31204998,1,HUMAN FACTOR,97
31204998,2,HUMAN FACTOR,99
31215638,1,HUMAN FACTOR,11
31215638,2,HUMAN FACTOR,99
31215638,3,HUMAN FACTOR,99
31217420,1,HUMAN FACTOR,8
31217420,1,HUMAN FACTOR,17
31217420,2,HUMAN FACTOR,99
31228912,1,HUMAN FACTOR,14
31228912,1,HUMAN FACTOR,23
31228912,2,HUMAN FACTOR,99
31233366,1,HUMAN FACTOR,4
31233366,1,HUMAN FACTOR,18
31233366,2,HUMAN FACTOR,99
31233368,1,HUMAN FACTOR,11
31233368,2,HUMAN FACTOR,99
31233370,1,HUMAN FACTOR,11
31233370,1,HUMAN FACTOR,14
31233370,1,HUMAN FACTOR,18
31233370,2,HUMAN FACTOR,11
31233370,3,HUMAN FACTOR,99
31234916,1,HUMAN FACTOR,14
31234916,2,HUMAN FACTOR,11
31242750,1,HUMAN FACTOR,14
31242750,2,HUMAN FACTOR,99
31242769,1,HUMAN FACTOR,14
31242769,2,HUMAN FACTOR,99
31242895,1,HUMAN FACTOR,11
31242895,2,HUMAN FACTOR,99
31248147,1,HUMAN FACTOR,14
31248147,2,HUMAN FACTOR,99
31258296,1,HUMAN FACTOR,17
31258296,2,HUMAN FACTOR,99
31258840,1,HUMAN FACTOR,99
31258840,2,HUMAN FACTOR,99
31261945,1,HUMAN FACTOR,11
31261945,2,HUMAN FACTOR,99
31262213,1,HUMAN FACTOR,26
31262213,2,HUMAN FACTOR,99
31265874,1,HUMAN FACTOR,3
31265874,1,HUMAN FACTOR,8
31265874,1,HUMAN FACTOR,14
31265874,1,HUMAN FACTOR,17
31265874,2,HUMAN FACTOR,99
31268789,1,HUMAN FACTOR,99
31268789,2,HUMAN FACTOR,99
31268789,3,HUMAN FACTOR,99
31268947,1,HUMAN FACTOR,6
31268947,1,HUMAN FACTOR,11
31268947,1,HUMAN FACTOR,18
31268947,2,HUMAN FACTOR,6
31268947,3,HUMAN FACTOR,99
31269994,1,HUMAN FACTOR,99
31270884,1,HUMAN FACTOR,8
31270884,2,HUMAN FACTOR,99
31274024,1,HUMAN FACTOR,99
31276875,1,HUMAN FACTOR,3
31276875,1,HUMAN FACTOR,22
31277256,1,HUMAN FACTOR,17
31277256,1,HUMAN FACTOR,18
31281143,1,HUMAN FACTOR,17
31281143,2,HUMAN FACTOR,99
31283833,1,HUMAN FACTOR,18
31283833,2,HUMAN FACTOR,99
31287459,2,HUMAN FACTOR,22
31287459,1,HUMAN FACTOR,3
31287459,1,HUMAN FACTOR,11
31289142,1,HUMAN FACTOR,14
31289142,1,HUMAN FACTOR,17
31290950,1,HUMAN FACTOR,99
31294892,1,HUMAN FACTOR,11
31294892,1,HUMAN FACTOR,22
31294892,2,HUMAN FACTOR,99
31294892,3,HUMAN FACTOR,99
31303319,1,HUMAN FACTOR,11
31303319,2,HUMAN FACTOR,99
31306014,1,HUMAN FACTOR,97
31306014,2,HUMAN FACTOR,99
31310556,1,HUMAN FACTOR,97
31310556,2,HUMAN FACTOR,99
31314237,1,HUMAN FACTOR,99
31315270,1,HUMAN FACTOR,14
31320478,1,HUMAN FACTOR,22
31320478,2,HUMAN FACTOR,99
31322914,1,HUMAN FACTOR,11
31322914,1,HUMAN FACTOR,14
31322914,2,HUMAN FACTOR,99
31327211,1,HUMAN FACTOR,14
31327211,2,HUMAN FACTOR,99
31328001,1,HUMAN FACTOR,17
31328001,2,HUMAN FACTOR,99
31331077,1,HUMAN FACTOR,99
31336158,1,HUMAN FACTOR,97
31336158,2,HUMAN FACTOR,99
31338582,1,HUMAN FACTOR,4
31338582,1,HUMAN FACTOR,11
31338582,1,HUMAN FACTOR,14
31338582,2,HUMAN FACTOR,99
31351170,1,HUMAN FACTOR,4
31351170,1,HUMAN FACTOR,14
31351170,1,HUMAN FACTOR,18
31351170,2,HUMAN FACTOR,99
31351170,3,HUMAN FACTOR,99
31351170,4,HUMAN FACTOR,99
31352117,1,HUMAN FACTOR,8
31352117,2,HUMAN FACTOR,99
31352946,1,HUMAN FACTOR,4
31352946,1,HUMAN FACTOR,18
31352946,2,HUMAN FACTOR,99
31357011,1,HUMAN FACTOR,99
31357011,2,HUMAN FACTOR,99
31357493,1,HUMAN FACTOR,8
31357493,1,HUMAN FACTOR,11
31357493,2,HUMAN FACTOR,99
31358449,1,HUMAN FACTOR,99
31358449,2,HUMAN FACTOR,99
31369590,1,HUMAN FACTOR,4
31369590,2,HUMAN FACTOR,99
31371172,1,HUMAN FACTOR,26
31371172,1,HUMAN FACTOR,18
31373017,1,HUMAN FACTOR,99
31373017,2,HUMAN FACTOR,99
31373871,1,HUMAN FACTOR,23
31373871,2,HUMAN FACTOR,23
31374624,1,HUMAN FACTOR,17
31374624,1,HUMAN FACTOR,18
31374624,2,HUMAN FACTOR,14
31374624,2,HUMAN FACTOR,18
31374624,3,HUMAN FACTOR,99
31380114,1,HUMAN FACTOR,97
31380114,2,HUMAN FACTOR,97
31383296,1,HUMAN FACTOR,11
31383296,2,HUMAN FACTOR,99
31385162,1,HUMAN FACTOR,97
31385162,2,HUMAN FACTOR,97
31388548,1,HUMAN FACTOR,4
31388548,2,HUMAN FACTOR,99
31388548,3,HUMAN FACTOR,99
31388637,1,HUMAN FACTOR,11
31388637,2,HUMAN FACTOR,99
31388814,2,HUMAN FACTOR,99
31388814,1,HUMAN FACTOR,4
31392461,1,HUMAN FACTOR,11
31393251,1,HUMAN FACTOR,99
31393251,2,HUMAN FACTOR,99
31393251,3,HUMAN FACTOR,99
31393848,1,HUMAN FACTOR,14
31393848,2,HUMAN FACTOR,99
31393848,3,HUMAN FACTOR,99
31394631,1,HUMAN FACTOR,14
31394631,2,HUMAN FACTOR,99
31399418,1,HUMAN FACTOR,18
31399418,2,HUMAN FACTOR,99
31400477,1,HUMAN FACTOR,97
31400477,2,HUMAN FACTOR,99
31400906,1,HUMAN FACTOR,99
31400906,2,HUMAN FACTOR,99
31402676,1,HUMAN FACTOR,99
31402676,2,HUMAN FACTOR,99
31403467,1,HUMAN FACTOR,14
31403467,2,HUMAN FACTOR,99
31411884,1,HUMAN FACTOR,99
31417092,1,HUMAN FACTOR,3
31418555,1,HUMAN FACTOR,18
31423602,1,HUMAN FACTOR,14
31423602,2,HUMAN FACTOR,99
31426467,1,HUMAN FACTOR,11
31426467,1,HUMAN FACTOR,14
31426467,2,HUMAN FACTOR,99
31429937,1,HUMAN FACTOR,14
31429937,2,HUMAN FACTOR,99
31437911,1,HUMAN FACTOR,14
31437911,2,HUMAN FACTOR,99
31441959,1,HUMAN FACTOR,12
31441959,1,HUMAN FACTOR,14
31441959,2,HUMAN FACTOR,99
31442377,1,HUMAN FACTOR,14
31442377,2,HUMAN FACTOR,14
31445065,1,HUMAN FACTOR,3
31445065,1,HUMAN FACTOR,14
31445065,1,HUMAN FACTOR,97
31450618,1,HUMAN FACTOR,8
31450618,2,HUMAN FACTOR,99
31453898,1,HUMAN FACTOR,99
31460521,1,HUMAN FACTOR,17
31460521,2,HUMAN FACTOR,99
31462582,1,HUMAN FACTOR,99
31469503,1,HUMAN FACTOR,11
31469503,2,HUMAN FACTOR,99
31469581,1,HUMAN FACTOR,14
31469581,2,HUMAN FACTOR,99
31470541,1,HUMAN FACTOR,8
31470541,2,HUMAN FACTOR,99
31473988,1,HUMAN FACTOR,17
31474285,1,HUMAN FACTOR,18
31474285,2,HUMAN FACTOR,99
31474327,1,HUMAN FACTOR,14
31474327,2,HUMAN FACTOR,99
31474327,3,HUMAN FACTOR,99
31474334,1,HUMAN FACTOR,26
31474334,2,HUMAN FACTOR,99
31474946,1,HUMAN FACTOR,99
31479041,1,HUMAN FACTOR,8
31479041,1,HUMAN FACTOR,17
31479041,2,HUMAN FACTOR,99
31480085,1,HUMAN FACTOR,17
31480085,2,HUMAN FACTOR,99
31480136,2,HUMAN FACTOR,99
31482132,1,HUMAN FACTOR,4
31482132,2,HUMAN FACTOR,99
31482135,1,HUMAN FACTOR,14
31482135,2,HUMAN FACTOR,99
31482621,1,HUMAN FACTOR,99
31482621,2,HUMAN FACTOR,99
31487265,1,HUMAN FACTOR,11
31487265,1,HUMAN FACTOR,14
31487265,2,HUMAN FACTOR,99
31487265,3,HUMAN FACTOR,99
31487834,1,HUMAN FACTOR,14
31487834,2,HUMAN FACTOR,99
31490063,1,HUMAN FACTOR,14
31490063,2,HUMAN FACTOR,14
31490576,1,HUMAN FACTOR,14
31490576,1,HUMAN FACTOR,18
31490576,2,HUMAN FACTOR,99
31490824,1,HUMAN FACTOR,17
31490824,2,HUMAN FACTOR,99
31490824,3,HUMAN FACTOR,99
31493145,1,HUMAN FACTOR,26
31493838,1,HUMAN FACTOR,17
31493838,2,HUMAN FACTOR,99
31498443,1,HUMAN FACTOR,11
31498443,1,HUMAN FACTOR,17
31498443,1,HUMAN FACTOR,18
31498443,2,HUMAN FACTOR,99
31499641,1,HUMAN FACTOR,26
31499641,2,HUMAN FACTOR,99
31505280,1,HUMAN FACTOR,17
31505454,1,HUMAN FACTOR,99
31505454,2,HUMAN FACTOR,14
31510470,1,HUMAN FACTOR,14
31510470,2,HUMAN FACTOR,99
31511974,1,HUMAN FACTOR,11
31511974,1,HUMAN FACTOR,14
31511974,2,HUMAN FACTOR,99
31513360,1,HUMAN FACTOR,17
31513360,2,HUMAN FACTOR,99
31515691,1,HUMAN FACTOR,99
31516501,1,HUMAN FACTOR,97
31516501,2,HUMAN FACTOR,99
31519311,1,HUMAN FACTOR,11
31519311,2,HUMAN FACTOR,99
31519311,3,HUMAN FACTOR,99
31519311,4,HUMAN FACTOR,99
31521476,1,HUMAN FACTOR,8
31521476,1,HUMAN FACTOR,14
31521476,2,HUMAN FACTOR,11
31521476,3,HUMAN FACTOR,99
31521476,4,HUMAN FACTOR,99
31521477,1,HUMAN FACTOR,8
31521477,1,HUMAN FACTOR,11
31521477,1,HUMAN FACTOR,14
31521477,2,HUMAN FACTOR,99
31521751,1,HUMAN FACTOR,99
31521751,2,HUMAN FACTOR,99
31526964,1,HUMAN FACTOR,99
31526964,2,HUMAN FACTOR,99
31529219,1,HUMAN FACTOR,14
31529219,1,HUMAN FACTOR,17
31529219,2,HUMAN FACTOR,99
31529219,3,HUMAN FACTOR,99
31529219,4,HUMAN FACTOR,99
31529502,1,HUMAN FACTOR,17
31530391,1,HUMAN FACTOR,26
31530391,1,HUMAN FACTOR,14
31530391,1,HUMAN FACTOR,18
31530391,2,HUMAN FACTOR,99
31536973,1,HUMAN FACTOR,99
31536973,2,HUMAN FACTOR,99
31537669,1,HUMAN FACTOR,14
31537669,2,HUMAN FACTOR,99
31539233,1,HUMAN FACTOR,17
31539233,2,HUMAN FACTOR,99
31539455,1,HUMAN FACTOR,11
31539455,2,HUMAN FACTOR,99
31542557,1,HUMAN FACTOR,99
31542557,2,HUMAN FACTOR,99
31544410,1,HUMAN FACTOR,99
31544410,2,HUMAN FACTOR,99
31547684,1,HUMAN FACTOR,14
31547684,2,HUMAN FACTOR,99
31549938,1,HUMAN FACTOR,14
31549938,1,HUMAN FACTOR,17
31549938,1,HUMAN FACTOR,18
31549938,2,HUMAN FACTOR,99
31549938,3,HUMAN FACTOR,99
31552674,1,HUMAN FACTOR,97
31552674,2,HUMAN FACTOR,99
31552749,1,HUMAN FACTOR,5
31552749,1,HUMAN FACTOR,14
31552749,2,HUMAN FACTOR,99
31553063,1,HUMAN FACTOR,17
31553063,2,HUMAN FACTOR,99
31561524,1,HUMAN FACTOR,14
31561524,2,HUMAN FACTOR,99
31566238,1,HUMAN FACTOR,14
31566238,2,HUMAN FACTOR,99
31567304,1,HUMAN FACTOR,11
31567304,1,HUMAN FACTOR,14
31567304,1,HUMAN FACTOR,22
31567304,2,HUMAN FACTOR,99
31567355,2,HUMAN FACTOR,99
31567374,1,HUMAN FACTOR,18
31567374,2,HUMAN FACTOR,99
31567374,3,HUMAN FACTOR,99
31567374,4,HUMAN FACTOR,99
31567374,5,HUMAN FACTOR,99
31567391,1,HUMAN FACTOR,14
31567391,2,HUMAN FACTOR,99
31567454,1,HUMAN FACTOR,18
31567454,2,HUMAN FACTOR,99
31573041,1,HUMAN FACTOR,99
31573041,2,HUMAN FACTOR,99
31574000,1,HUMAN FACTOR,14
31574000,2,HUMAN FACTOR,99
31581802,1,HUMAN FACTOR,8
31581802,1,HUMAN FACTOR,14
31581802,2,HUMAN FACTOR,99
31582331,1,HUMAN FACTOR,22
31582331,2,HUMAN FACTOR,99
31582767,1,HUMAN FACTOR,14
31582767,2,HUMAN FACTOR,17
31582767,3,HUMAN FACTOR,99
31587668,1,HUMAN FACTOR,14
31587668,2,HUMAN FACTOR,99
31588409,1,HUMAN FACTOR,14
31588409,2,HUMAN FACTOR,99
31592245,1,HUMAN FACTOR,8
31592245,2,HUMAN FACTOR,99
31593657,1,HUMAN FACTOR,97
31593657,2,HUMAN FACTOR,99
31593657,3,HUMAN FACTOR,99
31593657,4,HUMAN FACTOR,99
31593659,2,HUMAN FACTOR,99
31593659,3,HUMAN FACTOR,99
31593659,4,HUMAN FACTOR,99
31594912,1,HUMAN FACTOR,14
31594912,1,HUMAN FACTOR,97
31595007,1,HUMAN FACTOR,8
31595007,2,HUMAN FACTOR,99
31595611,1,HUMAN FACTOR,14
31598946,1,HUMAN FACTOR,97
31598946,2,HUMAN FACTOR,97
31598946,3,HUMAN FACTOR,99
31598946,4,HUMAN FACTOR,99
31602865,1,HUMAN FACTOR,99
31605265,1,HUMAN FACTOR,99
31605265,2,HUMAN FACTOR,99
31605287,1,HUMAN FACTOR,14
31605287,2,HUMAN FACTOR,99
31605296,1,HUMAN FACTOR,17
31605296,2,HUMAN FACTOR,99
31605645,1,HUMAN FACTOR,13
31605645,1,HUMAN FACTOR,17
31605645,2,HUMAN FACTOR,99
31606386,1,HUMAN FACTOR,9
31606386,1,HUMAN FACTOR,11
31606386,1,HUMAN FACTOR,14
31606386,2,HUMAN FACTOR,99
31609340,1,HUMAN FACTOR,14
31609340,2,HUMAN FACTOR,99
31610123,1,HUMAN FACTOR,14
31610123,2,HUMAN FACTOR,99
31613215,1,HUMAN FACTOR,14
31613215,2,HUMAN FACTOR,99
31613462,1,HUMAN FACTOR,14
31613462,2,HUMAN FACTOR,99
31613850,1,HUMAN FACTOR,14
31613850,2,HUMAN FACTOR,99
31614492,1,HUMAN FACTOR,11
31614492,2,HUMAN FACTOR,99
31617145,1,HUMAN FACTOR,26
31617145,1,HUMAN FACTOR,14
31617145,2,HUMAN FACTOR,26
31617145,2,HUMAN FACTOR,14
31619018,1,HUMAN FACTOR,17
31619307,1,HUMAN FACTOR,99
31619308,1,HUMAN FACTOR,8
31619308,2,HUMAN FACTOR,99
31619308,3,HUMAN FACTOR,99
31623134,1,HUMAN FACTOR,99
31623594,1,HUMAN FACTOR,17
31624988,1,HUMAN FACTOR,14
31624988,2,HUMAN FACTOR,99
31624988,3,HUMAN FACTOR,14
31624988,4,HUMAN FACTOR,99
31626302,1,HUMAN FACTOR,18
31626302,1,HUMAN FACTOR,19
31628511,2,HUMAN FACTOR,99
31628511,3,HUMAN FACTOR,99
31628511,1,HUMAN FACTOR,11
31629524,1,HUMAN FACTOR,26
31629524,1,HUMAN FACTOR,8
31629524,1,HUMAN FACTOR,17
31629524,2,HUMAN FACTOR,99
31629600,1,HUMAN FACTOR,14
31630358,2,HUMAN FACTOR,99
31630689,1,HUMAN FACTOR,18
31630689,2,HUMAN FACTOR,99
31632269,1,HUMAN FACTOR,14
31632269,2,HUMAN FACTOR,99
31632570,1,HUMAN FACTOR,14
31632570,2,HUMAN FACTOR,99
31635161,1,HUMAN FACTOR,97
31635161,2,HUMAN FACTOR,99
31635247,1,HUMAN FACTOR,99
31635791,1,HUMAN FACTOR,19
31636107,1,HUMAN FACTOR,8
31636107,2,HUMAN FACTOR,99
31636547,1,HUMAN FACTOR,97
31636547,2,HUMAN FACTOR,97
31636750,1,HUMAN FACTOR,14
31636750,1,HUMAN FACTOR,17
31636750,2,HUMAN FACTOR,99
31637686,1,HUMAN FACTOR,14
31637686,2,HUMAN FACTOR,99
31641097,1,HUMAN FACTOR,99
31641486,1,HUMAN FACTOR,8
31641486,2,HUMAN FACTOR,99
31644933,1,HUMAN FACTOR,14
31644933,2,HUMAN FACTOR,99
31646435,1,HUMAN FACTOR,14
31646435,1,HUMAN FACTOR,18
31646435,1,HUMAN FACTOR,19
31646435,2,HUMAN FACTOR,99
31648200,1,HUMAN FACTOR,14
31648200,2,HUMAN FACTOR,99
31648500,1,HUMAN FACTOR,99
31648500,2,HUMAN FACTOR,99
31648500,3,HUMAN FACTOR,99
31648500,4,HUMAN FACTOR,99
31648500,5,HUMAN FACTOR,99
31650181,1,HUMAN FACTOR,18
31650181,2,HUMAN FACTOR,97
31653350,1,HUMAN FACTOR,14
31653350,2,HUMAN FACTOR,99
31658420,1,HUMAN FACTOR,18
31658420,2,HUMAN FACTOR,99
31658423,1,HUMAN FACTOR,8
31658423,1,HUMAN FACTOR,17
31658423,2,HUMAN FACTOR,99
31659552,1,HUMAN FACTOR,97
31659552,2,HUMAN FACTOR,99
31659552,3,HUMAN FACTOR,99
31659610,1,HUMAN FACTOR,11
31659610,1,HUMAN FACTOR,14
31659610,2,HUMAN FACTOR,99
31659610,3,HUMAN FACTOR,99
31659652,1,HUMAN FACTOR,8
31659652,1,HUMAN FACTOR,14
31659652,2,HUMAN FACTOR,99
31659663,1,HUMAN FACTOR,11
31659663,2,HUMAN FACTOR,99
31659695,1,HUMAN FACTOR,14
31659695,2,HUMAN FACTOR,99
31660567,1,HUMAN FACTOR,11
31660567,2,HUMAN FACTOR,99
31665930,1,HUMAN FACTOR,14
31665930,2,HUMAN FACTOR,99
31665967,1,HUMAN FACTOR,4
31665967,1,HUMAN FACTOR,12
31665967,1,HUMAN FACTOR,17
31665967,2,HUMAN FACTOR,4
31665967,2,HUMAN FACTOR,17
31667886,1,HUMAN FACTOR,8
31667886,2,HUMAN FACTOR,99
31670443,1,HUMAN FACTOR,97
31670443,2,HUMAN FACTOR,99
31671343,1,HUMAN FACTOR,14
31671343,1,HUMAN FACTOR,18
31671343,2,HUMAN FACTOR,99
31672191,1,HUMAN FACTOR,18
31673598,1,HUMAN FACTOR,9
31673598,1,HUMAN FACTOR,10
31673598,1,HUMAN FACTOR,18
31675646,1,HUMAN FACTOR,18
31675646,2,HUMAN FACTOR,99
31679182,1,HUMAN FACTOR,18
31679182,1,HUMAN FACTOR,22
31679182,2,HUMAN FACTOR,99
31681024,1,HUMAN FACTOR,17
31681024,2,HUMAN FACTOR,99
31681024,3,HUMAN FACTOR,99
31681024,4,HUMAN FACTOR,99
31681024,5,HUMAN FACTOR,99
31681165,1,HUMAN FACTOR,14
31681165,1,HUMAN FACTOR,17
31681165,2,HUMAN FACTOR,99
31685074,1,HUMAN FACTOR,14
31685074,2,HUMAN FACTOR,99
31690705,1,HUMAN FACTOR,3
31690705,1,HUMAN FACTOR,14
31690705,2,HUMAN FACTOR,99
31692373,1,HUMAN FACTOR,14
31692926,1,HUMAN FACTOR,26
31692926,1,HUMAN FACTOR,19
31692926,2,HUMAN FACTOR,99
31692958,1,HUMAN FACTOR,99
31692958,2,HUMAN FACTOR,99
31695339,1,HUMAN FACTOR,21
31695339,2,HUMAN FACTOR,99
31695549,1,HUMAN FACTOR,1
31695549,1,HUMAN FACTOR,26
31695549,2,HUMAN FACTOR,99
31696026,1,HUMAN FACTOR,97
31698361,1,HUMAN FACTOR,99
31701533,1,HUMAN FACTOR,1
31701533,1,HUMAN FACTOR,5
31701533,1,HUMAN FACTOR,14
31701533,2,HUMAN FACTOR,99
31701999,1,HUMAN FACTOR,5
31701999,1,HUMAN FACTOR,14
31701999,2,HUMAN FACTOR,99
31702022,1,HUMAN FACTOR,99
31702022,2,HUMAN FACTOR,99
31707364,1,HUMAN FACTOR,4
31707364,2,HUMAN FACTOR,99
31707396,1,HUMAN FACTOR,8
31707396,2,HUMAN FACTOR,99
31707549,1,HUMAN FACTOR,4
31707549,1,HUMAN FACTOR,12
31707549,1,HUMAN FACTOR,14
31707549,2,HUMAN FACTOR,99
31709606,1,HUMAN FACTOR,3
31709606,1,HUMAN FACTOR,14
31709606,2,HUMAN FACTOR,99
31711642,1,HUMAN FACTOR,17
31711642,2,HUMAN FACTOR,99
31713340,1,HUMAN FACTOR,26
31713340,2,HUMAN FACTOR,99
31714232,1,HUMAN FACTOR,8
31714232,1,HUMAN FACTOR,14
31714232,2,HUMAN FACTOR,99
31716255,1,HUMAN FACTOR,14
31716255,2,HUMAN FACTOR,14
31716255,3,HUMAN FACTOR,99
31721315,1,HUMAN FACTOR,8
31721315,1,HUMAN FACTOR,17
31721315,2,HUMAN FACTOR,26
31721315,2,HUMAN FACTOR,17
31721315,2,HUMAN FACTOR,22
31721315,3,HUMAN FACTOR,99
31723930,1,HUMAN FACTOR,3
31723930,1,HUMAN FACTOR,7
31723930,1,HUMAN FACTOR,14
31724706,1,HUMAN FACTOR,14
31724706,2,HUMAN FACTOR,99
31728454,1,HUMAN FACTOR,4
31728454,1,HUMAN FACTOR,14
31728454,1,HUMAN FACTOR,18
31728454,2,HUMAN FACTOR,99
31730145,1,HUMAN FACTOR,99
31730145,2,HUMAN FACTOR,99
31731081,1,HUMAN FACTOR,3
31731081,1,HUMAN FACTOR,14
31731311,1,HUMAN FACTOR,97
31731311,2,HUMAN FACTOR,97
31735695,1,HUMAN FACTOR,8
31735695,2,HUMAN FACTOR,99
31736618,1,HUMAN FACTOR,12
31736618,1,HUMAN FACTOR,14
31736618,2,HUMAN FACTOR,99
31737436,1,HUMAN FACTOR,12
31737436,1,HUMAN FACTOR,14
31737436,2,HUMAN FACTOR,99
31739198,1,HUMAN FACTOR,4
31739506,1,HUMAN FACTOR,2
31739506,1,HUMAN FACTOR,14
31739506,2,HUMAN FACTOR,99
31742606,1,HUMAN FACTOR,11
31742606,2,HUMAN FACTOR,99
31742606,3,HUMAN FACTOR,11
31742872,1,HUMAN FACTOR,99
31742872,2,HUMAN FACTOR,14
31745510,1,HUMAN FACTOR,11
31745510,1,HUMAN FACTOR,14
31745510,1,HUMAN FACTOR,17
31745510,2,HUMAN FACTOR,99
31747957,1,HUMAN FACTOR,14
31747957,1,HUMAN FACTOR,18
31747957,2,HUMAN FACTOR,99
31748417,1,HUMAN FACTOR,99
31748420,1,HUMAN FACTOR,17
31748420,2,HUMAN FACTOR,99
31748646,1,HUMAN FACTOR,14
31748646,2,HUMAN FACTOR,3
31750828,1,HUMAN FACTOR,3
31750828,1,HUMAN FACTOR,8
31750828,2,HUMAN FACTOR,99
31753757,1,HUMAN FACTOR,14
31753757,1,HUMAN FACTOR,17
31753757,2,HUMAN FACTOR,99
31753783,1,HUMAN FACTOR,97
31753783,2,HUMAN FACTOR,99
31754381,1,HUMAN FACTOR,17
31754381,2,HUMAN FACTOR,99
31756812,1,HUMAN FACTOR,11
31756812,1,HUMAN FACTOR,18
31756812,2,HUMAN FACTOR,99
31759136,1,HUMAN FACTOR,97
31759136,2,HUMAN FACTOR,99
31759418,1,HUMAN FACTOR,14
31759418,2,HUMAN FACTOR,99
31759489,1,HUMAN FACTOR,11
31759489,1,HUMAN FACTOR,18
31759489,2,HUMAN FACTOR,99
31760047,2,HUMAN FACTOR,99
31760352,1,HUMAN FACTOR,17
31760352,2,HUMAN FACTOR,99
31764360,1,HUMAN FACTOR,14
31764360,2,HUMAN FACTOR,99
31764380,1,HUMAN FACTOR,97
31764380,2,HUMAN FACTOR,99
31770323,1,HUMAN FACTOR,8
31770323,2,HUMAN FACTOR,99
31770378,1,HUMAN FACTOR,99
31770378,2,HUMAN FACTOR,99
31771985,1,HUMAN FACTOR,11
31771985,1,HUMAN FACTOR,14
31771985,1,HUMAN FACTOR,18
31771985,2,HUMAN FACTOR,99
31775856,1,HUMAN FACTOR,97
31777794,1,HUMAN FACTOR,14
31783029,1,HUMAN FACTOR,14
31784616,1,HUMAN FACTOR,14
31784616,2,HUMAN FACTOR,99
31784616,3,HUMAN FACTOR,99
31784616,4,HUMAN FACTOR,99
31784765,1,HUMAN FACTOR,17
31784765,2,HUMAN FACTOR,99
31785166,1,HUMAN FACTOR,99
31785549,1,HUMAN FACTOR,14
31785549,2,HUMAN FACTOR,99
31785787,1,HUMAN FACTOR,99
31785787,2,HUMAN FACTOR,99
31786777,1,HUMAN FACTOR,11
31786777,2,HUMAN FACTOR,99
31787746,1,HUMAN FACTOR,8
31787746,2,HUMAN FACTOR,99
31789965,1,HUMAN FACTOR,11
31789965,2,HUMAN FACTOR,99
31791551,1,HUMAN FACTOR,14
31791551,2,HUMAN FACTOR,99
31794682,1,HUMAN FACTOR,1
31794682,1,HUMAN FACTOR,5
31794682,1,HUMAN FACTOR,26
31795016,1,HUMAN FACTOR,3
31795016,2,HUMAN FACTOR,99
31795029,1,HUMAN FACTOR,14
31795029,2,HUMAN FACTOR,99
31795041,1,HUMAN FACTOR,14
31799332,1,HUMAN FACTOR,26
31799332,2,HUMAN FACTOR,26
31801941,1,HUMAN FACTOR,18
31801941,2,HUMAN FACTOR,14
31803756,1,HUMAN FACTOR,99
31803756,2,HUMAN FACTOR,99
31803772,1,HUMAN FACTOR,8
31803772,2,HUMAN FACTOR,99
31805389,1,HUMAN FACTOR,14
31805389,2,HUMAN FACTOR,99
31805406,1,HUMAN FACTOR,26
31805406,2,HUMAN FACTOR,26
31805406,2,HUMAN FACTOR,13
31813441,1,HUMAN FACTOR,11
31813441,1,HUMAN FACTOR,14
31813441,2,HUMAN FACTOR,99
31813441,3,HUMAN FACTOR,99
31813754,1,HUMAN FACTOR,99
31813754,2,HUMAN FACTOR,99
31813846,1,HUMAN FACTOR,22
31813846,2,HUMAN FACTOR,99
31813916,1,HUMAN FACTOR,14
31814360,1,HUMAN FACTOR,12
31814360,2,HUMAN FACTOR,99
31814577,1,HUMAN FACTOR,14
31814577,2,HUMAN FACTOR,99
31814577,3,HUMAN FACTOR,99
31814577,4,HUMAN FACTOR,99
31814577,5,HUMAN FACTOR,99
31814577,6,HUMAN FACTOR,99
31814577,7,HUMAN FACTOR,99
31814577,8,HUMAN FACTOR,99
31815667,1,HUMAN FACTOR,8
31815667,1,HUMAN FACTOR,17
31815667,2,HUMAN FACTOR,99
31816220,1,HUMAN FACTOR,14
31816220,2,HUMAN FACTOR,99
31816456,1,HUMAN FACTOR,26
31816456,1,HUMAN FACTOR,17
31816456,2,HUMAN FACTOR,99
31820285,1,HUMAN FACTOR,13
31820285,2,HUMAN FACTOR,99
31821115,1,HUMAN FACTOR,4
31821115,1,HUMAN FACTOR,26
31821115,1,HUMAN FACTOR,14
31821115,2,HUMAN FACTOR,99
31823285,1,HUMAN FACTOR,3
31823285,1,HUMAN FACTOR,14
31823285,2,HUMAN FACTOR,99
31823671,1,HUMAN FACTOR,5
31823671,1,HUMAN FACTOR,14
31823671,2,HUMAN FACTOR,99
31823963,1,HUMAN FACTOR,1
31823963,1,HUMAN FACTOR,17
31823963,2,HUMAN FACTOR,99
31824250,1,HUMAN FACTOR,4
31824250,1,HUMAN FACTOR,14
31824250,2,HUMAN FACTOR,99
31825283,1,HUMAN FACTOR,99
31825283,2,HUMAN FACTOR,99
31825283,3,HUMAN FACTOR,99
31828071,1,HUMAN FACTOR,99
31828582,1,HUMAN FACTOR,18
31828582,2,HUMAN FACTOR,99
31828822,1,HUMAN FACTOR,17
31828822,2,HUMAN FACTOR,99
31831449,1,HUMAN FACTOR,14
31831449,2,HUMAN FACTOR,18
31831449,3,HUMAN FACTOR,99
31831452,1,HUMAN FACTOR,18
31831452,2,HUMAN FACTOR,99
31831453,1,HUMAN FACTOR,18
31831453,2,HUMAN FACTOR,99
31831455,1,HUMAN FACTOR,11
31831455,2,HUMAN FACTOR,99
31834371,1,HUMAN FACTOR,14
31834371,2,HUMAN FACTOR,99
31836883,1,HUMAN FACTOR,14
31836883,1,HUMAN FACTOR,17
31836883,2,HUMAN FACTOR,99
31836883,3,HUMAN FACTOR,99
31836884,1,HUMAN FACTOR,14
31836884,2,HUMAN FACTOR,99
31836884,3,HUMAN FACTOR,99
31836884,4,HUMAN FACTOR,99
31836884,5,HUMAN FACTOR,99
31840757,1,HUMAN FACTOR,18
31840757,1,HUMAN FACTOR,22
31840757,2,HUMAN FACTOR,18
31840757,2,HUMAN FACTOR,22
31840757,3,HUMAN FACTOR,18
31840757,3,HUMAN FACTOR,22
31840757,4,HUMAN FACTOR,99
31840785,1,HUMAN FACTOR,14
31840785,2,HUMAN FACTOR,99
31841652,1,HUMAN FACTOR,14
31841652,1,HUMAN FACTOR,17
31843068,1,HUMAN FACTOR,99
31843068,2,HUMAN FACTOR,99
31843068,3,HUMAN FACTOR,99
31843076,1,HUMAN FACTOR,17
31843076,2,HUMAN FACTOR,99
31843084,1,HUMAN FACTOR,6
31843084,2,HUMAN FACTOR,99
31843353,1,HUMAN FACTOR,7
31843353,1,HUMAN FACTOR,14
31843353,2,HUMAN FACTOR,99
31843354,1,HUMAN FACTOR,18
31843354,1,HUMAN FACTOR,22
31843354,2,HUMAN FACTOR,99
31846006,1,HUMAN FACTOR,14
31846006,2,HUMAN FACTOR,99
31847414,1,HUMAN FACTOR,8
31847414,1,HUMAN FACTOR,14
31847414,2,HUMAN FACTOR,99
31849398,1,HUMAN FACTOR,14
31849398,2,HUMAN FACTOR,99
31852482,1,HUMAN FACTOR,99
31852760,1,HUMAN FACTOR,14
31852760,2,HUMAN FACTOR,99
31852964,1,HUMAN FACTOR,18
31852964,2,HUMAN FACTOR,99
31852964,3,HUMAN FACTOR,99
31856567,2,HUMAN FACTOR,99
31856901,1,HUMAN FACTOR,14
31857453,1,HUMAN FACTOR,14
31857453,2,HUMAN FACTOR,99
31858459,1,HUMAN FACTOR,14
31858459,2,HUMAN FACTOR,99
31861022,1,HUMAN FACTOR,14
31861022,2,HUMAN FACTOR,99
31861700,1,HUMAN FACTOR,14
31861700,2,HUMAN FACTOR,99
31862262,1,HUMAN FACTOR,14
31862262,2,HUMAN FACTOR,99
31864390,1,HUMAN FACTOR,8
31864390,1,HUMAN FACTOR,14
31864390,1,HUMAN FACTOR,17
31864390,2,HUMAN FACTOR,99
31866026,1,HUMAN FACTOR,11
31866026,2,HUMAN FACTOR,99
31866053,1,HUMAN FACTOR,19
31867981,1,HUMAN FACTOR,14
31867981,2,HUMAN FACTOR,99
31868638,1,HUMAN FACTOR,8
31868638,1,HUMAN FACTOR,17
31868638,2,HUMAN FACTOR,99
31868922,1,HUMAN FACTOR,22
31870018,1,HUMAN FACTOR,99
31871448,2,HUMAN FACTOR,99
31872362,1,HUMAN FACTOR,14
31872362,2,HUMAN FACTOR,99
31872857,1,HUMAN FACTOR,14
31872857,2,HUMAN FACTOR,99
31872857,3,HUMAN FACTOR,99
31874139,1,HUMAN FACTOR,97
31876881,1,HUMAN FACTOR,17
31876881,2,HUMAN FACTOR,99
31878053,1,HUMAN FACTOR,99
31881210,1,HUMAN FACTOR,14
31881210,2,HUMAN FACTOR,99
31882095,1,HUMAN FACTOR,17
31882095,2,HUMAN FACTOR,99
31883506,1,HUMAN FACTOR,12
31883506,1,HUMAN FACTOR,17
31883506,2,HUMAN FACTOR,99
31884890,1,HUMAN FACTOR,4
31884890,1,HUMAN FACTOR,14
31884890,2,HUMAN FACTOR,99
31885648,1,HUMAN FACTOR,4
31885648,1,HUMAN FACTOR,14
31885648,2,HUMAN FACTOR,99
31886823,1,HUMAN FACTOR,97
31890939,1,HUMAN FACTOR,11
31890939,1,HUMAN FACTOR,17
31890939,2,HUMAN FACTOR,11
31890939,3,HUMAN FACTOR,99
31891426,1,HUMAN FACTOR,2
31892915,1,HUMAN FACTOR,14
31893537,1,HUMAN FACTOR,11
31893537,1,HUMAN FACTOR,14
31893537,2,HUMAN FACTOR,11
31893537,3,HUMAN FACTOR,11
31893537,4,HUMAN FACTOR,11
31893537,5,HUMAN FACTOR,99
31895193,1,HUMAN FACTOR,19
31895193,2,HUMAN FACTOR,99
31896428,1,HUMAN FACTOR,97
31896428,2,HUMAN FACTOR,99
31896428,3,HUMAN FACTOR,3
31896428,3,HUMAN FACTOR,18
31897362,1,HUMAN FACTOR,1
31897362,1,HUMAN FACTOR,3
31897362,1,HUMAN FACTOR,23
31898162,1,HUMAN FACTOR,10
31898162,2,HUMAN FACTOR,99
31898163,1,HUMAN FACTOR,14
31898163,2,HUMAN FACTOR,99
31898164,1,HUMAN FACTOR,17
31898164,2,HUMAN FACTOR,99
31899488,1,HUMAN FACTOR,14
31899488,2,HUMAN FACTOR,99
31900490,1,HUMAN FACTOR,14
31900490,1,HUMAN FACTOR,18
31900490,2,HUMAN FACTOR,99
31900490,3,HUMAN FACTOR,99
31900490,4,HUMAN FACTOR,99
31900492,1,HUMAN FACTOR,11
31900492,1,HUMAN FACTOR,14
31900492,1,HUMAN FACTOR,18
31900492,2,HUMAN FACTOR,99
31902031,1,HUMAN FACTOR,14
31902031,1,HUMAN FACTOR,17
31902031,2,HUMAN FACTOR,99
31902118,1,HUMAN FACTOR,17
31902118,2,HUMAN FACTOR,99
31903235,1,HUMAN FACTOR,14
31903235,1,HUMAN FACTOR,17
31903235,2,HUMAN FACTOR,99
31903376,1,HUMAN FACTOR,18
31903970,1,HUMAN FACTOR,14
31903970,1,HUMAN FACTOR,18
31903970,1,HUMAN FACTOR,19
31906261,1,HUMAN FACTOR,97
31906261,2,HUMAN FACTOR,99
31906521,1,HUMAN FACTOR,18
31906521,2,HUMAN FACTOR,99
31907056,1,HUMAN FACTOR,11
31907056,1,HUMAN FACTOR,18
31907056,2,HUMAN FACTOR,99
31910679,1,HUMAN FACTOR,99
31913576,1,HUMAN FACTOR,7
31913576,1,HUMAN FACTOR,14
31913576,2,HUMAN FACTOR,99
31913576,3,HUMAN FACTOR,99
31916353,1,HUMAN FACTOR,3
31916353,2,HUMAN FACTOR,99
31916412,1,HUMAN FACTOR,17
31916412,2,HUMAN FACTOR,99
31917034,1,HUMAN FACTOR,99
31917034,2,HUMAN FACTOR,99
31918122,1,HUMAN FACTOR,99
31918122,2,HUMAN FACTOR,99
31918575,1,HUMAN FACTOR,11
31918575,1,HUMAN FACTOR,14
31918575,2,HUMAN FACTOR,11
31918575,2,HUMAN FACTOR,14
31922673,1,HUMAN FACTOR,99
31923398,1,HUMAN FACTOR,18
31923398,2,HUMAN FACTOR,99
31924555,1,HUMAN FACTOR,9
31924555,1,HUMAN FACTOR,10
31924555,2,HUMAN FACTOR,99
31924556,1,HUMAN FACTOR,26
31924556,2,HUMAN FACTOR,99
31925580,1,HUMAN FACTOR,99
31925580,2,HUMAN FACTOR,99
31926583,1,HUMAN FACTOR,97
31926583,2,HUMAN FACTOR,99
31926583,3,HUMAN FACTOR,97
31930767,1,HUMAN FACTOR,11
31930767,1,HUMAN FACTOR,14
31930767,1,HUMAN FACTOR,17
31930767,2,HUMAN FACTOR,11
31930767,2,HUMAN FACTOR,14
31930767,2,HUMAN FACTOR,17
31930767,3,HUMAN FACTOR,14
31931520,1,HUMAN FACTOR,17
31931520,2,HUMAN FACTOR,99
31931593,1,HUMAN FACTOR,99
31931593,2,HUMAN FACTOR,99
31931599,1,HUMAN FACTOR,14
31931599,2,HUMAN FACTOR,14
31931662,1,HUMAN FACTOR,14
31931662,1,HUMAN FACTOR,18
31932156,1,HUMAN FACTOR,3
31932156,1,HUMAN FACTOR,8
31932156,2,HUMAN FACTOR,99
31932711,1,HUMAN FACTOR,18
31932711,2,HUMAN FACTOR,18
31932712,1,HUMAN FACTOR,14
31932712,1,HUMAN FACTOR,18
31932712,2,HUMAN FACTOR,99
31932835,1,HUMAN FACTOR,17
31932835,1,HUMAN FACTOR,18
31933057,1,HUMAN FACTOR,18
31933070,1,HUMAN FACTOR,99
31933070,2,HUMAN FACTOR,99
31937255,1,HUMAN FACTOR,14
31937255,2,HUMAN FACTOR,99
31937255,3,HUMAN FACTOR,99
31950275,1,HUMAN FACTOR,18
31950275,2,HUMAN FACTOR,97
31951159,1,HUMAN FACTOR,2
31951159,1,HUMAN FACTOR,3
31951159,2,HUMAN FACTOR,99
31951164,1,HUMAN FACTOR,11
31951164,1,HUMAN FACTOR,14
31951164,2,HUMAN FACTOR,99
31951869,1,HUMAN FACTOR,97
31951869,2,HUMAN FACTOR,97
31953637,1,HUMAN FACTOR,17
31953637,2,HUMAN FACTOR,99
31954251,2,HUMAN FACTOR,99
31965957,1,HUMAN FACTOR,99
31965957,2,HUMAN FACTOR,99
31965969,1,HUMAN FACTOR,99
31965983,1,HUMAN FACTOR,26
31965983,1,HUMAN FACTOR,14
31965983,2,HUMAN FACTOR,99
31966917,1,HUMAN FACTOR,97
31966917,2,HUMAN FACTOR,99
31967432,2,HUMAN FACTOR,99
31969009,2,HUMAN FACTOR,99
31969009,3,HUMAN FACTOR,99
31969506,1,HUMAN FACTOR,2
31969506,1,HUMAN FACTOR,4
31969506,1,HUMAN FACTOR,18
31969506,2,HUMAN FACTOR,99
31970697,1,HUMAN FACTOR,1
31970942,1,HUMAN FACTOR,14
31970942,2,HUMAN FACTOR,99
31970979,1,HUMAN FACTOR,14
31970979,2,HUMAN FACTOR,99
31971086,1,HUMAN FACTOR,11
31971086,2,HUMAN FACTOR,99
31971086,3,HUMAN FACTOR,11
31971086,4,HUMAN FACTOR,11
31972405,1,HUMAN FACTOR,11
31972405,2,HUMAN FACTOR,99
31973278,1,HUMAN FACTOR,99
31973318,1,HUMAN FACTOR,17
31973318,2,HUMAN FACTOR,99
31973319,1,HUMAN FACTOR,17
31973319,2,HUMAN FACTOR,99
31975686,1,HUMAN FACTOR,99
31975686,2,HUMAN FACTOR,99
31976392,1,HUMAN FACTOR,99
31976392,2,HUMAN FACTOR,99
31978113,1,HUMAN FACTOR,11
31978113,1,HUMAN FACTOR,14
31978113,2,HUMAN FACTOR,99
31978985,1,HUMAN FACTOR,4
31978985,1,HUMAN FACTOR,8
31978985,2,HUMAN FACTOR,99
31981323,1,HUMAN FACTOR,17
31981323,2,HUMAN FACTOR,17
31981342,1,HUMAN FACTOR,11
31981342,2,HUMAN FACTOR,97
31981531,1,HUMAN FACTOR,14
31981531,1,HUMAN FACTOR,17
31981531,2,HUMAN FACTOR,99
31981976,1,HUMAN FACTOR,26
31981976,1,HUMAN FACTOR,19
31982991,1,HUMAN FACTOR,14
31982991,2,HUMAN FACTOR,99
31983137,2,HUMAN FACTOR,99
31983137,1,HUMAN FACTOR,14
31983198,1,HUMAN FACTOR,18
31983198,2,HUMAN FACTOR,99
31984466,1,HUMAN FACTOR,26
31984466,2,HUMAN FACTOR,99
31984639,1,HUMAN FACTOR,3
31984639,1,HUMAN FACTOR,14
31984639,2,HUMAN FACTOR,99
31986434,1,HUMAN FACTOR,99
31986434,2,HUMAN FACTOR,99
31988934,1,HUMAN FACTOR,17
31988934,2,HUMAN FACTOR,99
31989592,1,HUMAN FACTOR,14
31989592,2,HUMAN FACTOR,23
31991429,1,HUMAN FACTOR,11
31991429,2,HUMAN FACTOR,99
31991429,3,HUMAN FACTOR,99
31991511,1,HUMAN FACTOR,8
31991511,2,HUMAN FACTOR,99
31992496,1,HUMAN FACTOR,3
31992496,1,HUMAN FACTOR,14
31993383,1,HUMAN FACTOR,14
31993383,2,HUMAN FACTOR,99
31993818,1,HUMAN FACTOR,97
31993818,2,HUMAN FACTOR,97
31994198,1,HUMAN FACTOR,10
31994198,1,HUMAN FACTOR,18
31994198,1,HUMAN FACTOR,19
31994486,1,HUMAN FACTOR,99
31996861,1,HUMAN FACTOR,14
31996861,2,HUMAN FACTOR,99
31997124,1,HUMAN FACTOR,18
31997124,2,HUMAN FACTOR,99
31997200,1,HUMAN FACTOR,26
31997200,2,HUMAN FACTOR,99
32001135,2,HUMAN FACTOR,99
32001353,1,HUMAN FACTOR,17
32001353,2,HUMAN FACTOR,99
32002014,1,HUMAN FACTOR,26
32002014,2,HUMAN FACTOR,26
32004072,1,HUMAN FACTOR,11
32004072,1,HUMAN FACTOR,14
32004072,2,HUMAN FACTOR,99
32005966,1,HUMAN FACTOR,11
32005966,1,HUMAN FACTOR,18
32005966,2,HUMAN FACTOR,99
32005966,3,HUMAN FACTOR,11
32005966,3,HUMAN FACTOR,18
32006010,1,HUMAN FACTOR,99
32009582,1,HUMAN FACTOR,14
32009582,2,HUMAN FACTOR,99
32009582,3,HUMAN FACTOR,14
32009582,3,HUMAN FACTOR,17
32012862,1,HUMAN FACTOR,8
32012862,2,HUMAN FACTOR,99
32018077,1,HUMAN FACTOR,14
32020095,1,HUMAN FACTOR,99
32020095,2,HUMAN FACTOR,99
32021724,1,HUMAN FACTOR,26
32022084,1,HUMAN FACTOR,26
32022084,1,HUMAN FACTOR,14
32022084,2,HUMAN FACTOR,99
32023249,1,HUMAN FACTOR,14
32023249,2,HUMAN FACTOR,99
32023847,1,HUMAN FACTOR,8
32023847,1,HUMAN FACTOR,14
32023847,2,HUMAN FACTOR,99
32024053,1,HUMAN FACTOR,99
32024053,2,HUMAN FACTOR,99
32026189,1,HUMAN FACTOR,14
32026189,1,HUMAN FACTOR,17
32026189,1,HUMAN FACTOR,18
32026189,2,HUMAN FACTOR,99
32026439,1,HUMAN FACTOR,14
32026439,2,HUMAN FACTOR,99
32026658,1,HUMAN FACTOR,10
32026876,1,HUMAN FACTOR,14
32026876,2,HUMAN FACTOR,99
32026945,1,HUMAN FACTOR,1
32027051,1,HUMAN FACTOR,18
32027438,1,HUMAN FACTOR,99
32027458,1,HUMAN FACTOR,26
32027458,2,HUMAN FACTOR,99
32028472,1,HUMAN FACTOR,4
32028472,2,HUMAN FACTOR,99
32032264,1,HUMAN FACTOR,17
32032264,2,HUMAN FACTOR,99
32032678,1,HUMAN FACTOR,14
32032678,2,HUMAN FACTOR,99
32032873,1,HUMAN FACTOR,99
32034136,1,HUMAN FACTOR,14
32034136,2,HUMAN FACTOR,99
32034136,3,HUMAN FACTOR,99
32035993,1,HUMAN FACTOR,14
32035993,1,HUMAN FACTOR,18
32037184,1,HUMAN FACTOR,1
32037184,1,HUMAN FACTOR,26
32037184,1,HUMAN FACTOR,18
32037194,1,HUMAN FACTOR,17
32037194,2,HUMAN FACTOR,99
32039828,1,HUMAN FACTOR,1
32039828,1,HUMAN FACTOR,3
32039828,1,HUMAN FACTOR,14
32041075,1,HUMAN FACTOR,8
32041075,1,HUMAN FACTOR,97
32041075,2,HUMAN FACTOR,99
32041844,1,HUMAN FACTOR,18
32041990,1,HUMAN FACTOR,17
32041990,2,HUMAN FACTOR,99
32042461,1,HUMAN FACTOR,9
32042461,1,HUMAN FACTOR,18
32042799,1,HUMAN FACTOR,17
32042799,2,HUMAN FACTOR,99
32044193,1,HUMAN FACTOR,18
32044193,2,HUMAN FACTOR,99
32044267,1,HUMAN FACTOR,14
32044267,2,HUMAN FACTOR,99
32045428,1,HUMAN FACTOR,2
32046059,1,HUMAN FACTOR,8
32046059,1,HUMAN FACTOR,14
32046059,1,HUMAN FACTOR,17
32046059,2,HUMAN FACTOR,99
32046061,1,HUMAN FACTOR,11
32046061,1,HUMAN FACTOR,18
32046061,2,HUMAN FACTOR,99
32046061,3,HUMAN FACTOR,99
32046310,1,HUMAN FACTOR,14
32046310,2,HUMAN FACTOR,99
32046853,2,HUMAN FACTOR,99
32047293,1,HUMAN FACTOR,17
32047293,2,HUMAN FACTOR,99
32047634,1,HUMAN FACTOR,99
32047634,2,HUMAN FACTOR,99
32050369,1,HUMAN FACTOR,99
32050369,2,HUMAN FACTOR,99
32051143,1,HUMAN FACTOR,99
32051143,2,HUMAN FACTOR,99
32051144,1,HUMAN FACTOR,99
32051144,2,HUMAN FACTOR,99
32051600,1,HUMAN FACTOR,18
32051645,1,HUMAN FACTOR,18
32056574,1,HUMAN FACTOR,4
32056574,1,HUMAN FACTOR,8
32056574,2,HUMAN FACTOR,99
32056597,1,HUMAN FACTOR,99
32057718,1,HUMAN FACTOR,14
32057718,1,HUMAN FACTOR,17
32057718,2,HUMAN FACTOR,99
32058153,1,HUMAN FACTOR,99
32058323,3,HUMAN FACTOR,99
32058323,2,HUMAN FACTOR,99
32058323,1,HUMAN FACTOR,17
32058950,1,HUMAN FACTOR,14
32059975,1,HUMAN FACTOR,26
32059975,1,HUMAN FACTOR,14
32059975,2,HUMAN FACTOR,99
32059990,1,HUMAN FACTOR,14
32059990,2,HUMAN FACTOR,99
32059990,3,HUMAN FACTOR,99
32061162,2,HUMAN FACTOR,99
32061162,1,HUMAN FACTOR,4
32061162,1,HUMAN FACTOR,14
32061162,1,HUMAN FACTOR,18
32062302,1,HUMAN FACTOR,17
32062302,2,HUMAN FACTOR,99
32062302,3,HUMAN FACTOR,99
32064079,1,HUMAN FACTOR,17
32064079,2,HUMAN FACTOR,99
32064193,1,HUMAN FACTOR,14
32064193,2,HUMAN FACTOR,99
32064464,1,HUMAN FACTOR,14
32064464,1,HUMAN FACTOR,19
32064464,1,HUMAN FACTOR,22
32066240,1,HUMAN FACTOR,11
32066240,2,HUMAN FACTOR,99
32067076,1,HUMAN FACTOR,99
32067076,2,HUMAN FACTOR,99
32070299,1,HUMAN FACTOR,99
32070299,2,HUMAN FACTOR,99
32070899,1,HUMAN FACTOR,14
32070899,2,HUMAN FACTOR,99
32071293,1,HUMAN FACTOR,17
32071293,2,HUMAN FACTOR,99
32071310,1,HUMAN FACTOR,97
32071357,1,HUMAN FACTOR,8
32071357,2,HUMAN FACTOR,99
32071376,1,HUMAN FACTOR,99
32071657,1,HUMAN FACTOR,14
32071657,2,HUMAN FACTOR,99
32071872,1,HUMAN FACTOR,3
32071872,1,HUMAN FACTOR,14
32071872,2,HUMAN FACTOR,99
32071872,3,HUMAN FACTOR,99
32071919,1,HUMAN FACTOR,99
32071919,2,HUMAN FACTOR,9
32071919,3,HUMAN FACTOR,99
32072042,1,HUMAN FACTOR,99
32074980,1,HUMAN FACTOR,99
32074980,2,HUMAN FACTOR,99
32074980,3,HUMAN FACTOR,99
32076782,1,HUMAN FACTOR,14
32076782,2,HUMAN FACTOR,99
32076782,3,HUMAN FACTOR,99
32078120,1,HUMAN FACTOR,14
32078120,1,HUMAN FACTOR,17
32078120,2,HUMAN FACTOR,99
32078930,1,HUMAN FACTOR,26
32079330,1,HUMAN FACTOR,97
32079330,2,HUMAN FACTOR,99
32081505,1,HUMAN FACTOR,99
32081505,2,HUMAN FACTOR,99
32082526,1,HUMAN FACTOR,14
32082526,2,HUMAN FACTOR,99
32082570,1,HUMAN FACTOR,8
32082570,1,HUMAN FACTOR,14
32082570,2,HUMAN FACTOR,99
32084257,1,HUMAN FACTOR,18
32084299,1,HUMAN FACTOR,18
32084299,1,HUMAN FACTOR,22
32084299,2,HUMAN FACTOR,99
32084299,3,HUMAN FACTOR,99
32084299,4,HUMAN FACTOR,99
32084486,1,HUMAN FACTOR,8
32084486,2,HUMAN FACTOR,99
32086104,1,HUMAN FACTOR,99
32086104,2,HUMAN FACTOR,99
32086456,1,HUMAN FACTOR,2
32086456,1,HUMAN FACTOR,14
32086456,2,HUMAN FACTOR,99
32086456,3,HUMAN FACTOR,99
32086885,1,HUMAN FACTOR,4
32086885,1,HUMAN FACTOR,14
32086885,2,HUMAN FACTOR,99
32086886,1,HUMAN FACTOR,14
32086886,2,HUMAN FACTOR,99
32086919,1,HUMAN FACTOR,11
32086919,1,HUMAN FACTOR,17
32086919,2,HUMAN FACTOR,99
32088220,1,HUMAN FACTOR,99
32088547,1,HUMAN FACTOR,3
32088547,2,HUMAN FACTOR,99
32089061,1,HUMAN FACTOR,17
32089061,2,HUMAN FACTOR,99
32089061,3,HUMAN FACTOR,99
32090246,1,HUMAN FACTOR,8
32090246,2,HUMAN FACTOR,99
32091088,1,HUMAN FACTOR,99
32091244,1,HUMAN FACTOR,8
32091244,2,HUMAN FACTOR,99
32091392,1,HUMAN FACTOR,99
32091637,1,HUMAN FACTOR,14
32091637,1,HUMAN FACTOR,18
32091637,2,HUMAN FACTOR,99
32093889,1,HUMAN FACTOR,97
32093889,2,HUMAN FACTOR,99
32094795,1,HUMAN FACTOR,12
32094795,2,HUMAN FACTOR,99
32099937,1,HUMAN FACTOR,11
32099937,2,HUMAN FACTOR,99
32099964,1,HUMAN FACTOR,99
32099964,2,HUMAN FACTOR,99
32101675,1,HUMAN FACTOR,99
32101675,2,HUMAN FACTOR,4
32101675,3,HUMAN FACTOR,99
32101721,1,HUMAN FACTOR,8
32101721,1,HUMAN FACTOR,14
32101721,2,HUMAN FACTOR,99
32104111,1,HUMAN FACTOR,26
32104111,2,HUMAN FACTOR,99
32104332,1,HUMAN FACTOR,99
32110144,1,HUMAN FACTOR,97
32112478,1,HUMAN FACTOR,99
32112508,1,HUMAN FACTOR,26
32112508,1,HUMAN FACTOR,8
32112508,2,HUMAN FACTOR,99
32112547,1,HUMAN FACTOR,14
32112547,2,HUMAN FACTOR,99
32112677,1,HUMAN FACTOR,14
32112677,2,HUMAN FACTOR,99
32113466,1,HUMAN FACTOR,26
32113466,1,HUMAN FACTOR,14
32113466,2,HUMAN FACTOR,99
32113617,1,HUMAN FACTOR,6
32113617,1,HUMAN FACTOR,26
32113617,1,HUMAN FACTOR,14
32113617,2,HUMAN FACTOR,99
32116187,1,HUMAN FACTOR,99
32116187,2,HUMAN FACTOR,99
32116617,1,HUMAN FACTOR,99
32117585,1,HUMAN FACTOR,14
32117585,2,HUMAN FACTOR,99
32118089,1,HUMAN FACTOR,99
32119810,1,HUMAN FACTOR,17
32119810,1,HUMAN FACTOR,18
32119810,2,HUMAN FACTOR,99
32119810,3,HUMAN FACTOR,99
32119810,4,HUMAN FACTOR,99
32119810,5,HUMAN FACTOR,99
32120849,1,HUMAN FACTOR,14
32121779,1,HUMAN FACTOR,97
32121780,1,HUMAN FACTOR,18
32121780,2,HUMAN FACTOR,99
32124559,1,HUMAN FACTOR,14
32124559,2,HUMAN FACTOR,99
32127662,1,HUMAN FACTOR,14
32127662,2,HUMAN FACTOR,99
32132758,1,HUMAN FACTOR,13
32132758,1,HUMAN FACTOR,14
32132758,2,HUMAN FACTOR,99
32132760,1,HUMAN FACTOR,26
32132760,2,HUMAN FACTOR,99
32134235,1,HUMAN FACTOR,14
32134235,2,HUMAN FACTOR,99
32136121,1,HUMAN FACTOR,8
32136121,1,HUMAN FACTOR,14
32136121,2,HUMAN FACTOR,99
32136501,1,HUMAN FACTOR,7
32136501,1,HUMAN FACTOR,11
32136501,1,HUMAN FACTOR,22
32136501,2,HUMAN FACTOR,99
32138460,1,HUMAN FACTOR,18
32138460,2,HUMAN FACTOR,99
32140350,1,HUMAN FACTOR,99
32140350,2,HUMAN FACTOR,99
32144687,1,HUMAN FACTOR,99
32144687,2,HUMAN FACTOR,99
32156386,1,HUMAN FACTOR,18
32157800,1,HUMAN FACTOR,14
32157800,1,HUMAN FACTOR,18
32157800,2,HUMAN FACTOR,99
32160197,1,HUMAN FACTOR,97
32160197,2,HUMAN FACTOR,99
32160359,1,HUMAN FACTOR,14
32160359,1,HUMAN FACTOR,18
32162415,1,HUMAN FACTOR,18
32162415,2,HUMAN FACTOR,99
32162490,1,HUMAN FACTOR,99
32164217,1,HUMAN FACTOR,97
32164217,2,HUMAN FACTOR,99
32164729,1,HUMAN FACTOR,11
32164729,2,HUMAN FACTOR,99
32167675,1,HUMAN FACTOR,8
32167675,2,HUMAN FACTOR,99
32171419,1,HUMAN FACTOR,99
32172525,1,HUMAN FACTOR,18
32172525,1,HUMAN FACTOR,19
32173883,1,HUMAN FACTOR,11
32173883,2,HUMAN FACTOR,99
32173883,3,HUMAN FACTOR,99
32174053,1,HUMAN FACTOR,4
32174053,1,HUMAN FACTOR,11
32174053,2,HUMAN FACTOR,99
32174065,1,HUMAN FACTOR,14
32176774,1,HUMAN FACTOR,8
32176774,1,HUMAN FACTOR,13
32176774,1,HUMAN FACTOR,18
32176774,2,HUMAN FACTOR,99
32176864,1,HUMAN FACTOR,17
32176864,2,HUMAN FACTOR,99
32177101,1,HUMAN FACTOR,11
32177101,1,HUMAN FACTOR,14
32177101,1,HUMAN FACTOR,17
32177101,2,HUMAN FACTOR,99
32181632,1,HUMAN FACTOR,8
32181632,2,HUMAN FACTOR,99
32182519,1,HUMAN FACTOR,17
32182519,2,HUMAN FACTOR,99
32184804,1,HUMAN FACTOR,8
32184804,2,HUMAN FACTOR,99
32184856,1,HUMAN FACTOR,14
32184856,2,HUMAN FACTOR,99
32185608,1,HUMAN FACTOR,14
32185608,2,HUMAN FACTOR,99
32187938,1,HUMAN FACTOR,14
32187938,2,HUMAN FACTOR,99
32188430,1,HUMAN FACTOR,97
32190101,1,HUMAN FACTOR,14
32190101,1,HUMAN FACTOR,18
32190988,1,HUMAN FACTOR,14
32190988,2,HUMAN FACTOR,99
32190988,3,HUMAN FACTOR,99
32190988,4,HUMAN FACTOR,99
32191010,1,HUMAN FACTOR,97
32191010,2,HUMAN FACTOR,99
32191580,1,HUMAN FACTOR,14
32191580,2,HUMAN FACTOR,99
32192509,1,HUMAN FACTOR,14
32192509,2,HUMAN FACTOR,99
32192511,1,HUMAN FACTOR,14
32192511,2,HUMAN FACTOR,99
32193349,1,HUMAN FACTOR,3
32193349,2,HUMAN FACTOR,14
32193420,1,HUMAN FACTOR,14
32193420,1,HUMAN FACTOR,17
32193420,2,HUMAN FACTOR,17
32193943,1,HUMAN FACTOR,8
32193943,1,HUMAN FACTOR,17
32193943,2,HUMAN FACTOR,99
32194158,1,HUMAN FACTOR,4
32194158,1,HUMAN FACTOR,8
32194158,2,HUMAN FACTOR,99
32194227,1,HUMAN FACTOR,14
32194227,2,HUMAN FACTOR,99
32196208,1,HUMAN FACTOR,11
32196208,2,HUMAN FACTOR,99
32197199,1,HUMAN FACTOR,18
32197199,2,HUMAN FACTOR,99
32197199,3,HUMAN FACTOR,99
32198736,1,HUMAN FACTOR,99
32200972,1,HUMAN FACTOR,17
32200972,2,HUMAN FACTOR,99
32202256,1,HUMAN FACTOR,18
32202256,2,HUMAN FACTOR,99
32203110,1,HUMAN FACTOR,15
32203110,2,HUMAN FACTOR,99
32203110,3,HUMAN FACTOR,99
32203574,1,HUMAN FACTOR,14
32203574,2,HUMAN FACTOR,17
32204000,1,HUMAN FACTOR,2
32204000,2,HUMAN FACTOR,99
32204058,1,HUMAN FACTOR,14
32204058,1,HUMAN FACTOR,17
32204058,2,HUMAN FACTOR,99
32204459,1,HUMAN FACTOR,11
32204459,2,HUMAN FACTOR,97
32204701,1,HUMAN FACTOR,99
32207137,1,HUMAN FACTOR,14
32207137,2,HUMAN FACTOR,99
32209864,1,HUMAN FACTOR,14
32209864,2,HUMAN FACTOR,99
32210791,1,HUMAN FACTOR,17
32210791,2,HUMAN FACTOR,99
32211639,1,HUMAN FACTOR,18
32211639,2,HUMAN FACTOR,99
32212106,1,HUMAN FACTOR,14
32212106,1,HUMAN FACTOR,17
32212106,2,HUMAN FACTOR,99
32212528,1,HUMAN FACTOR,97
32212528,2,HUMAN FACTOR,99
32213875,1,HUMAN FACTOR,17
32213875,2,HUMAN FACTOR,99
32215334,1,HUMAN FACTOR,26
32215334,1,HUMAN FACTOR,19
32215334,2,HUMAN FACTOR,99
32216377,1,HUMAN FACTOR,99
32216377,2,HUMAN FACTOR,99
32217315,1,HUMAN FACTOR,14
32217315,2,HUMAN FACTOR,99
32218087,1,HUMAN FACTOR,18
32218087,2,HUMAN FACTOR,99
32218105,1,HUMAN FACTOR,14
32220211,1,HUMAN FACTOR,99
32220447,1,HUMAN FACTOR,1
32220447,1,HUMAN FACTOR,26
32220447,2,HUMAN FACTOR,99
32220562,1,HUMAN FACTOR,12
32220562,1,HUMAN FACTOR,14
32220562,1,HUMAN FACTOR,17
32220562,2,HUMAN FACTOR,99
32220908,1,HUMAN FACTOR,14
32220908,1,HUMAN FACTOR,18
32220908,2,HUMAN FACTOR,99
32221167,1,HUMAN FACTOR,14
32221167,1,HUMAN FACTOR,18
32221167,2,HUMAN FACTOR,99
32221914,1,HUMAN FACTOR,18
32221914,2,HUMAN FACTOR,99
32222195,1,HUMAN FACTOR,18
32222195,2,HUMAN FACTOR,99
32226909,1,HUMAN FACTOR,14
32226909,2,HUMAN FACTOR,99
32226974,1,HUMAN FACTOR,17
32226974,2,HUMAN FACTOR,99
32226978,1,HUMAN FACTOR,17
32226978,2,HUMAN FACTOR,99
32229725,1,HUMAN FACTOR,18
32232987,1,HUMAN FACTOR,26
32232987,1,HUMAN FACTOR,13
32232987,1,HUMAN FACTOR,18
32234394,1,HUMAN FACTOR,18
32234394,1,HUMAN FACTOR,19
32235896,1,HUMAN FACTOR,3
32235896,1,HUMAN FACTOR,14
32236441,1,HUMAN FACTOR,14
32236441,2,HUMAN FACTOR,99
32237637,1,HUMAN FACTOR,11
32237637,2,HUMAN FACTOR,99
32238323,1,HUMAN FACTOR,11
32238323,1,HUMAN FACTOR,14
32238323,2,HUMAN FACTOR,99
32241019,2,HUMAN FACTOR,99
32241566,1,HUMAN FACTOR,99
32241863,1,HUMAN FACTOR,14
32241863,1,HUMAN FACTOR,18
32241863,2,HUMAN FACTOR,99
32242522,1,HUMAN FACTOR,99
32242522,2,HUMAN FACTOR,99
32242903,1,HUMAN FACTOR,99
32242903,2,HUMAN FACTOR,99
32243295,1,HUMAN FACTOR,99
32243773,1,HUMAN FACTOR,14
32243773,2,HUMAN FACTOR,99
32244338,1,HUMAN FACTOR,7
32244338,1,HUMAN FACTOR,18
32244338,2,HUMAN FACTOR,99
32255712,1,HUMAN FACTOR,18
32256562,1,HUMAN FACTOR,14
32256562,2,HUMAN FACTOR,99
32256794,1,HUMAN FACTOR,14
32256794,2,HUMAN FACTOR,99
32258934,1,HUMAN FACTOR,2
32258934,1,HUMAN FACTOR,7
32258934,2,HUMAN FACTOR,99
32259292,1,HUMAN FACTOR,8
32259292,1,HUMAN FACTOR,14
32259292,2,HUMAN FACTOR,99
32260095,1,HUMAN FACTOR,14
32260095,2,HUMAN FACTOR,99
32262203,1,HUMAN FACTOR,14
32262203,2,HUMAN FACTOR,99
32264817,1,HUMAN FACTOR,26
32264817,1,HUMAN FACTOR,18
32264817,2,HUMAN FACTOR,99
32266199,1,HUMAN FACTOR,4
32266199,1,HUMAN FACTOR,14
32266353,1,HUMAN FACTOR,26
32266353,1,HUMAN FACTOR,8
32266353,2,HUMAN FACTOR,99
32268065,1,HUMAN FACTOR,11
32268065,2,HUMAN FACTOR,99
32269253,1,HUMAN FACTOR,99
32269369,1,HUMAN FACTOR,99
32269369,2,HUMAN FACTOR,99
32270930,1,HUMAN FACTOR,26
32270930,1,HUMAN FACTOR,8
32270930,1,HUMAN FACTOR,13
32270930,2,HUMAN FACTOR,99
32272044,1,HUMAN FACTOR,14
32272044,2,HUMAN FACTOR,99
32272044,3,HUMAN FACTOR,99
32272340,1,HUMAN FACTOR,11
32272340,2,HUMAN FACTOR,11
32273367,1,HUMAN FACTOR,14
32273367,2,HUMAN FACTOR,99
32273441,1,HUMAN FACTOR,26
32273441,2,HUMAN FACTOR,99
32273653,1,HUMAN FACTOR,14
32273653,2,HUMAN FACTOR,99
32273654,1,HUMAN FACTOR,14
32273654,2,HUMAN FACTOR,99
32274189,1,HUMAN FACTOR,17
32274189,1,HUMAN FACTOR,19
32274189,2,HUMAN FACTOR,99
32276709,1,HUMAN FACTOR,14
32276709,2,HUMAN FACTOR,99
32278348,2,HUMAN FACTOR,99
32278348,3,HUMAN FACTOR,99
32278353,1,HUMAN FACTOR,14
32278353,2,HUMAN FACTOR,99
32278798,1,HUMAN FACTOR,18
32278798,2,HUMAN FACTOR,99
32279285,1,HUMAN FACTOR,14
32279285,2,HUMAN FACTOR,99
32280640,1,HUMAN FACTOR,11
32280640,2,HUMAN FACTOR,99
32281595,1,HUMAN FACTOR,11
32281595,1,HUMAN FACTOR,17
32281595,2,HUMAN FACTOR,99
32281838,1,HUMAN FACTOR,15
32282269,1,HUMAN FACTOR,99
32282269,2,HUMAN FACTOR,99
32282362,1,HUMAN FACTOR,99
32282896,1,HUMAN FACTOR,18
32283529,1,HUMAN FACTOR,11
32283703,1,HUMAN FACTOR,11
32283703,1,HUMAN FACTOR,14
32283703,2,HUMAN FACTOR,14
32283703,3,HUMAN FACTOR,14
32284275,1,HUMAN FACTOR,8
32284275,1,HUMAN FACTOR,14
32284275,2,HUMAN FACTOR,99
32285352,1,HUMAN FACTOR,14
32285352,2,HUMAN FACTOR,99
32285625,1,HUMAN FACTOR,26
32285625,1,HUMAN FACTOR,8
32285625,1,HUMAN FACTOR,11
32285625,2,HUMAN FACTOR,99
32287697,1,HUMAN FACTOR,99
32287697,2,HUMAN FACTOR,99
32287697,3,HUMAN FACTOR,99
32287882,1,HUMAN FACTOR,18
32288038,1,HUMAN FACTOR,11
32288038,1,HUMAN FACTOR,14
32288038,1,HUMAN FACTOR,18
32288038,2,HUMAN FACTOR,99
32288148,1,HUMAN FACTOR,15
32288490,1,HUMAN FACTOR,99
32289538,1,HUMAN FACTOR,11
32289538,1,HUMAN FACTOR,14
32289538,1,HUMAN FACTOR,17
32289538,2,HUMAN FACTOR,99
32289544,1,HUMAN FACTOR,14
32289544,2,HUMAN FACTOR,99
32289544,3,HUMAN FACTOR,99
32290203,1,HUMAN FACTOR,14
32290203,2,HUMAN FACTOR,99
32291540,1,HUMAN FACTOR,8
32291540,1,HUMAN FACTOR,13
32291540,2,HUMAN FACTOR,99
32292698,1,HUMAN FACTOR,14
32292698,2,HUMAN FACTOR,99
32293181,1,HUMAN FACTOR,14
32293181,1,HUMAN FACTOR,17
32293181,2,HUMAN FACTOR,99
32294735,1,HUMAN FACTOR,5
32294735,2,HUMAN FACTOR,99
32298264,1,HUMAN FACTOR,17
32298264,2,HUMAN FACTOR,99
32300221,1,HUMAN FACTOR,18
32300221,2,HUMAN FACTOR,99
32300221,3,HUMAN FACTOR,99
32300221,4,HUMAN FACTOR,99
32300221,5,HUMAN FACTOR,99
32300234,1,HUMAN FACTOR,17
32300234,1,HUMAN FACTOR,18
32300234,2,HUMAN FACTOR,99
32300398,1,HUMAN FACTOR,8
32300398,1,HUMAN FACTOR,14
32300398,2,HUMAN FACTOR,99
32300399,1,HUMAN FACTOR,11
32300399,1,HUMAN FACTOR,14
32300399,2,HUMAN FACTOR,99
32300998,1,HUMAN FACTOR,14
32300998,2,HUMAN FACTOR,99
32302900,1,HUMAN FACTOR,14
32302900,2,HUMAN FACTOR,99
32302972,1,HUMAN FACTOR,17
32302972,2,HUMAN FACTOR,99
32304470,1,HUMAN FACTOR,26
32304470,1,HUMAN FACTOR,17
32304470,1,HUMAN FACTOR,18
32304470,2,HUMAN FACTOR,99
32305356,1,HUMAN FACTOR,99
32305356,2,HUMAN FACTOR,99
32306376,1,HUMAN FACTOR,97
32306376,2,HUMAN FACTOR,99
32308269,1,HUMAN FACTOR,99
32309380,1,HUMAN FACTOR,14
32309380,2,HUMAN FACTOR,99
32309481,1,HUMAN FACTOR,99
32309537,1,HUMAN FACTOR,14
32309537,2,HUMAN FACTOR,99
32310033,1,HUMAN FACTOR,14
32310033,2,HUMAN FACTOR,99
32310079,1,HUMAN FACTOR,14
32310079,2,HUMAN FACTOR,99
32312426,1,HUMAN FACTOR,14
32312426,2,HUMAN FACTOR,99
32312692,1,HUMAN FACTOR,8
32312692,2,HUMAN FACTOR,99
32312889,1,HUMAN FACTOR,11
32312889,1,HUMAN FACTOR,14
32312889,2,HUMAN FACTOR,99
32314762,1,HUMAN FACTOR,14
32314762,1,HUMAN FACTOR,22
32314762,2,HUMAN FACTOR,99
32314762,3,HUMAN FACTOR,99
32316110,1,HUMAN FACTOR,97
32316110,2,HUMAN FACTOR,99
32316186,1,HUMAN FACTOR,26
32316186,1,HUMAN FACTOR,18
32316186,2,HUMAN FACTOR,13
32316262,1,HUMAN FACTOR,99
32316448,1,HUMAN FACTOR,14
32316448,2,HUMAN FACTOR,99
32316462,1,HUMAN FACTOR,17
32316462,2,HUMAN FACTOR,99
32318979,1,HUMAN FACTOR,18
32318979,2,HUMAN FACTOR,99
32318980,1,HUMAN FACTOR,17
32320024,1,HUMAN FACTOR,18
32320024,2,HUMAN FACTOR,99
32320025,1,HUMAN FACTOR,18
32320025,2,HUMAN FACTOR,99
32320026,1,HUMAN FACTOR,12
32320026,1,HUMAN FACTOR,18
32320026,2,HUMAN FACTOR,99
32320026,3,HUMAN FACTOR,99
32320027,1,HUMAN FACTOR,11
32320027,2,HUMAN FACTOR,11
32320027,3,HUMAN FACTOR,99
32320027,4,HUMAN FACTOR,99
32320348,1,HUMAN FACTOR,14
32320348,2,HUMAN FACTOR,99
32320539,1,HUMAN FACTOR,14
32320539,2,HUMAN FACTOR,99
32320539,3,HUMAN FACTOR,99
32322136,1,HUMAN FACTOR,26
32322136,1,HUMAN FACTOR,14
32322136,1,HUMAN FACTOR,18
32322136,2,HUMAN FACTOR,99
32323192,1,HUMAN FACTOR,11
32323192,2,HUMAN FACTOR,99
32323192,3,HUMAN FACTOR,99
32323820,1,HUMAN FACTOR,14
32323820,2,HUMAN FACTOR,99
32325856,1,HUMAN FACTOR,26
32325856,1,HUMAN FACTOR,14
32326150,1,HUMAN FACTOR,11
32326150,2,HUMAN FACTOR,99
32326150,3,HUMAN FACTOR,99
32326150,4,HUMAN FACTOR,99
32326214,1,HUMAN FACTOR,10
32326214,1,HUMAN FACTOR,14
32326214,1,HUMAN FACTOR,18
32326214,2,HUMAN FACTOR,99
32326999,1,HUMAN FACTOR,11
32326999,1,HUMAN FACTOR,18
32326999,2,HUMAN FACTOR,99
32326999,3,HUMAN FACTOR,99
32326999,4,HUMAN FACTOR,99
32326999,5,HUMAN FACTOR,99
32326999,6,HUMAN FACTOR,99
32326999,7,HUMAN FACTOR,99
32330440,1,HUMAN FACTOR,14
32330440,1,HUMAN FACTOR,17
32330440,2,HUMAN FACTOR,99
32334228,1,HUMAN FACTOR,14
32334228,2,HUMAN FACTOR,99
32334229,1,HUMAN FACTOR,11
32334229,1,HUMAN FACTOR,14
32334229,2,HUMAN FACTOR,99
32334613,1,HUMAN FACTOR,1
32334613,1,HUMAN FACTOR,26
32334613,1,HUMAN FACTOR,18
32334613,2,HUMAN FACTOR,99
32335180,1,HUMAN FACTOR,17
32335392,1,HUMAN FACTOR,11
32335392,1,HUMAN FACTOR,14
32335392,2,HUMAN FACTOR,99
32335395,1,HUMAN FACTOR,14
32335395,2,HUMAN FACTOR,99
32335432,1,HUMAN FACTOR,17
32335432,2,HUMAN FACTOR,99
32335494,1,HUMAN FACTOR,18
32335494,2,HUMAN FACTOR,99
32335502,1,HUMAN FACTOR,99
32335502,2,HUMAN FACTOR,99
32335635,1,HUMAN FACTOR,14
32335635,2,HUMAN FACTOR,99
32335676,1,HUMAN FACTOR,4
32335676,1,HUMAN FACTOR,14
32335676,2,HUMAN FACTOR,99
32335833,1,HUMAN FACTOR,8
32335833,2,HUMAN FACTOR,99
32339728,1,HUMAN FACTOR,7
32339728,2,HUMAN FACTOR,99
32339728,3,HUMAN FACTOR,99
32339740,1,HUMAN FACTOR,14
32339740,2,HUMAN FACTOR,99
32339891,1,HUMAN FACTOR,14
32339891,1,HUMAN FACTOR,18
32339891,2,HUMAN FACTOR,99
32339974,1,HUMAN FACTOR,14
32339974,1,HUMAN FACTOR,17
32339974,2,HUMAN FACTOR,99
32340401,1,HUMAN FACTOR,14
32340401,1,HUMAN FACTOR,18
32341517,1,HUMAN FACTOR,13
32341517,2,HUMAN FACTOR,99
32342591,1,HUMAN FACTOR,14
32342591,1,HUMAN FACTOR,18
32342591,2,HUMAN FACTOR,99
32342864,1,HUMAN FACTOR,14
32343615,1,HUMAN FACTOR,8
32343615,1,HUMAN FACTOR,18
32343615,1,HUMAN FACTOR,23
32343615,2,HUMAN FACTOR,99
32343962,1,HUMAN FACTOR,23
32343962,2,HUMAN FACTOR,99
32345810,1,HUMAN FACTOR,26
32345810,2,HUMAN FACTOR,99
32346136,1,HUMAN FACTOR,18
32346136,2,HUMAN FACTOR,99
32346136,3,HUMAN FACTOR,18
32346136,4,HUMAN FACTOR,99
32346592,1,HUMAN FACTOR,17
32346592,2,HUMAN FACTOR,99
32346637,1,HUMAN FACTOR,8
32346637,2,HUMAN FACTOR,99
32346993,1,HUMAN FACTOR,4
32346993,1,HUMAN FACTOR,11
32346993,2,HUMAN FACTOR,99
32346993,3,HUMAN FACTOR,99
32349016,1,HUMAN FACTOR,8
32349016,2,HUMAN FACTOR,99
32349024,1,HUMAN FACTOR,14
32349024,2,HUMAN FACTOR,99
32349024,3,HUMAN FACTOR,99
32352870,2,HUMAN FACTOR,18
32352870,1,HUMAN FACTOR,11
32352870,3,HUMAN FACTOR,11
32352870,4,HUMAN FACTOR,11
32352870,5,HUMAN FACTOR,11
32353634,1,HUMAN FACTOR,14
32353634,2,HUMAN FACTOR,99
32353899,1,HUMAN FACTOR,11
32353899,2,HUMAN FACTOR,99
32354292,1,HUMAN FACTOR,11
32354292,2,HUMAN FACTOR,99
32357022,1,HUMAN FACTOR,19
32359739,1,HUMAN FACTOR,14
32359739,2,HUMAN FACTOR,99
32359749,1,HUMAN FACTOR,17
32359749,2,HUMAN FACTOR,22
32359943,1,HUMAN FACTOR,11
32359943,2,HUMAN FACTOR,99
32360325,1,HUMAN FACTOR,14
32360325,1,HUMAN FACTOR,18
32360325,2,HUMAN FACTOR,99
32360434,1,HUMAN FACTOR,97
32360434,2,HUMAN FACTOR,99
32360869,1,HUMAN FACTOR,7
32360869,1,HUMAN FACTOR,13
32360869,1,HUMAN FACTOR,18
32360869,2,HUMAN FACTOR,99
32361818,1,HUMAN FACTOR,8
32361818,2,HUMAN FACTOR,99
32362920,1,HUMAN FACTOR,11
32362920,1,HUMAN FACTOR,14
32362920,2,HUMAN FACTOR,99
32363055,1,HUMAN FACTOR,26
32363135,1,HUMAN FACTOR,26
32363448,1,HUMAN FACTOR,8
32363448,2,HUMAN FACTOR,99
32363910,1,HUMAN FACTOR,26
32363910,2,HUMAN FACTOR,99
32363923,1,HUMAN FACTOR,11
32363923,1,HUMAN FACTOR,14
32363923,2,HUMAN FACTOR,99
32364503,1,HUMAN FACTOR,99
32364503,2,HUMAN FACTOR,99
32364521,1,HUMAN FACTOR,11
32364521,1,HUMAN FACTOR,17
32364521,2,HUMAN FACTOR,99
32364970,1,HUMAN FACTOR,97
32364970,2,HUMAN FACTOR,97
32365064,1,HUMAN FACTOR,11
32365064,1,HUMAN FACTOR,14
32365064,2,HUMAN FACTOR,99
32365443,1,HUMAN FACTOR,97
32365443,2,HUMAN FACTOR,97
32366984,1,HUMAN FACTOR,17
32366984,2,HUMAN FACTOR,99
32369454,1,HUMAN FACTOR,99
32372025,1,HUMAN FACTOR,26
32372025,1,HUMAN FACTOR,18
32372025,2,HUMAN FACTOR,99
32372030,1,HUMAN FACTOR,14
32372030,1,HUMAN FACTOR,18
32372030,2,HUMAN FACTOR,99
32372030,3,HUMAN FACTOR,99
32373479,1,HUMAN FACTOR,11
32373479,1,HUMAN FACTOR,14
32373479,2,HUMAN FACTOR,99
32373806,1,HUMAN FACTOR,97
32373806,2,HUMAN FACTOR,97
32373806,3,HUMAN FACTOR,97
32373859,1,HUMAN FACTOR,3
32373859,1,HUMAN FACTOR,14
32374256,1,HUMAN FACTOR,11
32374256,2,HUMAN FACTOR,99
32374261,1,HUMAN FACTOR,17
32374261,2,HUMAN FACTOR,99
32374426,1,HUMAN FACTOR,99
32374426,2,HUMAN FACTOR,99
32375134,1,HUMAN FACTOR,26
32375134,1,HUMAN FACTOR,14
32375134,1,HUMAN FACTOR,18
32375134,2,HUMAN FACTOR,99
32376954,1,HUMAN FACTOR,11
32376954,1,HUMAN FACTOR,18
32376954,2,HUMAN FACTOR,17
32379527,1,HUMAN FACTOR,13
32379527,1,HUMAN FACTOR,14
32379527,1,HUMAN FACTOR,17
32379527,2,HUMAN FACTOR,99
32380923,1,HUMAN FACTOR,14
32380923,2,HUMAN FACTOR,99
32380923,3,HUMAN FACTOR,99
32380923,4,HUMAN FACTOR,99
32381265,1,HUMAN FACTOR,18
32381265,1,HUMAN FACTOR,22
32382594,1,HUMAN FACTOR,99
32389379,1,HUMAN FACTOR,99
32389379,2,HUMAN FACTOR,99
32389379,3,HUMAN FACTOR,99
32389750,1,HUMAN FACTOR,11
32389750,1,HUMAN FACTOR,17
32389750,1,HUMAN FACTOR,22
32389750,2,HUMAN FACTOR,99
32391245,1,HUMAN FACTOR,14
32391245,2,HUMAN FACTOR,99
32391483,1,HUMAN FACTOR,99
32391483,2,HUMAN FACTOR,99
32391768,1,HUMAN FACTOR,11
32391768,1,HUMAN FACTOR,14
32391768,2,HUMAN FACTOR,99
32392281,1,HUMAN FACTOR,14
32392281,1,HUMAN FACTOR,18
32392281,2,HUMAN FACTOR,99
32392704,1,HUMAN FACTOR,19
32393444,1,HUMAN FACTOR,14
32393444,2,HUMAN FACTOR,99
32393448,1,HUMAN FACTOR,14
32393448,2,HUMAN FACTOR,99
32393451,1,HUMAN FACTOR,14
32393451,1,HUMAN FACTOR,18
32393451,2,HUMAN FACTOR,99
32393451,3,HUMAN FACTOR,99
32395930,1,HUMAN FACTOR,14
32395930,1,HUMAN FACTOR,19
32397555,1,HUMAN FACTOR,26
32397555,2,HUMAN FACTOR,99
32398465,1,HUMAN FACTOR,99
32398849,1,HUMAN FACTOR,26
32398849,2,HUMAN FACTOR,99
32398850,1,HUMAN FACTOR,99
32401883,1,HUMAN FACTOR,3
32401883,1,HUMAN FACTOR,14
32401883,2,HUMAN FACTOR,99
32403666,1,HUMAN FACTOR,14
32403666,1,HUMAN FACTOR,18
32403666,2,HUMAN FACTOR,99
32409749,1,HUMAN FACTOR,4
32409749,1,HUMAN FACTOR,18
32409749,2,HUMAN FACTOR,99
32411327,1,HUMAN FACTOR,99
32411327,2,HUMAN FACTOR,99
32412802,1,HUMAN FACTOR,26
32412802,2,HUMAN FACTOR,26
32416523,1,HUMAN FACTOR,11
32416523,1,HUMAN FACTOR,14
32416523,2,HUMAN FACTOR,99
32416528,1,HUMAN FACTOR,11
32416528,1,HUMAN FACTOR,97
32416528,2,HUMAN FACTOR,99
32421993,1,HUMAN FACTOR,7
32421993,1,HUMAN FACTOR,11
32421993,1,HUMAN FACTOR,14
32421993,2,HUMAN FACTOR,99
32422479,1,HUMAN FACTOR,11
32422479,2,HUMAN FACTOR,99
32422716,1,HUMAN FACTOR,14
32422716,1,HUMAN FACTOR,97
32422716,2,HUMAN FACTOR,4
32426809,1,HUMAN FACTOR,26
32426809,2,HUMAN FACTOR,99
32429173,1,HUMAN FACTOR,99
32429173,2,HUMAN FACTOR,99
32429596,1,HUMAN FACTOR,8
32429596,1,HUMAN FACTOR,23
32429596,2,HUMAN FACTOR,99
32430710,1,HUMAN FACTOR,18
32430710,2,HUMAN FACTOR,99
32432483,1,HUMAN FACTOR,14
32432483,2,HUMAN FACTOR,99
32432575,1,HUMAN FACTOR,6
32432575,1,HUMAN FACTOR,11
32432575,1,HUMAN FACTOR,14
32432575,2,HUMAN FACTOR,99
32432603,1,HUMAN FACTOR,12
32432603,2,HUMAN FACTOR,99
32433173,1,HUMAN FACTOR,99
32433173,2,HUMAN FACTOR,99
32437918,1,HUMAN FACTOR,11
32437918,2,HUMAN FACTOR,99
32438435,1,HUMAN FACTOR,11
32438435,1,HUMAN FACTOR,14
32438435,2,HUMAN FACTOR,99
32439131,1,HUMAN FACTOR,14
32439131,2,HUMAN FACTOR,99
32439140,1,HUMAN FACTOR,97
32439585,1,HUMAN FACTOR,3
32439585,1,HUMAN FACTOR,14
32439585,2,HUMAN FACTOR,99
32440169,1,HUMAN FACTOR,26
32440169,1,HUMAN FACTOR,14
32440169,1,HUMAN FACTOR,18
32441188,1,HUMAN FACTOR,4
32441188,1,HUMAN FACTOR,14
32441211,1,HUMAN FACTOR,18
32441211,2,HUMAN FACTOR,99
32441264,1,HUMAN FACTOR,99
32441264,2,HUMAN FACTOR,17
32441569,1,HUMAN FACTOR,14
32441569,1,HUMAN FACTOR,18
32441569,2,HUMAN FACTOR,99
32445247,1,HUMAN FACTOR,14
32445247,2,HUMAN FACTOR,99
32445640,1,HUMAN FACTOR,14
32445640,2,HUMAN FACTOR,23
32448701,1,HUMAN FACTOR,11
32448701,1,HUMAN FACTOR,14
32448701,2,HUMAN FACTOR,99
32450891,1,HUMAN FACTOR,14
32450891,2,HUMAN FACTOR,99
32452476,1,HUMAN FACTOR,17
32452476,2,HUMAN FACTOR,99
32452729,1,HUMAN FACTOR,17
32452729,2,HUMAN FACTOR,99
32452979,1,HUMAN FACTOR,14
32452979,2,HUMAN FACTOR,99
32454310,1,HUMAN FACTOR,4
32454310,1,HUMAN FACTOR,14
32454310,1,HUMAN FACTOR,18
32454310,2,HUMAN FACTOR,99
32456762,1,HUMAN FACTOR,14
32456762,2,HUMAN FACTOR,99
32458962,1,HUMAN FACTOR,11
32458962,2,HUMAN FACTOR,99
32461090,1,HUMAN FACTOR,12
32461684,1,HUMAN FACTOR,22
32461684,2,HUMAN FACTOR,99
32462159,1,HUMAN FACTOR,8
32462159,2,HUMAN FACTOR,99
32462432,1,HUMAN FACTOR,26
32462432,2,HUMAN FACTOR,99
32462797,1,HUMAN FACTOR,14
32467965,1,HUMAN FACTOR,11
32467965,2,HUMAN FACTOR,99
32468133,1,HUMAN FACTOR,26
32468133,2,HUMAN FACTOR,99
32468133,3,HUMAN FACTOR,99
32468340,1,HUMAN FACTOR,1
32468340,1,HUMAN FACTOR,14
32468340,2,HUMAN FACTOR,99
32468601,1,HUMAN FACTOR,11
32468601,1,HUMAN FACTOR,14
32468601,2,HUMAN FACTOR,99
32468601,3,HUMAN FACTOR,99
32469493,1,HUMAN FACTOR,14
32469493,2,HUMAN FACTOR,99
32472186,1,HUMAN FACTOR,14
32472186,2,HUMAN FACTOR,99
32472697,1,HUMAN FACTOR,8
32472697,1,HUMAN FACTOR,14
32472697,2,HUMAN FACTOR,99
32472938,1,HUMAN FACTOR,17
32472938,2,HUMAN FACTOR,99
32473243,1,HUMAN FACTOR,99
32477378,1,HUMAN FACTOR,14
32477378,1,HUMAN FACTOR,18
32477378,2,HUMAN FACTOR,99
32478653,1,HUMAN FACTOR,8
32478653,1,HUMAN FACTOR,14
32478653,2,HUMAN FACTOR,99
32479456,1,HUMAN FACTOR,11
32479456,2,HUMAN FACTOR,99
32479456,3,HUMAN FACTOR,99
32482537,1,HUMAN FACTOR,14
32482537,2,HUMAN FACTOR,99
32483811,1,HUMAN FACTOR,11
32483811,1,HUMAN FACTOR,14
32483811,2,HUMAN FACTOR,11
32483811,2,HUMAN FACTOR,14
32483811,3,HUMAN FACTOR,99
32483811,4,HUMAN FACTOR,14
32483811,5,HUMAN FACTOR,14
32483811,5,HUMAN FACTOR,22
32483811,6,HUMAN FACTOR,99
32483811,7,HUMAN FACTOR,99
32485886,1,HUMAN FACTOR,11
32485886,1,HUMAN FACTOR,14
32485886,1,HUMAN FACTOR,17
32485886,2,HUMAN FACTOR,99
32486255,1,HUMAN FACTOR,13
32486255,2,HUMAN FACTOR,99
32488858,1,HUMAN FACTOR,18
32488858,2,HUMAN FACTOR,99
32489031,2,HUMAN FACTOR,99
32489357,1,HUMAN FACTOR,14
32489357,2,HUMAN FACTOR,99
32492148,1,HUMAN FACTOR,14
32492148,2,HUMAN FACTOR,99
32492318,1,HUMAN FACTOR,18
32492318,2,HUMAN FACTOR,99
32492318,3,HUMAN FACTOR,99
32492522,1,HUMAN FACTOR,14
32492522,2,HUMAN FACTOR,99
32494440,1,HUMAN FACTOR,99
32494440,2,HUMAN FACTOR,99
32507089,1,HUMAN FACTOR,14
32507089,2,HUMAN FACTOR,99
32507113,1,HUMAN FACTOR,14
32507113,1,HUMAN FACTOR,17
32507113,2,HUMAN FACTOR,99
32507262,1,HUMAN FACTOR,99
32507262,2,HUMAN FACTOR,99
32507262,3,HUMAN FACTOR,99
32507312,1,HUMAN FACTOR,4
32507434,1,HUMAN FACTOR,1
32507434,1,HUMAN FACTOR,18
32507434,2,HUMAN FACTOR,99
32508755,2,HUMAN FACTOR,99
32508761,1,HUMAN FACTOR,14
32509106,1,HUMAN FACTOR,11
32509106,1,HUMAN FACTOR,14
32509106,2,HUMAN FACTOR,99
32509627,1,HUMAN FACTOR,4
32509627,1,HUMAN FACTOR,17
32509627,2,HUMAN FACTOR,99
32510737,1,HUMAN FACTOR,14
32510737,2,HUMAN FACTOR,99
32510737,3,HUMAN FACTOR,99
32510737,4,HUMAN FACTOR,99
32513394,1,HUMAN FACTOR,1
32513394,1,HUMAN FACTOR,26
32513394,1,HUMAN FACTOR,18
32517336,1,HUMAN FACTOR,8
32517336,2,HUMAN FACTOR,99
32517643,1,HUMAN FACTOR,8
32517643,1,HUMAN FACTOR,14
32517643,2,HUMAN FACTOR,99
32522048,2,HUMAN FACTOR,99
32524363,1,HUMAN FACTOR,3
32524363,2,HUMAN FACTOR,99
32527221,1,HUMAN FACTOR,8
32527221,1,HUMAN FACTOR,14
32527221,2,HUMAN FACTOR,99
32527371,1,HUMAN FACTOR,14
32527371,1,HUMAN FACTOR,17
32527371,2,HUMAN FACTOR,99
32527926,1,HUMAN FACTOR,4
32527926,1,HUMAN FACTOR,14
32527926,2,HUMAN FACTOR,99
32528372,1,HUMAN FACTOR,97
32528372,1,HUMAN FACTOR,19
32528372,2,HUMAN FACTOR,99
32529093,1,HUMAN FACTOR,14
32529093,2,HUMAN FACTOR,99
32529423,1,HUMAN FACTOR,99
32531798,3,HUMAN FACTOR,14
32531798,4,HUMAN FACTOR,99
32531798,1,HUMAN FACTOR,11
32531798,2,HUMAN FACTOR,99
32531858,1,HUMAN FACTOR,3
32531858,1,HUMAN FACTOR,26
32531858,1,HUMAN FACTOR,14
32531858,2,HUMAN FACTOR,99
32532066,2,HUMAN FACTOR,99
32532220,1,HUMAN FACTOR,14
32533104,1,HUMAN FACTOR,15
32533106,1,HUMAN FACTOR,97
32533106,2,HUMAN FACTOR,17
32535001,1,HUMAN FACTOR,18
32537955,1,HUMAN FACTOR,18
32538584,1,HUMAN FACTOR,4
32538584,1,HUMAN FACTOR,14
32539004,1,HUMAN FACTOR,13
32539004,1,HUMAN FACTOR,18
32539004,2,HUMAN FACTOR,99
32539004,3,HUMAN FACTOR,99
32541960,1,HUMAN FACTOR,14
32541960,1,HUMAN FACTOR,17
32543849,1,HUMAN FACTOR,17
32543849,2,HUMAN FACTOR,99
32544337,1,HUMAN FACTOR,14
32544337,2,HUMAN FACTOR,99
32548083,1,HUMAN FACTOR,11
32548083,2,HUMAN FACTOR,99
32548083,3,HUMAN FACTOR,99
32548211,1,HUMAN FACTOR,14
32548211,2,HUMAN FACTOR,99
32548292,1,HUMAN FACTOR,11
32548292,2,HUMAN FACTOR,99
32548311,1,HUMAN FACTOR,14
32548311,2,HUMAN FACTOR,99
32548520,1,HUMAN FACTOR,8
32548520,1,HUMAN FACTOR,97
32548520,2,HUMAN FACTOR,99
32549505,1,HUMAN FACTOR,18
32549657,1,HUMAN FACTOR,26
32549657,1,HUMAN FACTOR,18
32557726,1,HUMAN FACTOR,3
32557726,2,HUMAN FACTOR,99
32557728,1,HUMAN FACTOR,14
32557728,2,HUMAN FACTOR,99
32559133,1,HUMAN FACTOR,99
32559377,1,HUMAN FACTOR,8
32559377,1,HUMAN FACTOR,14
32559377,1,HUMAN FACTOR,17
32559377,2,HUMAN FACTOR,99
32559541,1,HUMAN FACTOR,99
32565882,1,HUMAN FACTOR,26
32565882,1,HUMAN FACTOR,14
32565882,1,HUMAN FACTOR,18
32566985,1,HUMAN FACTOR,11
32566985,2,HUMAN FACTOR,11
32567158,1,HUMAN FACTOR,9
32567161,1,HUMAN FACTOR,11
32567161,2,HUMAN FACTOR,99
32567164,1,HUMAN FACTOR,11
32567164,2,HUMAN FACTOR,99
32567178,1,HUMAN FACTOR,11
32567178,2,HUMAN FACTOR,99
32567355,1,HUMAN FACTOR,4
32567355,1,HUMAN FACTOR,14
32567355,1,HUMAN FACTOR,22
32567355,2,HUMAN FACTOR,99
32567404,1,HUMAN FACTOR,99
32567404,2,HUMAN FACTOR,99
32567590,1,HUMAN FACTOR,14
32567590,2,HUMAN FACTOR,99
32571138,1,HUMAN FACTOR,14
32571138,2,HUMAN FACTOR,99
32571138,3,HUMAN FACTOR,99
32571664,1,HUMAN FACTOR,4
32571664,1,HUMAN FACTOR,14
32571664,2,HUMAN FACTOR,99
32575111,1,HUMAN FACTOR,14
32575111,2,HUMAN FACTOR,99
32577793,1,HUMAN FACTOR,3
32577793,2,HUMAN FACTOR,99
32578460,1,HUMAN FACTOR,17
32578460,2,HUMAN FACTOR,99
32587273,1,HUMAN FACTOR,97
32587273,2,HUMAN FACTOR,99
32587277,1,HUMAN FACTOR,11
32587277,2,HUMAN FACTOR,99
32587279,1,HUMAN FACTOR,99
32587279,2,HUMAN FACTOR,99
32587279,3,HUMAN FACTOR,99
32587389,1,HUMAN FACTOR,11
32587389,2,HUMAN FACTOR,97
32601987,1,HUMAN FACTOR,99
32601987,2,HUMAN FACTOR,99
32602521,1,HUMAN FACTOR,14
32602521,1,HUMAN FACTOR,18
32602521,2,HUMAN FACTOR,99
32604587,1,HUMAN FACTOR,14
32604587,2,HUMAN FACTOR,99
32605990,1,HUMAN FACTOR,4
32605990,1,HUMAN FACTOR,14
32605990,2,HUMAN FACTOR,99
32607716,1,HUMAN FACTOR,4
32607716,1,HUMAN FACTOR,14
32607716,2,HUMAN FACTOR,99
32607749,1,HUMAN FACTOR,14
32607749,1,HUMAN FACTOR,18
32607749,2,HUMAN FACTOR,99
32607785,1,HUMAN FACTOR,11
32607785,1,HUMAN FACTOR,14
32607785,2,HUMAN FACTOR,99
32612345,1,HUMAN FACTOR,11
32612345,2,HUMAN FACTOR,99
32623313,1,HUMAN FACTOR,10
32628127,1,HUMAN FACTOR,1
32628127,1,HUMAN FACTOR,8
32628127,1,HUMAN FACTOR,23
32628127,2,HUMAN FACTOR,99
32630613,1,HUMAN FACTOR,14
32630613,2,HUMAN FACTOR,99
32630843,1,HUMAN FACTOR,4
32630843,1,HUMAN FACTOR,14
32630843,2,HUMAN FACTOR,99
32634337,1,HUMAN FACTOR,26
32636060,1,HUMAN FACTOR,9
32636060,1,HUMAN FACTOR,10
32639784,1,HUMAN FACTOR,97
32639784,2,HUMAN FACTOR,97
32642670,2,HUMAN FACTOR,99
32642670,1,HUMAN FACTOR,11
32643976,1,HUMAN FACTOR,11
32643976,2,HUMAN FACTOR,99
32644886,1,HUMAN FACTOR,14
32644886,1,HUMAN FACTOR,17
32644886,2,HUMAN FACTOR,99
32645037,1,HUMAN FACTOR,10
32645037,2,HUMAN FACTOR,99
32645598,2,HUMAN FACTOR,99
32646186,1,HUMAN FACTOR,17
32646186,2,HUMAN FACTOR,17
32646186,3,HUMAN FACTOR,99
32646186,4,HUMAN FACTOR,99
32646187,1,HUMAN FACTOR,8
32646187,2,HUMAN FACTOR,99
32646189,1,HUMAN FACTOR,17
32646189,2,HUMAN FACTOR,99
32647732,1,HUMAN FACTOR,26
32647732,2,HUMAN FACTOR,99
32648383,1,HUMAN FACTOR,11
32648383,1,HUMAN FACTOR,14
32648383,2,HUMAN FACTOR,99
32648383,4,HUMAN FACTOR,99
32648383,5,HUMAN FACTOR,1
32654632,1,HUMAN FACTOR,14
32654632,2,HUMAN FACTOR,99
32654632,3,HUMAN FACTOR,99
32654634,1,HUMAN FACTOR,18
32655798,1,HUMAN FACTOR,4
32655798,1,HUMAN FACTOR,14
32655798,1,HUMAN FACTOR,18
32655798,2,HUMAN FACTOR,4
32655798,2,HUMAN FACTOR,14
32655798,2,HUMAN FACTOR,18
32655798,3,HUMAN FACTOR,4
32660684,1,HUMAN FACTOR,14
32660684,1,HUMAN FACTOR,18
32660684,2,HUMAN FACTOR,99
32660760,1,HUMAN FACTOR,18
32660920,1,HUMAN FACTOR,14
32660920,2,HUMAN FACTOR,97
32676402,1,HUMAN FACTOR,11
32676402,2,HUMAN FACTOR,99
32676754,1,HUMAN FACTOR,14
32676754,2,HUMAN FACTOR,99
32680215,1,HUMAN FACTOR,7
32680215,1,HUMAN FACTOR,26
32680215,1,HUMAN FACTOR,18
32680215,2,HUMAN FACTOR,99
32680215,3,HUMAN FACTOR,99
32692307,1,HUMAN FACTOR,1
32692307,1,HUMAN FACTOR,22
32692307,2,HUMAN FACTOR,99
32704091,1,HUMAN FACTOR,14
32704091,2,HUMAN FACTOR,99
32714003,1,HUMAN FACTOR,1
32714003,1,HUMAN FACTOR,5
32714003,1,HUMAN FACTOR,14
32714003,2,HUMAN FACTOR,99
32731609,1,HUMAN FACTOR,99
32731609,2,HUMAN FACTOR,99
32761732,1,HUMAN FACTOR,4
32761732,2,HUMAN FACTOR,99
32781102,1,HUMAN FACTOR,18
32843048,1,HUMAN FACTOR,18
32843048,2,HUMAN FACTOR,99
32853964,1,HUMAN FACTOR,26
32853964,1,HUMAN FACTOR,8
32853964,1,HUMAN FACTOR,14
32853964,2,HUMAN FACTOR,99
32924585,1,HUMAN FACTOR,11
32924585,2,HUMAN FACTOR,99
32924585,3,HUMAN FACTOR,99
32924585,4,HUMAN FACTOR,99
32924585,5,HUMAN FACTOR,99
32924585,6,HUMAN FACTOR,99
32924585,7,HUMAN FACTOR,99
32924585,8,HUMAN FACTOR,99
33162113,1,HUMAN FACTOR,1
33162113,1,HUMAN FACTOR,5
33162113,1,HUMAN FACTOR,26
33162113,2,HUMAN FACTOR,99
33177844,1,HUMAN FACTOR,14
33177844,2,HUMAN FACTOR,99
33177844,3,HUMAN FACTOR,99
33179065,1,HUMAN FACTOR,97
33179065,2,HUMAN FACTOR,99
33179074,1,HUMAN FACTOR,26
33179074,2,HUMAN FACTOR,97
33179195,1,HUMAN FACTOR,13
33179195,2,HUMAN FACTOR,99
33179217,1,HUMAN FACTOR,26
33179217,1,HUMAN FACTOR,14
33302773,1,HUMAN FACTOR,18
33302773,2,HUMAN FACTOR,99
30997483,1,VEHICULAR FACTOR,99
31057990,1,VEHICULAR FACTOR,99
31067570,1,VEHICULAR FACTOR,99
31067570,2,VEHICULAR FACTOR,99
31067787,1,VEHICULAR FACTOR,99
31067787,2,VEHICULAR FACTOR,99
31069164,1,VEHICULAR FACTOR,99
31069164,2,VEHICULAR FACTOR,99
31069291,1,VEHICULAR FACTOR,99
31069291,2,VEHICULAR FACTOR,99
31086756,1,VEHICULAR FACTOR,99
31086756,2,VEHICULAR FACTOR,99
31089412,1,VEHICULAR FACTOR,99
31089412,2,VEHICULAR FACTOR,99
31089437,1,VEHICULAR FACTOR,99
31089437,2,VEHICULAR FACTOR,99
31100643,1,VEHICULAR FACTOR,99
31100659,1,VEHICULAR FACTOR,97
31100689,1,VEHICULAR FACTOR,99
31100689,2,VEHICULAR FACTOR,99
31100692,1,VEHICULAR FACTOR,99
31100692,2,VEHICULAR FACTOR,99
31116411,1,VEHICULAR FACTOR,99
31116411,2,VEHICULAR FACTOR,99
31117260,1,VEHICULAR FACTOR,99
31126327,1,VEHICULAR FACTOR,99
31126327,2,VEHICULAR FACTOR,99
31141490,1,VEHICULAR FACTOR,99
31143988,1,VEHICULAR FACTOR,99
31143988,2,VEHICULAR FACTOR,99
31150112,1,VEHICULAR FACTOR,99
31150112,2,VEHICULAR FACTOR,99
31152468,1,VEHICULAR FACTOR,99
31152468,2,VEHICULAR FACTOR,99
31175671,1,VEHICULAR FACTOR,99
31175671,2,VEHICULAR FACTOR,99
31177564,1,VEHICULAR FACTOR,99
31183207,1,VEHICULAR FACTOR,99
31193600,1,VEHICULAR FACTOR,99
31193600,2,VEHICULAR FACTOR,99
31193600,3,VEHICULAR FACTOR,99
31193600,4,VEHICULAR FACTOR,99
31193600,5,VEHICULAR FACTOR,99
31193600,6,VEHICULAR FACTOR,99
31193600,7,VEHICULAR FACTOR,99
31204849,1,VEHICULAR FACTOR,99
31204849,2,VEHICULAR FACTOR,99
31204858,1,VEHICULAR FACTOR,99
31204858,2,VEHICULAR FACTOR,99
31204862,1,VEHICULAR FACTOR,99
31204862,2,VEHICULAR FACTOR,99
31204939,2,VEHICULAR FACTOR,99
31204998,1,VEHICULAR FACTOR,4
31204998,2,VEHICULAR FACTOR,99
31215638,1,VEHICULAR FACTOR,99
31215638,2,VEHICULAR FACTOR,99
31215638,3,VEHICULAR FACTOR,99
31217420,1,VEHICULAR FACTOR,99
31217420,2,VEHICULAR FACTOR,99
31228912,1,VEHICULAR FACTOR,99
31228912,2,VEHICULAR FACTOR,99
31233366,1,VEHICULAR FACTOR,99
31233366,2,VEHICULAR FACTOR,99
31233368,1,VEHICULAR FACTOR,99
31233368,2,VEHICULAR FACTOR,99
31233370,1,VEHICULAR FACTOR,99
31233370,2,VEHICULAR FACTOR,99
31233370,3,VEHICULAR FACTOR,99
31234916,1,VEHICULAR FACTOR,99
31234916,2,VEHICULAR FACTOR,99
31242750,1,VEHICULAR FACTOR,99
31242750,2,VEHICULAR FACTOR,99
31242769,1,VEHICULAR FACTOR,99
31242769,2,VEHICULAR FACTOR,99
31242895,1,VEHICULAR FACTOR,99
31242895,2,VEHICULAR FACTOR,99
31248147,1,VEHICULAR FACTOR,99
31248147,2,VEHICULAR FACTOR,99
31258296,1,VEHICULAR FACTOR,99
31258296,2,VEHICULAR FACTOR,99
31258840,1,VEHICULAR FACTOR,99
31258840,2,VEHICULAR FACTOR,99
31261945,1,VEHICULAR FACTOR,99
31261945,2,VEHICULAR FACTOR,99
31262213,2,VEHICULAR FACTOR,99
31265874,1,VEHICULAR FACTOR,99
31265874,2,VEHICULAR FACTOR,99
31268789,1,VEHICULAR FACTOR,99
31268789,2,VEHICULAR FACTOR,99
31268789,3,VEHICULAR FACTOR,99
31268947,1,VEHICULAR FACTOR,99
31268947,2,VEHICULAR FACTOR,99
31268947,3,VEHICULAR FACTOR,99
31269994,1,VEHICULAR FACTOR,99
31270884,1,VEHICULAR FACTOR,99
31270884,2,VEHICULAR FACTOR,99
31274024,1,VEHICULAR FACTOR,99
31276875,1,VEHICULAR FACTOR,99
31277256,1,VEHICULAR FACTOR,3
31281143,1,VEHICULAR FACTOR,99
31281143,2,VEHICULAR FACTOR,99
31283833,1,VEHICULAR FACTOR,99
31283833,2,VEHICULAR FACTOR,99
31287459,2,VEHICULAR FACTOR,99
31287459,1,VEHICULAR FACTOR,99
31289142,1,VEHICULAR FACTOR,99
31290950,1,VEHICULAR FACTOR,99
31294892,1,VEHICULAR FACTOR,99
31294892,2,VEHICULAR FACTOR,99
31294892,3,VEHICULAR FACTOR,99
31303319,1,VEHICULAR FACTOR,99
31303319,2,VEHICULAR FACTOR,99
31306014,1,VEHICULAR FACTOR,99
31306014,2,VEHICULAR FACTOR,99
31310556,1,VEHICULAR FACTOR,99
31310556,2,VEHICULAR FACTOR,99
31314237,1,VEHICULAR FACTOR,99
31315270,1,VEHICULAR FACTOR,99
31320478,1,VEHICULAR FACTOR,99
31320478,2,VEHICULAR FACTOR,99
31322914,1,VEHICULAR FACTOR,99
31322914,2,VEHICULAR FACTOR,99
31327211,1,VEHICULAR FACTOR,99
31327211,2,VEHICULAR FACTOR,99
31328001,1,VEHICULAR FACTOR,99
31328001,2,VEHICULAR FACTOR,99
31331077,1,VEHICULAR FACTOR,99
31336158,1,VEHICULAR FACTOR,99
31336158,2,VEHICULAR FACTOR,99
31338582,1,VEHICULAR FACTOR,99
31338582,2,VEHICULAR FACTOR,99
31351170,1,VEHICULAR FACTOR,99
31351170,2,VEHICULAR FACTOR,99
31351170,3,VEHICULAR FACTOR,99
31351170,4,VEHICULAR FACTOR,99
31352117,1,VEHICULAR FACTOR,99
31352117,2,VEHICULAR FACTOR,99
31352946,1,VEHICULAR FACTOR,99
31352946,2,VEHICULAR FACTOR,99
31357011,1,VEHICULAR FACTOR,99
31357011,2,VEHICULAR FACTOR,99
31357493,1,VEHICULAR FACTOR,99
31357493,2,VEHICULAR FACTOR,99
31358449,1,VEHICULAR FACTOR,99
31358449,2,VEHICULAR FACTOR,99
31369590,1,VEHICULAR FACTOR,99
31369590,2,VEHICULAR FACTOR,99
31371172,1,VEHICULAR FACTOR,99
31373017,2,VEHICULAR FACTOR,99
31373871,1,VEHICULAR FACTOR,99
31373871,2,VEHICULAR FACTOR,99
31374624,1,VEHICULAR FACTOR,99
31374624,2,VEHICULAR FACTOR,99
31374624,3,VEHICULAR FACTOR,99
31380114,1,VEHICULAR FACTOR,99
31380114,2,VEHICULAR FACTOR,99
31383296,1,VEHICULAR FACTOR,99
31383296,2,VEHICULAR FACTOR,99
31385162,1,VEHICULAR FACTOR,99
31385162,2,VEHICULAR FACTOR,99
31388548,1,VEHICULAR FACTOR,99
31388548,2,VEHICULAR FACTOR,99
31388548,3,VEHICULAR FACTOR,99
31388637,1,VEHICULAR FACTOR,99
31388637,2,VEHICULAR FACTOR,99
31388814,2,VEHICULAR FACTOR,99
31388814,1,VEHICULAR FACTOR,99
31392461,1,VEHICULAR FACTOR,99
31393251,1,VEHICULAR FACTOR,99
31393251,2,VEHICULAR FACTOR,99
31393251,3,VEHICULAR FACTOR,99
31393848,1,VEHICULAR FACTOR,99
31393848,2,VEHICULAR FACTOR,99
31393848,3,VEHICULAR FACTOR,99
31394631,1,VEHICULAR FACTOR,99
31394631,2,VEHICULAR FACTOR,99
31399418,1,VEHICULAR FACTOR,99
31399418,2,VEHICULAR FACTOR,99
31400477,1,VEHICULAR FACTOR,99
31400477,2,VEHICULAR FACTOR,99
31400906,1,VEHICULAR FACTOR,99
31400906,2,VEHICULAR FACTOR,99
31402676,1,VEHICULAR FACTOR,99
31402676,2,VEHICULAR FACTOR,97
31403467,1,VEHICULAR FACTOR,99
31403467,2,VEHICULAR FACTOR,99
31411884,1,VEHICULAR FACTOR,99
31417092,1,VEHICULAR FACTOR,99
31418555,1,VEHICULAR FACTOR,99
31423602,1,VEHICULAR FACTOR,99
31423602,2,VEHICULAR FACTOR,99
31426467,1,VEHICULAR FACTOR,99
31426467,2,VEHICULAR FACTOR,99
31429937,1,VEHICULAR FACTOR,99
31429937,2,VEHICULAR FACTOR,99
31437911,1,VEHICULAR FACTOR,99
31437911,2,VEHICULAR FACTOR,99
31441959,1,VEHICULAR FACTOR,99
31441959,2,VEHICULAR FACTOR,99
31442377,2,VEHICULAR FACTOR,99
31450618,1,VEHICULAR FACTOR,99
31450618,2,VEHICULAR FACTOR,99
31453898,1,VEHICULAR FACTOR,99
31460521,1,VEHICULAR FACTOR,99
31460521,2,VEHICULAR FACTOR,99
31462582,1,VEHICULAR FACTOR,7
31469503,1,VEHICULAR FACTOR,99
31469503,2,VEHICULAR FACTOR,99
31469581,1,VEHICULAR FACTOR,99
31469581,2,VEHICULAR FACTOR,99
31470541,1,VEHICULAR FACTOR,99
31470541,2,VEHICULAR FACTOR,99
31473988,1,VEHICULAR FACTOR,99
31474285,1,VEHICULAR FACTOR,99
31474285,2,VEHICULAR FACTOR,99
31474327,1,VEHICULAR FACTOR,99
31474327,2,VEHICULAR FACTOR,99
31474327,3,VEHICULAR FACTOR,99
31474334,2,VEHICULAR FACTOR,99
31474946,1,VEHICULAR FACTOR,99
31479041,1,VEHICULAR FACTOR,99
31479041,2,VEHICULAR FACTOR,99
31480085,1,VEHICULAR FACTOR,99
31480085,2,VEHICULAR FACTOR,99
31480136,2,VEHICULAR FACTOR,99
31482132,1,VEHICULAR FACTOR,99
31482132,2,VEHICULAR FACTOR,99
31482135,1,VEHICULAR FACTOR,99
31482135,2,VEHICULAR FACTOR,99
31482621,1,VEHICULAR FACTOR,99
31482621,2,VEHICULAR FACTOR,99
31487265,1,VEHICULAR FACTOR,99
31487265,2,VEHICULAR FACTOR,99
31487265,3,VEHICULAR FACTOR,99
31487834,1,VEHICULAR FACTOR,99
31487834,2,VEHICULAR FACTOR,99
31490063,1,VEHICULAR FACTOR,99
31490063,2,VEHICULAR FACTOR,99
31490576,1,VEHICULAR FACTOR,99
31490576,2,VEHICULAR FACTOR,99
31490824,1,VEHICULAR FACTOR,99
31490824,2,VEHICULAR FACTOR,99
31490824,3,VEHICULAR FACTOR,99
31493145,1,VEHICULAR FACTOR,99
31493838,1,VEHICULAR FACTOR,99
31493838,2,VEHICULAR FACTOR,99
31498443,1,VEHICULAR FACTOR,99
31498443,2,VEHICULAR FACTOR,99
31499641,1,VEHICULAR FACTOR,13
31499641,2,VEHICULAR FACTOR,99
31505280,1,VEHICULAR FACTOR,99
31505454,1,VEHICULAR FACTOR,99
31505454,2,VEHICULAR FACTOR,99
31510470,1,VEHICULAR FACTOR,99
31510470,2,VEHICULAR FACTOR,99
31511974,1,VEHICULAR FACTOR,99
31511974,2,VEHICULAR FACTOR,99
31513360,1,VEHICULAR FACTOR,99
31513360,2,VEHICULAR FACTOR,99
31515691,1,VEHICULAR FACTOR,99
31516501,1,VEHICULAR FACTOR,99
31516501,2,VEHICULAR FACTOR,99
31519311,1,VEHICULAR FACTOR,99
31519311,2,VEHICULAR FACTOR,99
31519311,3,VEHICULAR FACTOR,99
31519311,4,VEHICULAR FACTOR,99
31521476,1,VEHICULAR FACTOR,99
31521476,2,VEHICULAR FACTOR,99
31521476,3,VEHICULAR FACTOR,99
31521476,4,VEHICULAR FACTOR,99
31521477,1,VEHICULAR FACTOR,99
31521477,2,VEHICULAR FACTOR,99
31521751,1,VEHICULAR FACTOR,99
31521751,2,VEHICULAR FACTOR,99
31526964,1,VEHICULAR FACTOR,99
31526964,2,VEHICULAR FACTOR,99
31529219,1,VEHICULAR FACTOR,99
31529219,2,VEHICULAR FACTOR,99
31529219,3,VEHICULAR FACTOR,99
31529219,4,VEHICULAR FACTOR,99
31529502,1,VEHICULAR FACTOR,5
31530391,1,VEHICULAR FACTOR,99
31530391,2,VEHICULAR FACTOR,99
31536973,1,VEHICULAR FACTOR,99
31536973,2,VEHICULAR FACTOR,99
31537669,1,VEHICULAR FACTOR,99
31537669,2,VEHICULAR FACTOR,99
31539233,1,VEHICULAR FACTOR,99
31539233,2,VEHICULAR FACTOR,99
31539455,1,VEHICULAR FACTOR,99
31539455,2,VEHICULAR FACTOR,99
31542557,1,VEHICULAR FACTOR,99
31542557,2,VEHICULAR FACTOR,99
31544410,1,VEHICULAR FACTOR,99
31544410,2,VEHICULAR FACTOR,99
31547684,1,VEHICULAR FACTOR,99
31547684,2,VEHICULAR FACTOR,99
31549938,1,VEHICULAR FACTOR,99
31549938,2,VEHICULAR FACTOR,99
31549938,3,VEHICULAR FACTOR,99
31552674,1,VEHICULAR FACTOR,99
31552674,2,VEHICULAR FACTOR,99
31552749,1,VEHICULAR FACTOR,99
31552749,2,VEHICULAR FACTOR,99
31553063,1,VEHICULAR FACTOR,99
31553063,2,VEHICULAR FACTOR,99
31561524,1,VEHICULAR FACTOR,99
31561524,2,VEHICULAR FACTOR,99
31566238,1,VEHICULAR FACTOR,99
31566238,2,VEHICULAR FACTOR,99
31567304,1,VEHICULAR FACTOR,99
31567304,2,VEHICULAR FACTOR,99
31567355,2,VEHICULAR FACTOR,99
31567374,1,VEHICULAR FACTOR,97
31567374,2,VEHICULAR FACTOR,99
31567374,3,VEHICULAR FACTOR,99
31567374,4,VEHICULAR FACTOR,99
31567374,5,VEHICULAR FACTOR,99
31567391,1,VEHICULAR FACTOR,99
31567391,2,VEHICULAR FACTOR,99
31567454,1,VEHICULAR FACTOR,99
31567454,2,VEHICULAR FACTOR,99
31573041,1,VEHICULAR FACTOR,99
31573041,2,VEHICULAR FACTOR,99
31574000,1,VEHICULAR FACTOR,99
31574000,2,VEHICULAR FACTOR,99
31581802,1,VEHICULAR FACTOR,99
31581802,2,VEHICULAR FACTOR,99
31582331,1,VEHICULAR FACTOR,99
31582331,2,VEHICULAR FACTOR,99
31582767,1,VEHICULAR FACTOR,99
31582767,2,VEHICULAR FACTOR,99
31582767,3,VEHICULAR FACTOR,99
31587668,1,VEHICULAR FACTOR,99
31587668,2,VEHICULAR FACTOR,99
31588409,1,VEHICULAR FACTOR,99
31588409,2,VEHICULAR FACTOR,99
31592245,1,VEHICULAR FACTOR,99
31592245,2,VEHICULAR FACTOR,99
31593657,1,VEHICULAR FACTOR,99
31593657,2,VEHICULAR FACTOR,99
31593657,3,VEHICULAR FACTOR,99
31593657,4,VEHICULAR FACTOR,99
31593659,2,VEHICULAR FACTOR,99
31593659,3,VEHICULAR FACTOR,99
31593659,4,VEHICULAR FACTOR,99
31594912,1,VEHICULAR FACTOR,99
31595007,1,VEHICULAR FACTOR,99
31595007,2,VEHICULAR FACTOR,99
31595611,1,VEHICULAR FACTOR,99
31598946,1,VEHICULAR FACTOR,99
31598946,2,VEHICULAR FACTOR,99
31598946,3,VEHICULAR FACTOR,99
31598946,4,VEHICULAR FACTOR,99
31602865,1,VEHICULAR FACTOR,99
31605265,1,VEHICULAR FACTOR,99
31605265,2,VEHICULAR FACTOR,99
31605287,1,VEHICULAR FACTOR,99
31605287,2,VEHICULAR FACTOR,99
31605296,1,VEHICULAR FACTOR,99
31605296,2,VEHICULAR FACTOR,99
31605645,1,VEHICULAR FACTOR,99
31605645,2,VEHICULAR FACTOR,99
31606386,1,VEHICULAR FACTOR,99
31606386,2,VEHICULAR FACTOR,99
31609340,1,VEHICULAR FACTOR,3
31609340,2,VEHICULAR FACTOR,99
31610123,1,VEHICULAR FACTOR,99
31610123,2,VEHICULAR FACTOR,99
31613215,2,VEHICULAR FACTOR,99
31613462,1,VEHICULAR FACTOR,99
31613462,2,VEHICULAR FACTOR,99
31613850,1,VEHICULAR FACTOR,99
31613850,2,VEHICULAR FACTOR,99
31614492,1,VEHICULAR FACTOR,99
31614492,2,VEHICULAR FACTOR,99
31617145,1,VEHICULAR FACTOR,99
31617145,2,VEHICULAR FACTOR,99
31619018,1,VEHICULAR FACTOR,99
31619307,1,VEHICULAR FACTOR,99
31619308,1,VEHICULAR FACTOR,99
31619308,2,VEHICULAR FACTOR,99
31619308,3,VEHICULAR FACTOR,99
31623134,1,VEHICULAR FACTOR,99
31623594,1,VEHICULAR FACTOR,99
31624988,1,VEHICULAR FACTOR,99
31624988,2,VEHICULAR FACTOR,99
31624988,3,VEHICULAR FACTOR,99
31624988,4,VEHICULAR FACTOR,99
31626302,1,VEHICULAR FACTOR,99
31628511,2,VEHICULAR FACTOR,99
31628511,3,VEHICULAR FACTOR,99
31628511,1,VEHICULAR FACTOR,99
31629524,1,VEHICULAR FACTOR,99
31629524,2,VEHICULAR FACTOR,99
31629600,1,VEHICULAR FACTOR,99
31630358,2,VEHICULAR FACTOR,99
31630689,1,VEHICULAR FACTOR,99
31630689,2,VEHICULAR FACTOR,99
31632269,1,VEHICULAR FACTOR,99
31632269,2,VEHICULAR FACTOR,99
31632570,1,VEHICULAR FACTOR,99
31632570,2,VEHICULAR FACTOR,99
31635161,1,VEHICULAR FACTOR,1
31635161,2,VEHICULAR FACTOR,99
31635247,1,VEHICULAR FACTOR,99
31635791,1,VEHICULAR FACTOR,99
31636107,1,VEHICULAR FACTOR,99
31636107,2,VEHICULAR FACTOR,99
31636547,1,VEHICULAR FACTOR,99
31636547,2,VEHICULAR FACTOR,99
31636750,1,VEHICULAR FACTOR,99
31636750,2,VEHICULAR FACTOR,99
31637686,1,VEHICULAR FACTOR,99
31637686,2,VEHICULAR FACTOR,99
31641097,1,VEHICULAR FACTOR,99
31641486,1,VEHICULAR FACTOR,99
31641486,2,VEHICULAR FACTOR,99
31644933,1,VEHICULAR FACTOR,99
31644933,2,VEHICULAR FACTOR,99
31646435,1,VEHICULAR FACTOR,99
31646435,2,VEHICULAR FACTOR,99
31648200,1,VEHICULAR FACTOR,99
31648200,2,VEHICULAR FACTOR,99
31648500,1,VEHICULAR FACTOR,99
31648500,2,VEHICULAR FACTOR,99
31648500,3,VEHICULAR FACTOR,99
31648500,4,VEHICULAR FACTOR,99
31648500,5,VEHICULAR FACTOR,99
31650181,1,VEHICULAR FACTOR,99
31650181,2,VEHICULAR FACTOR,99
31653350,2,VEHICULAR FACTOR,99
31658420,1,VEHICULAR FACTOR,99
31658420,2,VEHICULAR FACTOR,99
31658423,1,VEHICULAR FACTOR,99
31658423,2,VEHICULAR FACTOR,99
31659552,1,VEHICULAR FACTOR,99
31659552,2,VEHICULAR FACTOR,99
31659552,3,VEHICULAR FACTOR,99
31659610,1,VEHICULAR FACTOR,99
31659610,2,VEHICULAR FACTOR,99
31659610,3,VEHICULAR FACTOR,99
31659652,1,VEHICULAR FACTOR,3
31659652,1,VEHICULAR FACTOR,99
31659652,2,VEHICULAR FACTOR,99
31659663,1,VEHICULAR FACTOR,99
31659663,2,VEHICULAR FACTOR,99
31659695,1,VEHICULAR FACTOR,99
31659695,2,VEHICULAR FACTOR,99
31660567,1,VEHICULAR FACTOR,99
31660567,2,VEHICULAR FACTOR,99
31665930,1,VEHICULAR FACTOR,99
31665930,2,VEHICULAR FACTOR,99
31665967,1,VEHICULAR FACTOR,99
31665967,2,VEHICULAR FACTOR,99
31667886,1,VEHICULAR FACTOR,99
31667886,2,VEHICULAR FACTOR,99
31670443,2,VEHICULAR FACTOR,99
31671343,1,VEHICULAR FACTOR,99
31671343,2,VEHICULAR FACTOR,99
31672191,1,VEHICULAR FACTOR,11
31673598,1,VEHICULAR FACTOR,99
31675646,1,VEHICULAR FACTOR,99
31675646,2,VEHICULAR FACTOR,99
31679182,1,VEHICULAR FACTOR,99
31679182,2,VEHICULAR FACTOR,99
31681024,1,VEHICULAR FACTOR,99
31681024,2,VEHICULAR FACTOR,99
31681024,3,VEHICULAR FACTOR,99
31681024,4,VEHICULAR FACTOR,99
31681024,5,VEHICULAR FACTOR,99
31681165,1,VEHICULAR FACTOR,99
31681165,2,VEHICULAR FACTOR,99
31685074,1,VEHICULAR FACTOR,99
31685074,2,VEHICULAR FACTOR,99
31690705,1,VEHICULAR FACTOR,99
31690705,2,VEHICULAR FACTOR,99
31692373,1,VEHICULAR FACTOR,99
31692373,2,VEHICULAR FACTOR,99
31692926,1,VEHICULAR FACTOR,99
31692926,2,VEHICULAR FACTOR,99
31692958,1,VEHICULAR FACTOR,99
31692958,2,VEHICULAR FACTOR,99
31695339,1,VEHICULAR FACTOR,99
31695339,2,VEHICULAR FACTOR,99
31695549,1,VEHICULAR FACTOR,99
31695549,2,VEHICULAR FACTOR,99
31696026,1,VEHICULAR FACTOR,99
31698361,1,VEHICULAR FACTOR,99
31701533,1,VEHICULAR FACTOR,99
31701533,2,VEHICULAR FACTOR,99
31701999,1,VEHICULAR FACTOR,99
31701999,2,VEHICULAR FACTOR,99
31702022,1,VEHICULAR FACTOR,99
31702022,2,VEHICULAR FACTOR,99
31707364,1,VEHICULAR FACTOR,99
31707364,2,VEHICULAR FACTOR,99
31707396,1,VEHICULAR FACTOR,99
31707396,2,VEHICULAR FACTOR,99
31707549,1,VEHICULAR FACTOR,99
31707549,2,VEHICULAR FACTOR,99
31709606,1,VEHICULAR FACTOR,99
31709606,2,VEHICULAR FACTOR,99
31711642,1,VEHICULAR FACTOR,99
31711642,2,VEHICULAR FACTOR,99
31713340,1,VEHICULAR FACTOR,99
31713340,2,VEHICULAR FACTOR,99
31714232,1,VEHICULAR FACTOR,99
31714232,2,VEHICULAR FACTOR,99
31716255,1,VEHICULAR FACTOR,99
31716255,2,VEHICULAR FACTOR,99
31716255,3,VEHICULAR FACTOR,97
31721315,1,VEHICULAR FACTOR,99
31721315,2,VEHICULAR FACTOR,99
31721315,3,VEHICULAR FACTOR,99
31723930,1,VEHICULAR FACTOR,99
31724706,1,VEHICULAR FACTOR,99
31724706,2,VEHICULAR FACTOR,99
31728454,1,VEHICULAR FACTOR,99
31728454,2,VEHICULAR FACTOR,99
31730145,1,VEHICULAR FACTOR,99
31730145,2,VEHICULAR FACTOR,99
31731081,1,VEHICULAR FACTOR,99
31731311,1,VEHICULAR FACTOR,99
31731311,2,VEHICULAR FACTOR,99
31735695,1,VEHICULAR FACTOR,99
31735695,2,VEHICULAR FACTOR,99
31736618,1,VEHICULAR FACTOR,99
31736618,2,VEHICULAR FACTOR,99
31737436,1,VEHICULAR FACTOR,99
31737436,2,VEHICULAR FACTOR,99
31739198,1,VEHICULAR FACTOR,99
31739506,1,VEHICULAR FACTOR,99
31739506,2,VEHICULAR FACTOR,99
31742606,1,VEHICULAR FACTOR,99
31742606,2,VEHICULAR FACTOR,99
31742606,3,VEHICULAR FACTOR,99
31742872,1,VEHICULAR FACTOR,99
31742872,2,VEHICULAR FACTOR,99
31745510,1,VEHICULAR FACTOR,99
31745510,2,VEHICULAR FACTOR,99
31747957,1,VEHICULAR FACTOR,99
31747957,2,VEHICULAR FACTOR,99
31748417,1,VEHICULAR FACTOR,99
31748420,1,VEHICULAR FACTOR,99
31748420,2,VEHICULAR FACTOR,99
31748646,1,VEHICULAR FACTOR,99
31748646,2,VEHICULAR FACTOR,99
31750828,1,VEHICULAR FACTOR,99
31750828,2,VEHICULAR FACTOR,99
31753757,1,VEHICULAR FACTOR,99
31753757,2,VEHICULAR FACTOR,99
31753783,1,VEHICULAR FACTOR,99
31753783,2,VEHICULAR FACTOR,99
31754381,1,VEHICULAR FACTOR,99
31754381,2,VEHICULAR FACTOR,99
31756812,1,VEHICULAR FACTOR,99
31756812,2,VEHICULAR FACTOR,99
31759136,1,VEHICULAR FACTOR,99
31759136,2,VEHICULAR FACTOR,99
31759418,1,VEHICULAR FACTOR,99
31759418,2,VEHICULAR FACTOR,99
31759489,1,VEHICULAR FACTOR,99
31759489,2,VEHICULAR FACTOR,99
31760047,2,VEHICULAR FACTOR,99
31760352,1,VEHICULAR FACTOR,99
31760352,2,VEHICULAR FACTOR,99
31764360,1,VEHICULAR FACTOR,99
31764360,2,VEHICULAR FACTOR,99
31764380,1,VEHICULAR FACTOR,99
31764380,2,VEHICULAR FACTOR,99
31770323,1,VEHICULAR FACTOR,99
31770323,2,VEHICULAR FACTOR,99
31770378,1,VEHICULAR FACTOR,99
31770378,2,VEHICULAR FACTOR,99
31771985,1,VEHICULAR FACTOR,99
31771985,2,VEHICULAR FACTOR,99
31775856,1,VEHICULAR FACTOR,99
31777794,1,VEHICULAR FACTOR,99
31783029,1,VEHICULAR FACTOR,99
31784616,1,VEHICULAR FACTOR,99
31784616,2,VEHICULAR FACTOR,99
31784616,3,VEHICULAR FACTOR,99
31784616,4,VEHICULAR FACTOR,99
31784765,1,VEHICULAR FACTOR,99
31784765,2,VEHICULAR FACTOR,99
31785166,1,VEHICULAR FACTOR,99
31785549,1,VEHICULAR FACTOR,99
31785549,2,VEHICULAR FACTOR,99
31785787,1,VEHICULAR FACTOR,99
31785787,2,VEHICULAR FACTOR,99
31786777,1,VEHICULAR FACTOR,99
31786777,2,VEHICULAR FACTOR,99
31787746,1,VEHICULAR FACTOR,99
31787746,2,VEHICULAR FACTOR,99
31789965,1,VEHICULAR FACTOR,99
31789965,2,VEHICULAR FACTOR,99
31791551,1,VEHICULAR FACTOR,99
31791551,2,VEHICULAR FACTOR,99
31794682,1,VEHICULAR FACTOR,99
31795016,1,VEHICULAR FACTOR,99
31795016,2,VEHICULAR FACTOR,99
31795029,1,VEHICULAR FACTOR,99
31795029,2,VEHICULAR FACTOR,99
31795041,1,VEHICULAR FACTOR,99
31799332,1,VEHICULAR FACTOR,99
31799332,2,VEHICULAR FACTOR,99
31801941,1,VEHICULAR FACTOR,99
31801941,2,VEHICULAR FACTOR,99
31802079,1,VEHICULAR FACTOR,99
31803756,1,VEHICULAR FACTOR,99
31803756,2,VEHICULAR FACTOR,99
31803772,1,VEHICULAR FACTOR,99
31803772,2,VEHICULAR FACTOR,99
31805389,1,VEHICULAR FACTOR,99
31805389,2,VEHICULAR FACTOR,99
31805406,1,VEHICULAR FACTOR,99
31805406,2,VEHICULAR FACTOR,99
31813441,1,VEHICULAR FACTOR,99
31813441,2,VEHICULAR FACTOR,99
31813441,3,VEHICULAR FACTOR,99
31813754,1,VEHICULAR FACTOR,99
31813754,2,VEHICULAR FACTOR,99
31813846,1,VEHICULAR FACTOR,99
31813846,2,VEHICULAR FACTOR,99
31813916,1,VEHICULAR FACTOR,99
31814360,1,VEHICULAR FACTOR,99
31814360,2,VEHICULAR FACTOR,99
31814577,1,VEHICULAR FACTOR,99
31814577,2,VEHICULAR FACTOR,99
31814577,3,VEHICULAR FACTOR,99
31814577,4,VEHICULAR FACTOR,99
31814577,5,VEHICULAR FACTOR,99
31814577,6,VEHICULAR FACTOR,99
31814577,7,VEHICULAR FACTOR,99
31814577,8,VEHICULAR FACTOR,99
31815667,1,VEHICULAR FACTOR,99
31815667,2,VEHICULAR FACTOR,99
31816220,1,VEHICULAR FACTOR,99
31816220,2,VEHICULAR FACTOR,99
31816456,1,VEHICULAR FACTOR,99
31816456,2,VEHICULAR FACTOR,99
31820285,1,VEHICULAR FACTOR,99
31820285,2,VEHICULAR FACTOR,99
31821115,1,VEHICULAR FACTOR,99
31821115,2,VEHICULAR FACTOR,99
31823285,1,VEHICULAR FACTOR,99
31823285,2,VEHICULAR FACTOR,99
31823671,1,VEHICULAR FACTOR,99
31823671,2,VEHICULAR FACTOR,99
31823963,1,VEHICULAR FACTOR,99
31823963,2,VEHICULAR FACTOR,99
31824250,1,VEHICULAR FACTOR,99
31824250,2,VEHICULAR FACTOR,99
31825283,1,VEHICULAR FACTOR,99
31825283,2,VEHICULAR FACTOR,99
31825283,3,VEHICULAR FACTOR,99
31828071,1,VEHICULAR FACTOR,99
31828582,1,VEHICULAR FACTOR,99
31828582,2,VEHICULAR FACTOR,99
31828822,1,VEHICULAR FACTOR,99
31828822,2,VEHICULAR FACTOR,99
31831449,1,VEHICULAR FACTOR,99
31831449,2,VEHICULAR FACTOR,99
31831449,3,VEHICULAR FACTOR,99
31831452,1,VEHICULAR FACTOR,99
31831452,2,VEHICULAR FACTOR,99
31831453,1,VEHICULAR FACTOR,99
31831453,2,VEHICULAR FACTOR,99
31831455,1,VEHICULAR FACTOR,99
31831455,2,VEHICULAR FACTOR,99
31834371,1,VEHICULAR FACTOR,99
31834371,2,VEHICULAR FACTOR,99
31836883,1,VEHICULAR FACTOR,99
31836883,2,VEHICULAR FACTOR,99
31836883,3,VEHICULAR FACTOR,99
31836884,1,VEHICULAR FACTOR,99
31836884,2,VEHICULAR FACTOR,99
31836884,3,VEHICULAR FACTOR,99
31836884,4,VEHICULAR FACTOR,99
31836884,5,VEHICULAR FACTOR,99
31840757,1,VEHICULAR FACTOR,99
31840757,2,VEHICULAR FACTOR,99
31840757,3,VEHICULAR FACTOR,99
31840757,4,VEHICULAR FACTOR,99
31840785,1,VEHICULAR FACTOR,99
31840785,2,VEHICULAR FACTOR,99
31841652,1,VEHICULAR FACTOR,99
31843068,1,VEHICULAR FACTOR,99
31843068,2,VEHICULAR FACTOR,99
31843068,3,VEHICULAR FACTOR,99
31843076,1,VEHICULAR FACTOR,99
31843076,2,VEHICULAR FACTOR,99
31843084,1,VEHICULAR FACTOR,97
31843084,2,VEHICULAR FACTOR,99
31843353,1,VEHICULAR FACTOR,99
31843353,2,VEHICULAR FACTOR,99
31843354,1,VEHICULAR FACTOR,99
31843354,2,VEHICULAR FACTOR,99
31846006,1,VEHICULAR FACTOR,99
31846006,2,VEHICULAR FACTOR,99
31847414,1,VEHICULAR FACTOR,99
31847414,2,VEHICULAR FACTOR,99
31849398,1,VEHICULAR FACTOR,99
31849398,2,VEHICULAR FACTOR,99
31852482,1,VEHICULAR FACTOR,99
31852760,1,VEHICULAR FACTOR,99
31852760,2,VEHICULAR FACTOR,99
31852964,1,VEHICULAR FACTOR,99
31852964,2,VEHICULAR FACTOR,99
31852964,3,VEHICULAR FACTOR,99
31856567,2,VEHICULAR FACTOR,99
31856901,1,VEHICULAR FACTOR,99
31857453,1,VEHICULAR FACTOR,99
31857453,2,VEHICULAR FACTOR,99
31858459,1,VEHICULAR FACTOR,99
31858459,2,VEHICULAR FACTOR,99
31861022,1,VEHICULAR FACTOR,99
31861022,2,VEHICULAR FACTOR,99
31861700,1,VEHICULAR FACTOR,99
31861700,2,VEHICULAR FACTOR,99
31862262,1,VEHICULAR FACTOR,99
31862262,2,VEHICULAR FACTOR,99
31864390,1,VEHICULAR FACTOR,99
31864390,2,VEHICULAR FACTOR,99
31866026,1,VEHICULAR FACTOR,99
31866026,2,VEHICULAR FACTOR,99
31866053,1,VEHICULAR FACTOR,99
31867981,1,VEHICULAR FACTOR,99
31867981,2,VEHICULAR FACTOR,99
31868638,1,VEHICULAR FACTOR,99
31868638,2,VEHICULAR FACTOR,99
31868922,1,VEHICULAR FACTOR,99
31870018,1,VEHICULAR FACTOR,99
31871448,1,VEHICULAR FACTOR,99
31871448,2,VEHICULAR FACTOR,99
31872362,1,VEHICULAR FACTOR,99
31872362,2,VEHICULAR FACTOR,99
31872857,1,VEHICULAR FACTOR,99
31872857,2,VEHICULAR FACTOR,99
31872857,3,VEHICULAR FACTOR,99
31874139,1,VEHICULAR FACTOR,99
31876881,1,VEHICULAR FACTOR,5
31876881,2,VEHICULAR FACTOR,99
31878053,1,VEHICULAR FACTOR,99
31881210,1,VEHICULAR FACTOR,99
31881210,2,VEHICULAR FACTOR,99
31882095,1,VEHICULAR FACTOR,99
31882095,2,VEHICULAR FACTOR,99
31883506,1,VEHICULAR FACTOR,99
31883506,2,VEHICULAR FACTOR,99
31884890,1,VEHICULAR FACTOR,99
31884890,2,VEHICULAR FACTOR,99
31885648,1,VEHICULAR FACTOR,99
31885648,2,VEHICULAR FACTOR,99
31886823,1,VEHICULAR FACTOR,99
31890939,1,VEHICULAR FACTOR,99
31890939,2,VEHICULAR FACTOR,99
31890939,3,VEHICULAR FACTOR,99
31891426,1,VEHICULAR FACTOR,99
31892915,1,VEHICULAR FACTOR,99
31893537,1,VEHICULAR FACTOR,99
31893537,2,VEHICULAR FACTOR,99
31893537,3,VEHICULAR FACTOR,99
31893537,4,VEHICULAR FACTOR,99
31893537,5,VEHICULAR FACTOR,99
31895193,1,VEHICULAR FACTOR,99
31895193,2,VEHICULAR FACTOR,99
31896428,1,VEHICULAR FACTOR,99
31896428,2,VEHICULAR FACTOR,99
31896428,3,VEHICULAR FACTOR,99
31897362,1,VEHICULAR FACTOR,99
31898162,1,VEHICULAR FACTOR,99
31898162,2,VEHICULAR FACTOR,99
31898163,1,VEHICULAR FACTOR,99
31898163,2,VEHICULAR FACTOR,99
31898164,1,VEHICULAR FACTOR,99
31898164,2,VEHICULAR FACTOR,99
31899488,1,VEHICULAR FACTOR,99
31899488,2,VEHICULAR FACTOR,99
31900490,1,VEHICULAR FACTOR,99
31900490,2,VEHICULAR FACTOR,99
31900490,3,VEHICULAR FACTOR,12
31900490,4,VEHICULAR FACTOR,99
31900492,1,VEHICULAR FACTOR,99
31900492,2,VEHICULAR FACTOR,99
31902031,1,VEHICULAR FACTOR,99
31902031,2,VEHICULAR FACTOR,99
31902118,1,VEHICULAR FACTOR,99
31902118,2,VEHICULAR FACTOR,99
31903235,1,VEHICULAR FACTOR,99
31903235,2,VEHICULAR FACTOR,99
31903376,1,VEHICULAR FACTOR,99
31903970,1,VEHICULAR FACTOR,99
31906261,1,VEHICULAR FACTOR,99
31906261,2,VEHICULAR FACTOR,99
31906521,1,VEHICULAR FACTOR,99
31906521,2,VEHICULAR FACTOR,99
31907056,1,VEHICULAR FACTOR,99
31907056,2,VEHICULAR FACTOR,99
31910679,1,VEHICULAR FACTOR,13
31913576,1,VEHICULAR FACTOR,99
31913576,2,VEHICULAR FACTOR,99
31913576,3,VEHICULAR FACTOR,99
31916353,1,VEHICULAR FACTOR,99
31916353,2,VEHICULAR FACTOR,99
31916412,1,VEHICULAR FACTOR,99
31916412,2,VEHICULAR FACTOR,99
31917034,1,VEHICULAR FACTOR,99
31917034,2,VEHICULAR FACTOR,99
31918122,1,VEHICULAR FACTOR,99
31918122,2,VEHICULAR FACTOR,99
31918575,1,VEHICULAR FACTOR,99
31918575,2,VEHICULAR FACTOR,99
31922673,1,VEHICULAR FACTOR,99
31923398,1,VEHICULAR FACTOR,99
31923398,2,VEHICULAR FACTOR,99
31924555,1,VEHICULAR FACTOR,99
31924555,2,VEHICULAR FACTOR,99
31924556,1,VEHICULAR FACTOR,99
31924556,2,VEHICULAR FACTOR,99
31925580,1,VEHICULAR FACTOR,99
31925580,2,VEHICULAR FACTOR,99
31926583,1,VEHICULAR FACTOR,99
31926583,2,VEHICULAR FACTOR,99
31926583,3,VEHICULAR FACTOR,99
31930767,1,VEHICULAR FACTOR,99
31930767,2,VEHICULAR FACTOR,99
31930767,3,VEHICULAR FACTOR,99
31931520,1,VEHICULAR FACTOR,99
31931520,2,VEHICULAR FACTOR,99
31931593,1,VEHICULAR FACTOR,99
31931593,2,VEHICULAR FACTOR,99
31931599,1,VEHICULAR FACTOR,99
31931599,2,VEHICULAR FACTOR,99
31931662,1,VEHICULAR FACTOR,99
31932156,1,VEHICULAR FACTOR,99
31932156,2,VEHICULAR FACTOR,99
31932711,1,VEHICULAR FACTOR,99
31932711,2,VEHICULAR FACTOR,99
31932712,1,VEHICULAR FACTOR,99
31932712,2,VEHICULAR FACTOR,99
31932835,1,VEHICULAR FACTOR,97
31933057,1,VEHICULAR FACTOR,1
31933070,1,VEHICULAR FACTOR,99
31933070,2,VEHICULAR FACTOR,99
31937255,1,VEHICULAR FACTOR,99
31937255,2,VEHICULAR FACTOR,99
31937255,3,VEHICULAR FACTOR,99
31950275,1,VEHICULAR FACTOR,99
31950275,2,VEHICULAR FACTOR,99
31951159,1,VEHICULAR FACTOR,99
31951159,2,VEHICULAR FACTOR,99
31951164,1,VEHICULAR FACTOR,99
31951164,2,VEHICULAR FACTOR,99
31951869,1,VEHICULAR FACTOR,99
31951869,2,VEHICULAR FACTOR,99
31953637,1,VEHICULAR FACTOR,99
31953637,2,VEHICULAR FACTOR,99
31954251,2,VEHICULAR FACTOR,99
31965957,1,VEHICULAR FACTOR,99
31965957,2,VEHICULAR FACTOR,99
31965969,1,VEHICULAR FACTOR,99
31965983,1,VEHICULAR FACTOR,99
31965983,2,VEHICULAR FACTOR,99
31966917,1,VEHICULAR FACTOR,97
31966917,2,VEHICULAR FACTOR,99
31967432,2,VEHICULAR FACTOR,99
31969009,2,VEHICULAR FACTOR,99
31969009,3,VEHICULAR FACTOR,99
31969506,1,VEHICULAR FACTOR,99
31969506,2,VEHICULAR FACTOR,99
31970697,1,VEHICULAR FACTOR,99
31970942,1,VEHICULAR FACTOR,99
31970942,2,VEHICULAR FACTOR,99
31970979,1,VEHICULAR FACTOR,99
31970979,2,VEHICULAR FACTOR,99
31971086,1,VEHICULAR FACTOR,99
31971086,2,VEHICULAR FACTOR,99
31971086,3,VEHICULAR FACTOR,99
31971086,4,VEHICULAR FACTOR,99
31972405,1,VEHICULAR FACTOR,99
31972405,2,VEHICULAR FACTOR,99
31973278,1,VEHICULAR FACTOR,99
31973318,1,VEHICULAR FACTOR,99
31973318,2,VEHICULAR FACTOR,99
31973319,1,VEHICULAR FACTOR,99
31973319,2,VEHICULAR FACTOR,99
31975686,1,VEHICULAR FACTOR,99
31975686,2,VEHICULAR FACTOR,99
31976392,1,VEHICULAR FACTOR,99
31976392,2,VEHICULAR FACTOR,99
31978113,1,VEHICULAR FACTOR,99
31978113,2,VEHICULAR FACTOR,99
31978985,1,VEHICULAR FACTOR,99
31978985,2,VEHICULAR FACTOR,99
31981323,1,VEHICULAR FACTOR,99
31981323,2,VEHICULAR FACTOR,99
31981342,1,VEHICULAR FACTOR,99
31981342,2,VEHICULAR FACTOR,99
31981531,1,VEHICULAR FACTOR,99
31981531,2,VEHICULAR FACTOR,99
31981976,1,VEHICULAR FACTOR,99
31982991,1,VEHICULAR FACTOR,99
31982991,2,VEHICULAR FACTOR,99
31983137,2,VEHICULAR FACTOR,99
31983137,1,VEHICULAR FACTOR,99
31983198,1,VEHICULAR FACTOR,2
31983198,2,VEHICULAR FACTOR,99
31984466,2,VEHICULAR FACTOR,99
31984639,1,VEHICULAR FACTOR,99
31984639,2,VEHICULAR FACTOR,99
31986434,1,VEHICULAR FACTOR,99
31986434,2,VEHICULAR FACTOR,99
31988934,1,VEHICULAR FACTOR,99
31988934,2,VEHICULAR FACTOR,99
31989592,1,VEHICULAR FACTOR,99
31989592,2,VEHICULAR FACTOR,99
31991429,1,VEHICULAR FACTOR,99
31991429,2,VEHICULAR FACTOR,99
31991429,3,VEHICULAR FACTOR,99
31991511,1,VEHICULAR FACTOR,99
31991511,2,VEHICULAR FACTOR,99
31992496,1,VEHICULAR FACTOR,99
31993383,1,VEHICULAR FACTOR,99
31993383,2,VEHICULAR FACTOR,99
31993818,1,VEHICULAR FACTOR,99
31993818,2,VEHICULAR FACTOR,99
31994198,1,VEHICULAR FACTOR,99
31994486,1,VEHICULAR FACTOR,99
31996861,1,VEHICULAR FACTOR,99
31996861,2,VEHICULAR FACTOR,99
31997124,1,VEHICULAR FACTOR,99
31997124,2,VEHICULAR FACTOR,99
31997200,1,VEHICULAR FACTOR,99
31997200,2,VEHICULAR FACTOR,99
32001135,2,VEHICULAR FACTOR,99
32001353,1,VEHICULAR FACTOR,99
32001353,2,VEHICULAR FACTOR,99
32002014,1,VEHICULAR FACTOR,99
32002014,2,VEHICULAR FACTOR,99
32004072,1,VEHICULAR FACTOR,99
32004072,2,VEHICULAR FACTOR,99
32005966,1,VEHICULAR FACTOR,99
32005966,2,VEHICULAR FACTOR,99
32005966,3,VEHICULAR FACTOR,99
32006010,1,VEHICULAR FACTOR,99
32009582,1,VEHICULAR FACTOR,99
32009582,2,VEHICULAR FACTOR,99
32009582,3,VEHICULAR FACTOR,99
32012862,1,VEHICULAR FACTOR,99
32012862,2,VEHICULAR FACTOR,99
32018077,1,VEHICULAR FACTOR,99
32020095,1,VEHICULAR FACTOR,99
32020095,2,VEHICULAR FACTOR,99
32021724,1,VEHICULAR FACTOR,99
32022084,1,VEHICULAR FACTOR,99
32022084,2,VEHICULAR FACTOR,99
32023249,1,VEHICULAR FACTOR,99
32023249,2,VEHICULAR FACTOR,99
32023847,1,VEHICULAR FACTOR,99
32023847,2,VEHICULAR FACTOR,99
32024053,1,VEHICULAR FACTOR,11
32024053,2,VEHICULAR FACTOR,99
32026189,1,VEHICULAR FACTOR,99
32026189,2,VEHICULAR FACTOR,99
32026439,1,VEHICULAR FACTOR,99
32026439,2,VEHICULAR FACTOR,99
32026658,1,VEHICULAR FACTOR,99
32026876,1,VEHICULAR FACTOR,99
32026876,2,VEHICULAR FACTOR,99
32026945,1,VEHICULAR FACTOR,99
32027051,1,VEHICULAR FACTOR,99
32027438,1,VEHICULAR FACTOR,99
32027458,1,VEHICULAR FACTOR,99
32027458,2,VEHICULAR FACTOR,99
32028472,1,VEHICULAR FACTOR,99
32028472,2,VEHICULAR FACTOR,99
32032264,1,VEHICULAR FACTOR,99
32032264,2,VEHICULAR FACTOR,99
32032678,1,VEHICULAR FACTOR,99
32032678,2,VEHICULAR FACTOR,99
32032873,1,VEHICULAR FACTOR,99
32034136,1,VEHICULAR FACTOR,99
32034136,2,VEHICULAR FACTOR,99
32034136,3,VEHICULAR FACTOR,99
32035993,1,VEHICULAR FACTOR,99
32037184,1,VEHICULAR FACTOR,99
32037194,1,VEHICULAR FACTOR,99
32037194,2,VEHICULAR FACTOR,99
32039828,1,VEHICULAR FACTOR,99
32041075,1,VEHICULAR FACTOR,99
32041075,2,VEHICULAR FACTOR,99
32041844,1,VEHICULAR FACTOR,99
32041990,1,VEHICULAR FACTOR,99
32041990,2,VEHICULAR FACTOR,99
32042461,1,VEHICULAR FACTOR,99
32042799,1,VEHICULAR FACTOR,99
32042799,2,VEHICULAR FACTOR,99
32044193,1,VEHICULAR FACTOR,99
32044193,2,VEHICULAR FACTOR,99
32044267,1,VEHICULAR FACTOR,99
32044267,2,VEHICULAR FACTOR,99
32045428,1,VEHICULAR FACTOR,99
32046059,1,VEHICULAR FACTOR,99
32046059,2,VEHICULAR FACTOR,99
32046061,1,VEHICULAR FACTOR,99
32046061,2,VEHICULAR FACTOR,99
32046061,3,VEHICULAR FACTOR,99
32046310,1,VEHICULAR FACTOR,99
32046310,2,VEHICULAR FACTOR,99
32046853,2,VEHICULAR FACTOR,99
32047293,1,VEHICULAR FACTOR,99
32047293,2,VEHICULAR FACTOR,99
32047634,1,VEHICULAR FACTOR,99
32047634,2,VEHICULAR FACTOR,99
32050369,1,VEHICULAR FACTOR,99
32050369,2,VEHICULAR FACTOR,99
32051143,1,VEHICULAR FACTOR,99
32051143,2,VEHICULAR FACTOR,99
32051144,1,VEHICULAR FACTOR,99
32051144,2,VEHICULAR FACTOR,99
32051600,1,VEHICULAR FACTOR,99
32051645,1,VEHICULAR FACTOR,99
32056574,1,VEHICULAR FACTOR,99
32056574,2,VEHICULAR FACTOR,99
32056597,1,VEHICULAR FACTOR,99
32057718,1,VEHICULAR FACTOR,99
32057718,2,VEHICULAR FACTOR,99
32058153,1,VEHICULAR FACTOR,97
32058323,3,VEHICULAR FACTOR,99
32058323,2,VEHICULAR FACTOR,99
32058323,1,VEHICULAR FACTOR,99
32058950,1,VEHICULAR FACTOR,99
32059975,1,VEHICULAR FACTOR,99
32059975,2,VEHICULAR FACTOR,99
32059990,1,VEHICULAR FACTOR,99
32059990,2,VEHICULAR FACTOR,99
32059990,3,VEHICULAR FACTOR,99
32061162,2,VEHICULAR FACTOR,99
32061162,1,VEHICULAR FACTOR,99
32062302,1,VEHICULAR FACTOR,99
32062302,2,VEHICULAR FACTOR,99
32062302,3,VEHICULAR FACTOR,99
32064079,1,VEHICULAR FACTOR,99
32064079,2,VEHICULAR FACTOR,99
32064193,1,VEHICULAR FACTOR,99
32064193,2,VEHICULAR FACTOR,99
32064464,1,VEHICULAR FACTOR,99
32066240,1,VEHICULAR FACTOR,99
32066240,2,VEHICULAR FACTOR,99
32067076,1,VEHICULAR FACTOR,99
32067076,2,VEHICULAR FACTOR,99
32070299,1,VEHICULAR FACTOR,99
32070299,2,VEHICULAR FACTOR,99
32070899,1,VEHICULAR FACTOR,99
32070899,2,VEHICULAR FACTOR,99
32071293,1,VEHICULAR FACTOR,99
32071293,2,VEHICULAR FACTOR,99
32071310,1,VEHICULAR FACTOR,97
32071357,1,VEHICULAR FACTOR,99
32071357,2,VEHICULAR FACTOR,99
32071376,1,VEHICULAR FACTOR,99
32071657,1,VEHICULAR FACTOR,99
32071657,2,VEHICULAR FACTOR,99
32071872,1,VEHICULAR FACTOR,99
32071872,2,VEHICULAR FACTOR,99
32071872,3,VEHICULAR FACTOR,99
32071919,1,VEHICULAR FACTOR,99
32071919,2,VEHICULAR FACTOR,99
32071919,3,VEHICULAR FACTOR,99
32072042,1,VEHICULAR FACTOR,1
32074980,1,VEHICULAR FACTOR,99
32074980,2,VEHICULAR FACTOR,99
32074980,3,VEHICULAR FACTOR,99
32076782,1,VEHICULAR FACTOR,99
32076782,2,VEHICULAR FACTOR,99
32076782,3,VEHICULAR FACTOR,99
32078120,1,VEHICULAR FACTOR,99
32078120,2,VEHICULAR FACTOR,99
32078930,1,VEHICULAR FACTOR,99
32079330,1,VEHICULAR FACTOR,99
32079330,2,VEHICULAR FACTOR,99
32081505,1,VEHICULAR FACTOR,99
32081505,2,VEHICULAR FACTOR,99
32082526,1,VEHICULAR FACTOR,99
32082526,2,VEHICULAR FACTOR,99
32082570,1,VEHICULAR FACTOR,99
32082570,2,VEHICULAR FACTOR,99
32084257,1,VEHICULAR FACTOR,99
32084299,1,VEHICULAR FACTOR,99
32084299,2,VEHICULAR FACTOR,99
32084299,3,VEHICULAR FACTOR,99
32084299,4,VEHICULAR FACTOR,99
32084486,1,VEHICULAR FACTOR,99
32084486,2,VEHICULAR FACTOR,99
32086104,1,VEHICULAR FACTOR,99
32086104,2,VEHICULAR FACTOR,99
32086456,1,VEHICULAR FACTOR,99
32086456,2,VEHICULAR FACTOR,99
32086456,3,VEHICULAR FACTOR,99
32086885,1,VEHICULAR FACTOR,99
32086885,2,VEHICULAR FACTOR,99
32086886,1,VEHICULAR FACTOR,99
32086886,2,VEHICULAR FACTOR,99
32086919,1,VEHICULAR FACTOR,99
32086919,2,VEHICULAR FACTOR,99
32088220,1,VEHICULAR FACTOR,99
32088547,1,VEHICULAR FACTOR,2
32088547,2,VEHICULAR FACTOR,99
32089061,1,VEHICULAR FACTOR,99
32089061,2,VEHICULAR FACTOR,99
32089061,3,VEHICULAR FACTOR,99
32090246,1,VEHICULAR FACTOR,99
32090246,2,VEHICULAR FACTOR,99
32091088,1,VEHICULAR FACTOR,7
32091244,1,VEHICULAR FACTOR,99
32091244,2,VEHICULAR FACTOR,99
32091392,1,VEHICULAR FACTOR,99
32091637,1,VEHICULAR FACTOR,99
32091637,2,VEHICULAR FACTOR,99
32093889,1,VEHICULAR FACTOR,99
32093889,2,VEHICULAR FACTOR,99
32094795,1,VEHICULAR FACTOR,99
32094795,2,VEHICULAR FACTOR,99
32099937,1,VEHICULAR FACTOR,99
32099937,2,VEHICULAR FACTOR,99
32099964,1,VEHICULAR FACTOR,99
32099964,2,VEHICULAR FACTOR,99
32101675,1,VEHICULAR FACTOR,99
32101675,2,VEHICULAR FACTOR,99
32101675,3,VEHICULAR FACTOR,99
32101721,1,VEHICULAR FACTOR,99
32101721,2,VEHICULAR FACTOR,99
32104111,1,VEHICULAR FACTOR,99
32104111,2,VEHICULAR FACTOR,99
32104332,1,VEHICULAR FACTOR,99
32110144,1,VEHICULAR FACTOR,97
32112478,1,VEHICULAR FACTOR,99
32112508,1,VEHICULAR FACTOR,99
32112508,2,VEHICULAR FACTOR,99
32112547,1,VEHICULAR FACTOR,99
32112547,2,VEHICULAR FACTOR,99
32112677,1,VEHICULAR FACTOR,99
32112677,2,VEHICULAR FACTOR,99
32113466,1,VEHICULAR FACTOR,99
32113466,2,VEHICULAR FACTOR,99
32113617,1,VEHICULAR FACTOR,99
32113617,2,VEHICULAR FACTOR,99
32116187,1,VEHICULAR FACTOR,99
32116187,2,VEHICULAR FACTOR,99
32116617,1,VEHICULAR FACTOR,99
32117585,1,VEHICULAR FACTOR,99
32117585,2,VEHICULAR FACTOR,99
32118089,1,VEHICULAR FACTOR,99
32119810,1,VEHICULAR FACTOR,99
32119810,2,VEHICULAR FACTOR,99
32119810,3,VEHICULAR FACTOR,99
32119810,4,VEHICULAR FACTOR,99
32119810,5,VEHICULAR FACTOR,99
32120849,1,VEHICULAR FACTOR,99
32121779,1,VEHICULAR FACTOR,99
32121780,1,VEHICULAR FACTOR,99
32121780,2,VEHICULAR FACTOR,99
32124559,1,VEHICULAR FACTOR,99
32124559,2,VEHICULAR FACTOR,99
32127662,1,VEHICULAR FACTOR,99
32127662,2,VEHICULAR FACTOR,99
32132758,1,VEHICULAR FACTOR,99
32132758,2,VEHICULAR FACTOR,99
32132760,1,VEHICULAR FACTOR,99
32132760,2,VEHICULAR FACTOR,99
32134235,1,VEHICULAR FACTOR,99
32134235,2,VEHICULAR FACTOR,99
32136121,1,VEHICULAR FACTOR,99
32136121,2,VEHICULAR FACTOR,99
32136501,1,VEHICULAR FACTOR,99
32136501,2,VEHICULAR FACTOR,99
32138460,1,VEHICULAR FACTOR,99
32138460,2,VEHICULAR FACTOR,99
32140350,1,VEHICULAR FACTOR,99
32140350,2,VEHICULAR FACTOR,99
32144687,1,VEHICULAR FACTOR,99
32144687,2,VEHICULAR FACTOR,99
32156386,1,VEHICULAR FACTOR,99
32157800,1,VEHICULAR FACTOR,99
32157800,2,VEHICULAR FACTOR,99
32160197,1,VEHICULAR FACTOR,99
32160197,2,VEHICULAR FACTOR,99
32160359,1,VEHICULAR FACTOR,99
32162415,1,VEHICULAR FACTOR,99
32162415,2,VEHICULAR FACTOR,99
32162490,1,VEHICULAR FACTOR,99
32164217,1,VEHICULAR FACTOR,99
32164217,2,VEHICULAR FACTOR,99
32164729,1,VEHICULAR FACTOR,99
32164729,2,VEHICULAR FACTOR,99
32167675,1,VEHICULAR FACTOR,99
32167675,2,VEHICULAR FACTOR,99
32171419,1,VEHICULAR FACTOR,99
32172525,1,VEHICULAR FACTOR,99
32173883,1,VEHICULAR FACTOR,99
32173883,2,VEHICULAR FACTOR,99
32173883,3,VEHICULAR FACTOR,99
32174053,1,VEHICULAR FACTOR,99
32174053,2,VEHICULAR FACTOR,99
32174065,1,VEHICULAR FACTOR,99
32176774,1,VEHICULAR FACTOR,13
32176774,2,VEHICULAR FACTOR,99
32176864,1,VEHICULAR FACTOR,99
32176864,2,VEHICULAR FACTOR,99
32177101,1,VEHICULAR FACTOR,99
32177101,2,VEHICULAR FACTOR,99
32181632,1,VEHICULAR FACTOR,99
32181632,2,VEHICULAR FACTOR,99
32182519,1,VEHICULAR FACTOR,99
32182519,2,VEHICULAR FACTOR,99
32184804,1,VEHICULAR FACTOR,99
32184804,2,VEHICULAR FACTOR,99
32184856,1,VEHICULAR FACTOR,99
32184856,2,VEHICULAR FACTOR,99
32185608,1,VEHICULAR FACTOR,99
32185608,2,VEHICULAR FACTOR,99
32187938,1,VEHICULAR FACTOR,99
32187938,2,VEHICULAR FACTOR,99
32188430,1,VEHICULAR FACTOR,99
32190101,1,VEHICULAR FACTOR,99
32190988,1,VEHICULAR FACTOR,99
32190988,2,VEHICULAR FACTOR,99
32190988,3,VEHICULAR FACTOR,99
32190988,4,VEHICULAR FACTOR,99
32191010,1,VEHICULAR FACTOR,99
32191010,2,VEHICULAR FACTOR,99
32191580,1,VEHICULAR FACTOR,99
32191580,2,VEHICULAR FACTOR,99
32192509,1,VEHICULAR FACTOR,99
32192509,2,VEHICULAR FACTOR,99
32192511,1,VEHICULAR FACTOR,99
32192511,2,VEHICULAR FACTOR,99
32193349,1,VEHICULAR FACTOR,99
32193349,2,VEHICULAR FACTOR,99
32193420,2,VEHICULAR FACTOR,99
32193943,1,VEHICULAR FACTOR,99
32193943,2,VEHICULAR FACTOR,99
32194158,1,VEHICULAR FACTOR,99
32194158,2,VEHICULAR FACTOR,99
32194227,1,VEHICULAR FACTOR,99
32194227,2,VEHICULAR FACTOR,99
32196208,1,VEHICULAR FACTOR,99
32196208,2,VEHICULAR FACTOR,99
32197199,1,VEHICULAR FACTOR,99
32197199,2,VEHICULAR FACTOR,99
32197199,3,VEHICULAR FACTOR,99
32198736,1,VEHICULAR FACTOR,99
32200972,1,VEHICULAR FACTOR,99
32200972,2,VEHICULAR FACTOR,99
32202256,1,VEHICULAR FACTOR,99
32202256,2,VEHICULAR FACTOR,99
32203110,1,VEHICULAR FACTOR,99
32203110,2,VEHICULAR FACTOR,99
32203110,3,VEHICULAR FACTOR,99
32203574,1,VEHICULAR FACTOR,99
32203574,2,VEHICULAR FACTOR,99
32204000,1,VEHICULAR FACTOR,99
32204000,2,VEHICULAR FACTOR,99
32204058,1,VEHICULAR FACTOR,99
32204058,2,VEHICULAR FACTOR,99
32204459,1,VEHICULAR FACTOR,99
32204459,2,VEHICULAR FACTOR,99
32204701,1,VEHICULAR FACTOR,99
32207137,1,VEHICULAR FACTOR,99
32207137,2,VEHICULAR FACTOR,99
32209864,1,VEHICULAR FACTOR,99
32209864,2,VEHICULAR FACTOR,99
32210791,1,VEHICULAR FACTOR,99
32210791,2,VEHICULAR FACTOR,99
32211639,1,VEHICULAR FACTOR,99
32211639,2,VEHICULAR FACTOR,99
32212106,1,VEHICULAR FACTOR,99
32212106,2,VEHICULAR FACTOR,99
32212528,1,VEHICULAR FACTOR,99
32212528,2,VEHICULAR FACTOR,99
32213875,1,VEHICULAR FACTOR,99
32213875,2,VEHICULAR FACTOR,99
32215334,1,VEHICULAR FACTOR,99
32215334,2,VEHICULAR FACTOR,99
32216377,1,VEHICULAR FACTOR,99
32216377,2,VEHICULAR FACTOR,99
32217315,1,VEHICULAR FACTOR,99
32217315,2,VEHICULAR FACTOR,99
32218087,1,VEHICULAR FACTOR,99
32218087,2,VEHICULAR FACTOR,99
32218105,1,VEHICULAR FACTOR,99
32220211,1,VEHICULAR FACTOR,99
32220447,1,VEHICULAR FACTOR,99
32220447,2,VEHICULAR FACTOR,99
32220562,1,VEHICULAR FACTOR,99
32220562,2,VEHICULAR FACTOR,99
32220908,1,VEHICULAR FACTOR,99
32220908,2,VEHICULAR FACTOR,99
32221167,1,VEHICULAR FACTOR,99
32221167,2,VEHICULAR FACTOR,99
32221914,1,VEHICULAR FACTOR,1
32221914,2,VEHICULAR FACTOR,99
32222195,1,VEHICULAR FACTOR,99
32222195,2,VEHICULAR FACTOR,99
32226909,1,VEHICULAR FACTOR,99
32226909,2,VEHICULAR FACTOR,99
32226974,1,VEHICULAR FACTOR,99
32226974,2,VEHICULAR FACTOR,99
32226978,1,VEHICULAR FACTOR,99
32226978,2,VEHICULAR FACTOR,99
32229725,1,VEHICULAR FACTOR,99
32232987,1,VEHICULAR FACTOR,99
32234394,1,VEHICULAR FACTOR,99
32235896,1,VEHICULAR FACTOR,99
32236441,1,VEHICULAR FACTOR,99
32236441,2,VEHICULAR FACTOR,99
32237637,1,VEHICULAR FACTOR,99
32237637,2,VEHICULAR FACTOR,99
32238323,1,VEHICULAR FACTOR,99
32238323,2,VEHICULAR FACTOR,99
32241019,2,VEHICULAR FACTOR,99
32241566,1,VEHICULAR FACTOR,99
32241863,1,VEHICULAR FACTOR,99
32241863,2,VEHICULAR FACTOR,99
32242522,1,VEHICULAR FACTOR,99
32242522,2,VEHICULAR FACTOR,99
32242903,1,VEHICULAR FACTOR,99
32242903,2,VEHICULAR FACTOR,99
32243295,1,VEHICULAR FACTOR,99
32243773,1,VEHICULAR FACTOR,99
32243773,2,VEHICULAR FACTOR,99
32244338,1,VEHICULAR FACTOR,99
32244338,2,VEHICULAR FACTOR,99
32255712,1,VEHICULAR FACTOR,99
32256562,1,VEHICULAR FACTOR,99
32256562,2,VEHICULAR FACTOR,99
32256794,1,VEHICULAR FACTOR,99
32256794,2,VEHICULAR FACTOR,99
32258934,1,VEHICULAR FACTOR,99
32258934,2,VEHICULAR FACTOR,99
32259292,1,VEHICULAR FACTOR,99
32259292,2,VEHICULAR FACTOR,99
32260095,1,VEHICULAR FACTOR,99
32260095,2,VEHICULAR FACTOR,99
32262203,1,VEHICULAR FACTOR,99
32262203,2,VEHICULAR FACTOR,99
32264817,1,VEHICULAR FACTOR,99
32264817,2,VEHICULAR FACTOR,99
32266199,1,VEHICULAR FACTOR,99
32266353,1,VEHICULAR FACTOR,99
32266353,2,VEHICULAR FACTOR,99
32268065,1,VEHICULAR FACTOR,99
32268065,2,VEHICULAR FACTOR,99
32269253,1,VEHICULAR FACTOR,99
32269369,1,VEHICULAR FACTOR,99
32269369,2,VEHICULAR FACTOR,99
32270930,1,VEHICULAR FACTOR,99
32270930,2,VEHICULAR FACTOR,99
32272044,1,VEHICULAR FACTOR,99
32272044,2,VEHICULAR FACTOR,99
32272044,3,VEHICULAR FACTOR,99
32272340,1,VEHICULAR FACTOR,99
32272340,2,VEHICULAR FACTOR,99
32273367,1,VEHICULAR FACTOR,99
32273367,2,VEHICULAR FACTOR,99
32273441,2,VEHICULAR FACTOR,99
32273653,1,VEHICULAR FACTOR,99
32273653,2,VEHICULAR FACTOR,99
32273654,1,VEHICULAR FACTOR,99
32273654,2,VEHICULAR FACTOR,99
32274189,1,VEHICULAR FACTOR,99
32274189,2,VEHICULAR FACTOR,99
32276709,1,VEHICULAR FACTOR,99
32276709,2,VEHICULAR FACTOR,99
32278348,2,VEHICULAR FACTOR,99
32278348,3,VEHICULAR FACTOR,99
32278353,1,VEHICULAR FACTOR,99
32278353,2,VEHICULAR FACTOR,99
32278798,1,VEHICULAR FACTOR,99
32278798,2,VEHICULAR FACTOR,99
32279285,1,VEHICULAR FACTOR,99
32279285,2,VEHICULAR FACTOR,99
32280640,1,VEHICULAR FACTOR,99
32280640,2,VEHICULAR FACTOR,99
32281595,1,VEHICULAR FACTOR,99
32281595,2,VEHICULAR FACTOR,99
32281838,1,VEHICULAR FACTOR,99
32282269,1,VEHICULAR FACTOR,99
32282269,2,VEHICULAR FACTOR,99
32282362,1,VEHICULAR FACTOR,99
32282896,1,VEHICULAR FACTOR,99
32283529,1,VEHICULAR FACTOR,99
32283703,1,VEHICULAR FACTOR,99
32283703,2,VEHICULAR FACTOR,99
32283703,3,VEHICULAR FACTOR,99
32284275,1,VEHICULAR FACTOR,99
32284275,2,VEHICULAR FACTOR,99
32285352,1,VEHICULAR FACTOR,99
32285352,2,VEHICULAR FACTOR,99
32285625,1,VEHICULAR FACTOR,99
32285625,2,VEHICULAR FACTOR,99
32287697,1,VEHICULAR FACTOR,1
32287697,2,VEHICULAR FACTOR,99
32287697,3,VEHICULAR FACTOR,99
32287882,1,VEHICULAR FACTOR,99
32288038,1,VEHICULAR FACTOR,99
32288038,2,VEHICULAR FACTOR,99
32288148,1,VEHICULAR FACTOR,99
32288490,1,VEHICULAR FACTOR,99
32289538,1,VEHICULAR FACTOR,99
32289538,2,VEHICULAR FACTOR,99
32289544,1,VEHICULAR FACTOR,99
32289544,2,VEHICULAR FACTOR,99
32289544,3,VEHICULAR FACTOR,99
32290203,1,VEHICULAR FACTOR,99
32290203,2,VEHICULAR FACTOR,99
32291540,1,VEHICULAR FACTOR,99
32291540,2,VEHICULAR FACTOR,99
32292698,1,VEHICULAR FACTOR,99
32292698,2,VEHICULAR FACTOR,99
32293181,1,VEHICULAR FACTOR,99
32293181,2,VEHICULAR FACTOR,99
32294735,1,VEHICULAR FACTOR,99
32294735,2,VEHICULAR FACTOR,99
32298264,1,VEHICULAR FACTOR,99
32298264,2,VEHICULAR FACTOR,99
32300221,1,VEHICULAR FACTOR,97
32300221,2,VEHICULAR FACTOR,99
32300221,3,VEHICULAR FACTOR,99
32300221,4,VEHICULAR FACTOR,99
32300221,5,VEHICULAR FACTOR,99
32300234,1,VEHICULAR FACTOR,99
32300234,2,VEHICULAR FACTOR,97
32300398,1,VEHICULAR FACTOR,99
32300398,2,VEHICULAR FACTOR,99
32300399,1,VEHICULAR FACTOR,97
32300399,2,VEHICULAR FACTOR,99
32300998,1,VEHICULAR FACTOR,99
32300998,2,VEHICULAR FACTOR,99
32302900,1,VEHICULAR FACTOR,99
32302900,2,VEHICULAR FACTOR,99
32302972,1,VEHICULAR FACTOR,99
32302972,2,VEHICULAR FACTOR,99
32304470,1,VEHICULAR FACTOR,99
32304470,2,VEHICULAR FACTOR,99
32305356,1,VEHICULAR FACTOR,9
32305356,2,VEHICULAR FACTOR,99
32306376,1,VEHICULAR FACTOR,99
32306376,2,VEHICULAR FACTOR,99
32308269,1,VEHICULAR FACTOR,99
32309380,1,VEHICULAR FACTOR,99
32309380,2,VEHICULAR FACTOR,99
32309481,1,VEHICULAR FACTOR,99
32309537,1,VEHICULAR FACTOR,99
32309537,2,VEHICULAR FACTOR,99
32310033,1,VEHICULAR FACTOR,99
32310033,2,VEHICULAR FACTOR,99
32310079,1,VEHICULAR FACTOR,99
32310079,2,VEHICULAR FACTOR,99
32312426,1,VEHICULAR FACTOR,99
32312426,2,VEHICULAR FACTOR,99
32312692,1,VEHICULAR FACTOR,99
32312692,2,VEHICULAR FACTOR,99
32312889,1,VEHICULAR FACTOR,99
32312889,2,VEHICULAR FACTOR,99
32314762,1,VEHICULAR FACTOR,99
32314762,2,VEHICULAR FACTOR,99
32314762,3,VEHICULAR FACTOR,99
32316110,1,VEHICULAR FACTOR,99
32316110,2,VEHICULAR FACTOR,99
32316186,1,VEHICULAR FACTOR,99
32316186,2,VEHICULAR FACTOR,99
32316262,1,VEHICULAR FACTOR,99
32316448,1,VEHICULAR FACTOR,99
32316448,2,VEHICULAR FACTOR,99
32316462,1,VEHICULAR FACTOR,99
32316462,2,VEHICULAR FACTOR,99
32318979,1,VEHICULAR FACTOR,99
32318979,2,VEHICULAR FACTOR,99
32318980,1,VEHICULAR FACTOR,99
32320024,1,VEHICULAR FACTOR,99
32320024,2,VEHICULAR FACTOR,99
32320025,1,VEHICULAR FACTOR,99
32320025,2,VEHICULAR FACTOR,99
32320026,1,VEHICULAR FACTOR,99
32320026,2,VEHICULAR FACTOR,99
32320026,3,VEHICULAR FACTOR,99
32320027,1,VEHICULAR FACTOR,99
32320027,2,VEHICULAR FACTOR,99
32320027,3,VEHICULAR FACTOR,99
32320027,4,VEHICULAR FACTOR,99
32320348,1,VEHICULAR FACTOR,99
32320348,2,VEHICULAR FACTOR,99
32320539,1,VEHICULAR FACTOR,99
32320539,2,VEHICULAR FACTOR,99
32320539,3,VEHICULAR FACTOR,99
32322136,1,VEHICULAR FACTOR,99
32322136,2,VEHICULAR FACTOR,99
32323192,1,VEHICULAR FACTOR,99
32323192,2,VEHICULAR FACTOR,99
32323192,3,VEHICULAR FACTOR,99
32323820,1,VEHICULAR FACTOR,99
32323820,2,VEHICULAR FACTOR,99
32325856,1,VEHICULAR FACTOR,99
32326150,1,VEHICULAR FACTOR,99
32326150,2,VEHICULAR FACTOR,99
32326150,3,VEHICULAR FACTOR,99
32326150,4,VEHICULAR FACTOR,99
32326214,1,VEHICULAR FACTOR,99
32326214,2,VEHICULAR FACTOR,99
32326999,1,VEHICULAR FACTOR,99
32326999,2,VEHICULAR FACTOR,99
32326999,3,VEHICULAR FACTOR,99
32326999,4,VEHICULAR FACTOR,99
32326999,5,VEHICULAR FACTOR,99
32326999,6,VEHICULAR FACTOR,99
32326999,7,VEHICULAR FACTOR,99
32330440,1,VEHICULAR FACTOR,99
32330440,2,VEHICULAR FACTOR,99
32334228,1,VEHICULAR FACTOR,99
32334228,2,VEHICULAR FACTOR,99
32334229,1,VEHICULAR FACTOR,99
32334229,2,VEHICULAR FACTOR,99
32334613,1,VEHICULAR FACTOR,99
32334613,2,VEHICULAR FACTOR,99
32335180,1,VEHICULAR FACTOR,99
32335392,1,VEHICULAR FACTOR,99
32335392,2,VEHICULAR FACTOR,99
32335395,1,VEHICULAR FACTOR,99
32335395,2,VEHICULAR FACTOR,99
32335432,1,VEHICULAR FACTOR,99
32335432,2,VEHICULAR FACTOR,99
32335494,1,VEHICULAR FACTOR,99
32335494,2,VEHICULAR FACTOR,99
32335502,1,VEHICULAR FACTOR,99
32335502,2,VEHICULAR FACTOR,99
32335635,1,VEHICULAR FACTOR,99
32335635,2,VEHICULAR FACTOR,99
32335676,1,VEHICULAR FACTOR,99
32335676,2,VEHICULAR FACTOR,99
32335833,1,VEHICULAR FACTOR,99
32335833,2,VEHICULAR FACTOR,99
32339728,1,VEHICULAR FACTOR,99
32339728,2,VEHICULAR FACTOR,99
32339728,3,VEHICULAR FACTOR,99
32339740,1,VEHICULAR FACTOR,99
32339740,2,VEHICULAR FACTOR,99
32339891,1,VEHICULAR FACTOR,99
32339891,2,VEHICULAR FACTOR,99
32339974,1,VEHICULAR FACTOR,99
32339974,2,VEHICULAR FACTOR,99
32340401,1,VEHICULAR FACTOR,99
32341517,1,VEHICULAR FACTOR,99
32341517,2,VEHICULAR FACTOR,99
32342591,1,VEHICULAR FACTOR,99
32342591,2,VEHICULAR FACTOR,99
32342864,1,VEHICULAR FACTOR,99
32343615,1,VEHICULAR FACTOR,99
32343615,2,VEHICULAR FACTOR,99
32343962,1,VEHICULAR FACTOR,99
32343962,2,VEHICULAR FACTOR,99
32345810,1,VEHICULAR FACTOR,99
32345810,2,VEHICULAR FACTOR,99
32346136,1,VEHICULAR FACTOR,99
32346136,2,VEHICULAR FACTOR,99
32346136,3,VEHICULAR FACTOR,99
32346136,4,VEHICULAR FACTOR,99
32346592,1,VEHICULAR FACTOR,99
32346592,2,VEHICULAR FACTOR,99
32346637,1,VEHICULAR FACTOR,99
32346637,2,VEHICULAR FACTOR,99
32346993,1,VEHICULAR FACTOR,99
32346993,2,VEHICULAR FACTOR,99
32346993,3,VEHICULAR FACTOR,99
32349016,1,VEHICULAR FACTOR,99
32349016,2,VEHICULAR FACTOR,99
32349024,1,VEHICULAR FACTOR,99
32349024,2,VEHICULAR FACTOR,99
32349024,3,VEHICULAR FACTOR,99
32352870,2,VEHICULAR FACTOR,99
32352870,1,VEHICULAR FACTOR,99
32352870,3,VEHICULAR FACTOR,99
32352870,4,VEHICULAR FACTOR,99
32352870,5,VEHICULAR FACTOR,99
32353634,1,VEHICULAR FACTOR,99
32353634,2,VEHICULAR FACTOR,99
32353899,1,VEHICULAR FACTOR,99
32353899,2,VEHICULAR FACTOR,99
32354292,1,VEHICULAR FACTOR,99
32354292,2,VEHICULAR FACTOR,99
32357022,1,VEHICULAR FACTOR,99
32359739,1,VEHICULAR FACTOR,99
32359739,2,VEHICULAR FACTOR,99
32359749,1,VEHICULAR FACTOR,99
32359749,2,VEHICULAR FACTOR,99
32359943,1,VEHICULAR FACTOR,99
32359943,2,VEHICULAR FACTOR,99
32360325,1,VEHICULAR FACTOR,99
32360325,2,VEHICULAR FACTOR,99
32360434,1,VEHICULAR FACTOR,99
32360434,2,VEHICULAR FACTOR,99
32360869,1,VEHICULAR FACTOR,99
32360869,2,VEHICULAR FACTOR,99
32361818,1,VEHICULAR FACTOR,99
32361818,2,VEHICULAR FACTOR,99
32362920,1,VEHICULAR FACTOR,99
32362920,2,VEHICULAR FACTOR,99
32363055,1,VEHICULAR FACTOR,99
32363135,1,VEHICULAR FACTOR,99
32363448,1,VEHICULAR FACTOR,99
32363448,2,VEHICULAR FACTOR,99
32363910,1,VEHICULAR FACTOR,99
32363910,2,VEHICULAR FACTOR,99
32363923,1,VEHICULAR FACTOR,99
32363923,2,VEHICULAR FACTOR,99
32364503,1,VEHICULAR FACTOR,99
32364503,2,VEHICULAR FACTOR,99
32364521,1,VEHICULAR FACTOR,99
32364521,2,VEHICULAR FACTOR,99
32364970,1,VEHICULAR FACTOR,99
32364970,2,VEHICULAR FACTOR,99
32365064,1,VEHICULAR FACTOR,99
32365064,2,VEHICULAR FACTOR,99
32365443,1,VEHICULAR FACTOR,13
32365443,2,VEHICULAR FACTOR,13
32366984,1,VEHICULAR FACTOR,99
32366984,2,VEHICULAR FACTOR,99
32369454,1,VEHICULAR FACTOR,99
32372025,1,VEHICULAR FACTOR,99
32372025,2,VEHICULAR FACTOR,99
32372030,1,VEHICULAR FACTOR,99
32372030,2,VEHICULAR FACTOR,99
32372030,3,VEHICULAR FACTOR,99
32373479,1,VEHICULAR FACTOR,99
32373479,2,VEHICULAR FACTOR,99
32373806,1,VEHICULAR FACTOR,99
32373806,2,VEHICULAR FACTOR,99
32373806,3,VEHICULAR FACTOR,99
32373859,1,VEHICULAR FACTOR,99
32374256,1,VEHICULAR FACTOR,99
32374256,2,VEHICULAR FACTOR,99
32374261,1,VEHICULAR FACTOR,99
32374261,2,VEHICULAR FACTOR,99
32374426,1,VEHICULAR FACTOR,99
32374426,2,VEHICULAR FACTOR,99
32375134,1,VEHICULAR FACTOR,99
32375134,2,VEHICULAR FACTOR,99
32376954,1,VEHICULAR FACTOR,5
32376954,2,VEHICULAR FACTOR,99
32379527,1,VEHICULAR FACTOR,99
32379527,2,VEHICULAR FACTOR,99
32380923,1,VEHICULAR FACTOR,99
32380923,2,VEHICULAR FACTOR,99
32380923,3,VEHICULAR FACTOR,99
32380923,4,VEHICULAR FACTOR,99
32381265,1,VEHICULAR FACTOR,99
32382594,1,VEHICULAR FACTOR,99
32389379,1,VEHICULAR FACTOR,12
32389379,2,VEHICULAR FACTOR,99
32389379,3,VEHICULAR FACTOR,99
32389750,1,VEHICULAR FACTOR,99
32389750,2,VEHICULAR FACTOR,99
32391245,1,VEHICULAR FACTOR,99
32391245,2,VEHICULAR FACTOR,99
32391483,1,VEHICULAR FACTOR,99
32391483,2,VEHICULAR FACTOR,99
32391768,1,VEHICULAR FACTOR,99
32391768,2,VEHICULAR FACTOR,99
32392281,2,VEHICULAR FACTOR,99
32392704,1,VEHICULAR FACTOR,99
32393444,1,VEHICULAR FACTOR,99
32393444,2,VEHICULAR FACTOR,99
32393448,1,VEHICULAR FACTOR,99
32393448,2,VEHICULAR FACTOR,99
32393451,1,VEHICULAR FACTOR,99
32393451,2,VEHICULAR FACTOR,99
32393451,3,VEHICULAR FACTOR,99
32395930,1,VEHICULAR FACTOR,99
32397555,1,VEHICULAR FACTOR,99
32397555,2,VEHICULAR FACTOR,99
32398465,1,VEHICULAR FACTOR,99
32398849,1,VEHICULAR FACTOR,99
32398849,2,VEHICULAR FACTOR,99
32398850,1,VEHICULAR FACTOR,11
32401883,1,VEHICULAR FACTOR,99
32401883,2,VEHICULAR FACTOR,99
32403666,1,VEHICULAR FACTOR,99
32403666,2,VEHICULAR FACTOR,99
32409749,1,VEHICULAR FACTOR,99
32409749,2,VEHICULAR FACTOR,97
32411327,1,VEHICULAR FACTOR,99
32411327,2,VEHICULAR FACTOR,99
32412802,1,VEHICULAR FACTOR,99
32412802,2,VEHICULAR FACTOR,99
32416523,1,VEHICULAR FACTOR,99
32416523,2,VEHICULAR FACTOR,99
32416528,1,VEHICULAR FACTOR,99
32416528,2,VEHICULAR FACTOR,99
32421993,1,VEHICULAR FACTOR,99
32421993,2,VEHICULAR FACTOR,99
32422479,1,VEHICULAR FACTOR,99
32422479,2,VEHICULAR FACTOR,99
32422716,1,VEHICULAR FACTOR,99
32422716,2,VEHICULAR FACTOR,99
32426809,2,VEHICULAR FACTOR,99
32429173,1,VEHICULAR FACTOR,99
32429173,2,VEHICULAR FACTOR,99
32429596,1,VEHICULAR FACTOR,99
32429596,2,VEHICULAR FACTOR,99
32430710,1,VEHICULAR FACTOR,99
32430710,2,VEHICULAR FACTOR,99
32432483,1,VEHICULAR FACTOR,99
32432483,2,VEHICULAR FACTOR,99
32432575,1,VEHICULAR FACTOR,99
32432575,2,VEHICULAR FACTOR,99
32432603,1,VEHICULAR FACTOR,99
32432603,2,VEHICULAR FACTOR,99
32433173,1,VEHICULAR FACTOR,99
32433173,2,VEHICULAR FACTOR,99
32437918,1,VEHICULAR FACTOR,99
32437918,2,VEHICULAR FACTOR,99
32438435,1,VEHICULAR FACTOR,99
32438435,2,VEHICULAR FACTOR,99
32439131,1,VEHICULAR FACTOR,99
32439131,2,VEHICULAR FACTOR,99
32439140,1,VEHICULAR FACTOR,99
32439585,1,VEHICULAR FACTOR,99
32439585,2,VEHICULAR FACTOR,99
32440169,1,VEHICULAR FACTOR,99
32441188,1,VEHICULAR FACTOR,99
32441211,1,VEHICULAR FACTOR,99
32441211,2,VEHICULAR FACTOR,99
32441264,1,VEHICULAR FACTOR,13
32441264,2,VEHICULAR FACTOR,13
32441569,1,VEHICULAR FACTOR,99
32441569,2,VEHICULAR FACTOR,99
32445247,1,VEHICULAR FACTOR,99
32445247,2,VEHICULAR FACTOR,99
32445640,1,VEHICULAR FACTOR,99
32445640,2,VEHICULAR FACTOR,99
32448701,1,VEHICULAR FACTOR,99
32448701,2,VEHICULAR FACTOR,99
32450891,1,VEHICULAR FACTOR,99
32450891,2,VEHICULAR FACTOR,99
32452476,1,VEHICULAR FACTOR,99
32452476,2,VEHICULAR FACTOR,99
32452729,1,VEHICULAR FACTOR,99
32452729,2,VEHICULAR FACTOR,99
32452979,1,VEHICULAR FACTOR,99
32452979,2,VEHICULAR FACTOR,99
32454310,1,VEHICULAR FACTOR,99
32454310,2,VEHICULAR FACTOR,99
32456762,1,VEHICULAR FACTOR,99
32456762,2,VEHICULAR FACTOR,99
32458962,1,VEHICULAR FACTOR,99
32458962,2,VEHICULAR FACTOR,99
32461090,1,VEHICULAR FACTOR,99
32461684,1,VEHICULAR FACTOR,99
32461684,2,VEHICULAR FACTOR,99
32462159,1,VEHICULAR FACTOR,99
32462159,2,VEHICULAR FACTOR,99
32462432,2,VEHICULAR FACTOR,99
32462797,1,VEHICULAR FACTOR,99
32467965,1,VEHICULAR FACTOR,99
32467965,2,VEHICULAR FACTOR,99
32468133,2,VEHICULAR FACTOR,99
32468133,3,VEHICULAR FACTOR,99
32468340,1,VEHICULAR FACTOR,99
32468340,2,VEHICULAR FACTOR,99
32468601,1,VEHICULAR FACTOR,99
32468601,2,VEHICULAR FACTOR,99
32468601,3,VEHICULAR FACTOR,99
32469493,1,VEHICULAR FACTOR,99
32469493,2,VEHICULAR FACTOR,99
32472186,1,VEHICULAR FACTOR,99
32472186,2,VEHICULAR FACTOR,99
32472697,1,VEHICULAR FACTOR,99
32472697,2,VEHICULAR FACTOR,99
32472938,1,VEHICULAR FACTOR,99
32472938,2,VEHICULAR FACTOR,99
32473243,1,VEHICULAR FACTOR,99
32477378,1,VEHICULAR FACTOR,99
32477378,2,VEHICULAR FACTOR,99
32478653,1,VEHICULAR FACTOR,99
32478653,2,VEHICULAR FACTOR,99
32479456,1,VEHICULAR FACTOR,99
32479456,2,VEHICULAR FACTOR,99
32479456,3,VEHICULAR FACTOR,99
32482537,1,VEHICULAR FACTOR,99
32482537,2,VEHICULAR FACTOR,99
32483811,1,VEHICULAR FACTOR,99
32483811,2,VEHICULAR FACTOR,99
32483811,3,VEHICULAR FACTOR,99
32483811,4,VEHICULAR FACTOR,99
32483811,5,VEHICULAR FACTOR,99
32483811,6,VEHICULAR FACTOR,99
32483811,7,VEHICULAR FACTOR,99
32485886,1,VEHICULAR FACTOR,99
32485886,2,VEHICULAR FACTOR,99
32486255,1,VEHICULAR FACTOR,99
32486255,2,VEHICULAR FACTOR,99
32488858,1,VEHICULAR FACTOR,99
32488858,2,VEHICULAR FACTOR,99
32489031,2,VEHICULAR FACTOR,12
32489357,1,VEHICULAR FACTOR,99
32489357,2,VEHICULAR FACTOR,99
32492148,1,VEHICULAR FACTOR,99
32492148,2,VEHICULAR FACTOR,99
32492318,1,VEHICULAR FACTOR,99
32492318,2,VEHICULAR FACTOR,99
32492318,3,VEHICULAR FACTOR,99
32492522,1,VEHICULAR FACTOR,99
32492522,2,VEHICULAR FACTOR,99
32494440,1,VEHICULAR FACTOR,99
32494440,2,VEHICULAR FACTOR,99
32507089,1,VEHICULAR FACTOR,99
32507089,2,VEHICULAR FACTOR,99
32507113,1,VEHICULAR FACTOR,99
32507113,2,VEHICULAR FACTOR,99
32507262,1,VEHICULAR FACTOR,99
32507262,2,VEHICULAR FACTOR,99
32507262,3,VEHICULAR FACTOR,99
32507312,1,VEHICULAR FACTOR,99
32507434,1,VEHICULAR FACTOR,99
32507434,2,VEHICULAR FACTOR,99
32508755,2,VEHICULAR FACTOR,99
32508761,1,VEHICULAR FACTOR,99
32509106,1,VEHICULAR FACTOR,99
32509106,2,VEHICULAR FACTOR,99
32509627,1,VEHICULAR FACTOR,99
32509627,2,VEHICULAR FACTOR,99
32510737,1,VEHICULAR FACTOR,1
32510737,2,VEHICULAR FACTOR,99
32510737,3,VEHICULAR FACTOR,99
32510737,4,VEHICULAR FACTOR,99
32513394,1,VEHICULAR FACTOR,99
32517336,1,VEHICULAR FACTOR,99
32517336,2,VEHICULAR FACTOR,99
32517643,1,VEHICULAR FACTOR,99
32517643,2,VEHICULAR FACTOR,99
32522048,2,VEHICULAR FACTOR,99
32524363,1,VEHICULAR FACTOR,99
32524363,2,VEHICULAR FACTOR,99
32527221,1,VEHICULAR FACTOR,99
32527221,2,VEHICULAR FACTOR,99
32527371,1,VEHICULAR FACTOR,99
32527371,2,VEHICULAR FACTOR,99
32527926,1,VEHICULAR FACTOR,99
32527926,2,VEHICULAR FACTOR,99
32528372,1,VEHICULAR FACTOR,99
32528372,2,VEHICULAR FACTOR,99
32529093,1,VEHICULAR FACTOR,99
32529093,2,VEHICULAR FACTOR,99
32529423,1,VEHICULAR FACTOR,99
32531798,3,VEHICULAR FACTOR,99
32531798,4,VEHICULAR FACTOR,99
32531798,1,VEHICULAR FACTOR,99
32531798,2,VEHICULAR FACTOR,99
32531858,1,VEHICULAR FACTOR,99
32531858,2,VEHICULAR FACTOR,99
32532066,1,VEHICULAR FACTOR,99
32532066,2,VEHICULAR FACTOR,99
32532220,1,VEHICULAR FACTOR,99
32533104,1,VEHICULAR FACTOR,99
32533106,1,VEHICULAR FACTOR,99
32533106,2,VEHICULAR FACTOR,99
32535001,1,VEHICULAR FACTOR,99
32537955,1,VEHICULAR FACTOR,99
32538584,1,VEHICULAR FACTOR,99
32539004,1,VEHICULAR FACTOR,99
32539004,2,VEHICULAR FACTOR,99
32539004,3,VEHICULAR FACTOR,99
32541960,1,VEHICULAR FACTOR,99
32543849,1,VEHICULAR FACTOR,99
32543849,2,VEHICULAR FACTOR,99
32544337,1,VEHICULAR FACTOR,99
32544337,2,VEHICULAR FACTOR,99
32548083,1,VEHICULAR FACTOR,99
32548083,2,VEHICULAR FACTOR,99
32548083,3,VEHICULAR FACTOR,99
32548211,1,VEHICULAR FACTOR,99
32548211,2,VEHICULAR FACTOR,99
32548292,1,VEHICULAR FACTOR,99
32548292,2,VEHICULAR FACTOR,99
32548311,1,VEHICULAR FACTOR,99
32548311,2,VEHICULAR FACTOR,99
32548520,1,VEHICULAR FACTOR,99
32548520,2,VEHICULAR FACTOR,99
32549505,1,VEHICULAR FACTOR,99
32549657,1,VEHICULAR FACTOR,99
32557726,1,VEHICULAR FACTOR,99
32557726,2,VEHICULAR FACTOR,99
32557728,1,VEHICULAR FACTOR,99
32557728,2,VEHICULAR FACTOR,99
32559133,1,VEHICULAR FACTOR,99
32559377,1,VEHICULAR FACTOR,99
32559377,2,VEHICULAR FACTOR,99
32559541,1,VEHICULAR FACTOR,99
32565882,1,VEHICULAR FACTOR,99
32566985,1,VEHICULAR FACTOR,99
32566985,2,VEHICULAR FACTOR,99
32567158,1,VEHICULAR FACTOR,99
32567161,1,VEHICULAR FACTOR,99
32567161,2,VEHICULAR FACTOR,99
32567164,1,VEHICULAR FACTOR,99
32567164,2,VEHICULAR FACTOR,99
32567178,1,VEHICULAR FACTOR,99
32567178,2,VEHICULAR FACTOR,99
32567355,1,VEHICULAR FACTOR,99
32567355,2,VEHICULAR FACTOR,99
32567404,1,VEHICULAR FACTOR,99
32567404,2,VEHICULAR FACTOR,99
32567590,1,VEHICULAR FACTOR,99
32567590,2,VEHICULAR FACTOR,99
32571138,1,VEHICULAR FACTOR,99
32571138,2,VEHICULAR FACTOR,99
32571138,3,VEHICULAR FACTOR,99
32571664,1,VEHICULAR FACTOR,99
32571664,2,VEHICULAR FACTOR,99
32575111,1,VEHICULAR FACTOR,99
32575111,2,VEHICULAR FACTOR,99
32577793,1,VEHICULAR FACTOR,99
32577793,2,VEHICULAR FACTOR,99
32578460,1,VEHICULAR FACTOR,99
32578460,2,VEHICULAR FACTOR,99
32587273,1,VEHICULAR FACTOR,99
32587273,2,VEHICULAR FACTOR,99
32587277,1,VEHICULAR FACTOR,99
32587277,2,VEHICULAR FACTOR,99
32587279,1,VEHICULAR FACTOR,99
32587279,2,VEHICULAR FACTOR,99
32587279,3,VEHICULAR FACTOR,99
32587389,1,VEHICULAR FACTOR,99
32587389,2,VEHICULAR FACTOR,99
32601987,1,VEHICULAR FACTOR,99
32601987,2,VEHICULAR FACTOR,99
32602521,1,VEHICULAR FACTOR,99
32602521,2,VEHICULAR FACTOR,99
32604587,1,VEHICULAR FACTOR,99
32604587,2,VEHICULAR FACTOR,99
32605990,1,VEHICULAR FACTOR,99
32605990,2,VEHICULAR FACTOR,99
32607716,1,VEHICULAR FACTOR,99
32607716,2,VEHICULAR FACTOR,99
32607749,1,VEHICULAR FACTOR,99
32607749,2,VEHICULAR FACTOR,99
32607785,1,VEHICULAR FACTOR,99
32607785,2,VEHICULAR FACTOR,99
32612345,1,VEHICULAR FACTOR,99
32612345,2,VEHICULAR FACTOR,99
32623313,1,VEHICULAR FACTOR,99
32628127,1,VEHICULAR FACTOR,99
32628127,2,VEHICULAR FACTOR,99
32630613,1,VEHICULAR FACTOR,7
32630613,2,VEHICULAR FACTOR,99
32630843,1,VEHICULAR FACTOR,99
32630843,2,VEHICULAR FACTOR,99
32634337,1,VEHICULAR FACTOR,99
32636060,1,VEHICULAR FACTOR,99
32639784,1,VEHICULAR FACTOR,99
32639784,2,VEHICULAR FACTOR,99
32642670,2,VEHICULAR FACTOR,99
32642670,1,VEHICULAR FACTOR,99
32643976,1,VEHICULAR FACTOR,99
32643976,2,VEHICULAR FACTOR,99
32644886,1,VEHICULAR FACTOR,99
32644886,2,VEHICULAR FACTOR,99
32645037,1,VEHICULAR FACTOR,99
32645037,2,VEHICULAR FACTOR,99
32645598,2,VEHICULAR FACTOR,99
32646186,1,VEHICULAR FACTOR,99
32646186,2,VEHICULAR FACTOR,99
32646186,3,VEHICULAR FACTOR,99
32646186,4,VEHICULAR FACTOR,99
32646187,1,VEHICULAR FACTOR,99
32646187,2,VEHICULAR FACTOR,99
32646189,1,VEHICULAR FACTOR,99
32646189,2,VEHICULAR FACTOR,99
32647732,1,VEHICULAR FACTOR,99
32647732,2,VEHICULAR FACTOR,99
32648383,1,VEHICULAR FACTOR,99
32648383,2,VEHICULAR FACTOR,99
32648383,3,VEHICULAR FACTOR,99
32648383,4,VEHICULAR FACTOR,99
32648383,5,VEHICULAR FACTOR,99
32654632,1,VEHICULAR FACTOR,99
32654632,2,VEHICULAR FACTOR,99
32654632,3,VEHICULAR FACTOR,99
32654634,1,VEHICULAR FACTOR,99
32655798,1,VEHICULAR FACTOR,99
32655798,2,VEHICULAR FACTOR,99
32655798,3,VEHICULAR FACTOR,99
32660684,1,VEHICULAR FACTOR,99
32660684,2,VEHICULAR FACTOR,99
32660760,1,VEHICULAR FACTOR,99
32660920,1,VEHICULAR FACTOR,99
32660920,2,VEHICULAR FACTOR,99
32676402,1,VEHICULAR FACTOR,12
32676402,2,VEHICULAR FACTOR,99
32676754,1,VEHICULAR FACTOR,99
32676754,2,VEHICULAR FACTOR,99
32680215,1,VEHICULAR FACTOR,99
32680215,2,VEHICULAR FACTOR,99
32680215,3,VEHICULAR FACTOR,99
32692307,1,VEHICULAR FACTOR,99
32692307,2,VEHICULAR FACTOR,99
32704091,1,VEHICULAR FACTOR,99
32704091,2,VEHICULAR FACTOR,99
32714003,1,VEHICULAR FACTOR,97
32714003,2,VEHICULAR FACTOR,99
32731609,1,VEHICULAR FACTOR,99
32731609,2,VEHICULAR FACTOR,99
32761732,1,VEHICULAR FACTOR,99
32761732,2,VEHICULAR FACTOR,99
32781102,1,VEHICULAR FACTOR,97
32843048,1,VEHICULAR FACTOR,4
32843048,2,VEHICULAR FACTOR,99
32853964,1,VEHICULAR FACTOR,99
32853964,2,VEHICULAR FACTOR,99
32924585,1,VEHICULAR FACTOR,99
32924585,2,VEHICULAR FACTOR,99
32924585,3,VEHICULAR FACTOR,99
32924585,4,VEHICULAR FACTOR,99
32924585,5,VEHICULAR FACTOR,99
32924585,6,VEHICULAR FACTOR,99
32924585,7,VEHICULAR FACTOR,99
32924585,8,VEHICULAR FACTOR,99
33162113,1,VEHICULAR FACTOR,99
33162113,2,VEHICULAR FACTOR,99
33177844,1,VEHICULAR FACTOR,99
33177844,2,VEHICULAR FACTOR,99
33177844,3,VEHICULAR FACTOR,99
33179065,1,VEHICULAR FACTOR,99
33179065,2,VEHICULAR FACTOR,99
33179074,1,VEHICULAR FACTOR,99
33179074,2,VEHICULAR FACTOR,99
33179195,1,VEHICULAR FACTOR,99
33179195,2,VEHICULAR FACTOR,99
33179217,1,VEHICULAR FACTOR,99
33302773,1,VEHICULAR FACTOR,99
33302773,2,VEHICULAR FACTOR,99
31116411,1,DRIVER DISTRACTED BY,3
31233366,1,DRIVER DISTRACTED BY,4
31338582,1,DRIVER DISTRACTED BY,4
31351170,1,DRIVER DISTRACTED BY,2
31352946,1,DRIVER DISTRACTED BY,3
31369590,1,DRIVER DISTRACTED BY,3
31369590,1,DRIVER DISTRACTED BY,4
31388548,1,DRIVER DISTRACTED BY,3
31388814,1,DRIVER DISTRACTED BY,4
31482132,1,DRIVER DISTRACTED BY,1
31665967,1,DRIVER DISTRACTED BY,4
31665967,2,DRIVER DISTRACTED BY,4
31707364,1,DRIVER DISTRACTED BY,2
31707549,1,DRIVER DISTRACTED BY,1
31728454,1,DRIVER DISTRACTED BY,4
31739198,1,DRIVER DISTRACTED BY,2
31821115,1,DRIVER DISTRACTED BY,5
31824250,1,DRIVER DISTRACTED BY,2
31884890,1,DRIVER DISTRACTED BY,4
31885648,1,DRIVER DISTRACTED BY,4
31969506,1,DRIVER DISTRACTED BY,1
31978985,1,DRIVER DISTRACTED BY,4
32028472,1,DRIVER DISTRACTED BY,3
32056574,1,DRIVER DISTRACTED BY,4
32061162,1,DRIVER DISTRACTED BY,3
32086885,1,DRIVER DISTRACTED BY,3
32101675,2,DRIVER DISTRACTED BY,4
32174053,1,DRIVER DISTRACTED BY,1
32194158,1,DRIVER DISTRACTED BY,5
32266199,1,DRIVER DISTRACTED BY,3
32335676,1,DRIVER DISTRACTED BY,3
32346993,1,DRIVER DISTRACTED BY,1
32409749,1,DRIVER DISTRACTED BY,4
32422716,2,DRIVER DISTRACTED BY,4
32441188,1,DRIVER DISTRACTED BY,4
32454310,1,DRIVER DISTRACTED BY,5
32507312,1,DRIVER DISTRACTED BY,5
32509627,1,DRIVER DISTRACTED BY,3
32527926,1,DRIVER DISTRACTED BY,4
32538584,1,DRIVER DISTRACTED BY,3
32567355,1,DRIVER DISTRACTED BY,5
32571664,1,DRIVER DISTRACTED BY,4
32605990,1,DRIVER DISTRACTED BY,4
32607716,1,DRIVER DISTRACTED BY,3
32630843,1,DRIVER DISTRACTED BY,3
32655798,1,DRIVER DISTRACTED BY,4
32655798,2,DRIVER DISTRACTED BY,4
32655798,3,DRIVER DISTRACTED BY,4
32761732,1,DRIVER DISTRACTED BY,4
29540000,1,ENVIRON FACTOR,2
29540000,1,ENVIRON FACTOR,6
29540000,2,ENVIRON FACTOR,99
29556449,1,ENVIRON FACTOR,2
29556449,1,ENVIRON FACTOR,11
29572470,1,ENVIRON FACTOR,2
29572470,2,ENVIRON FACTOR,2
29577097,1,ENVIRON FACTOR,2
29577097,1,ENVIRON FACTOR,5
29577097,2,ENVIRON FACTOR,2
29583737,1,ENVIRON FACTOR,2
29583737,2,ENVIRON FACTOR,99
29584268,1,ENVIRON FACTOR,2
29584268,2,ENVIRON FACTOR,2
29589574,1,ENVIRON FACTOR,2
29589574,1,ENVIRON FACTOR,97
29596028,2,ENVIRON FACTOR,2
29596028,2,ENVIRON FACTOR,11
29596028,3,ENVIRON FACTOR,2
29596028,3,ENVIRON FACTOR,11
29596028,1,ENVIRON FACTOR,2
29596028,1,ENVIRON FACTOR,11
29604683,1,ENVIRON FACTOR,2
29604683,2,ENVIRON FACTOR,2
29621209,1,ENVIRON FACTOR,2
29621209,2,ENVIRON FACTOR,99
29624885,1,ENVIRON FACTOR,2
29624885,2,ENVIRON FACTOR,2
29628996,1,ENVIRON FACTOR,2
29628996,2,ENVIRON FACTOR,2
29631522,1,ENVIRON FACTOR,2
29631522,2,ENVIRON FACTOR,2
29645853,1,ENVIRON FACTOR,2
29645853,2,ENVIRON FACTOR,99
29706000,1,ENVIRON FACTOR,2
29706000,2,ENVIRON FACTOR,99
29710941,1,ENVIRON FACTOR,2
29710941,2,ENVIRON FACTOR,2
29719170,1,ENVIRON FACTOR,2
29719170,2,ENVIRON FACTOR,2
29719170,3,ENVIRON FACTOR,2
29725678,1,ENVIRON FACTOR,9
29725678,1,ENVIRON FACTOR,16
29725678,2,ENVIRON FACTOR,2
29754591,1,ENVIRON FACTOR,2
29754591,2,ENVIRON FACTOR,2
29777540,1,ENVIRON FACTOR,2
29777540,2,ENVIRON FACTOR,2
29783623,1,ENVIRON FACTOR,2
29786850,1,ENVIRON FACTOR,2
29787796,1,ENVIRON FACTOR,2
29787796,2,ENVIRON FACTOR,2
29793192,1,ENVIRON FACTOR,2
29793192,1,ENVIRON FACTOR,97
29793192,2,ENVIRON FACTOR,2
29798528,1,ENVIRON FACTOR,2
29798528,2,ENVIRON FACTOR,2
29806440,1,ENVIRON FACTOR,2
29806440,2,ENVIRON FACTOR,99
29812119,1,ENVIRON FACTOR,2
29812119,2,ENVIRON FACTOR,2
29830529,1,ENVIRON FACTOR,2
29831047,1,ENVIRON FACTOR,2
29831059,1,ENVIRON FACTOR,2
29831059,1,ENVIRON FACTOR,9
29831059,2,ENVIRON FACTOR,2
29831059,2,ENVIRON FACTOR,9
29833003,1,ENVIRON FACTOR,2
29833003,2,ENVIRON FACTOR,2
29835364,1,ENVIRON FACTOR,2
29835364,2,ENVIRON FACTOR,2
29835883,1,ENVIRON FACTOR,2
29835883,2,ENVIRON FACTOR,2
29842428,1,ENVIRON FACTOR,2
29842428,2,ENVIRON FACTOR,99
29846052,1,ENVIRON FACTOR,2
29846052,1,ENVIRON FACTOR,97
29846052,2,ENVIRON FACTOR,99
29846052,3,ENVIRON FACTOR,99
29846052,4,ENVIRON FACTOR,99
29846060,1,ENVIRON FACTOR,2
29846060,2,ENVIRON FACTOR,99
29848502,1,ENVIRON FACTOR,2
29848502,2,ENVIRON FACTOR,99
29869254,1,ENVIRON FACTOR,2
29869254,2,ENVIRON FACTOR,2
29869254,3,ENVIRON FACTOR,2
29869254,4,ENVIRON FACTOR,2
29882897,1,ENVIRON FACTOR,2
29882897,2,ENVIRON FACTOR,2
29886712,1,ENVIRON FACTOR,2
29886712,2,ENVIRON FACTOR,2
29892273,1,ENVIRON FACTOR,2
29892273,2,ENVIRON FACTOR,2
29893808,1,ENVIRON FACTOR,2
29893808,2,ENVIRON FACTOR,2
29913780,1,ENVIRON FACTOR,2
29913780,1,ENVIRON FACTOR,7
29913780,2,ENVIRON FACTOR,2
29913780,2,ENVIRON FACTOR,7
29915633,1,ENVIRON FACTOR,2
29981525,2,ENVIRON FACTOR,99
29982349,1,ENVIRON FACTOR,2
29982349,2,ENVIRON FACTOR,99
29983176,1,ENVIRON FACTOR,2
29983176,2,ENVIRON FACTOR,2
29991787,1,ENVIRON FACTOR,2
29991787,2,ENVIRON FACTOR,2
29993159,1,ENVIRON FACTOR,2
29993159,2,ENVIRON FACTOR,2
29993467,1,ENVIRON FACTOR,2
29993467,2,ENVIRON FACTOR,2
29996739,1,ENVIRON FACTOR,99
29996739,2,ENVIRON FACTOR,2
30007795,1,ENVIRON FACTOR,2
30014629,1,ENVIRON FACTOR,2
30014629,2,ENVIRON FACTOR,2
30016309,1,ENVIRON FACTOR,2
30016309,2,ENVIRON FACTOR,2
29540000,1,HUMAN FACTOR,99
29540000,2,HUMAN FACTOR,99
29556449,1,HUMAN FACTOR,14
29556449,1,HUMAN FACTOR,18
29556449,1,HUMAN FACTOR,19
29572470,1,HUMAN FACTOR,17
29572470,2,HUMAN FACTOR,99
29577097,1,HUMAN FACTOR,97
29577097,2,HUMAN FACTOR,99
29583737,1,HUMAN FACTOR,12
29583737,2,HUMAN FACTOR,99
29584268,1,HUMAN FACTOR,99
29584268,2,HUMAN FACTOR,99
29589574,1,HUMAN FACTOR,99
29596028,2,HUMAN FACTOR,14
29596028,3,HUMAN FACTOR,99
29596028,1,HUMAN FACTOR,14
29604683,1,HUMAN FACTOR,8
29604683,2,HUMAN FACTOR,99
29621209,1,HUMAN FACTOR,18
29621209,2,HUMAN FACTOR,1
29624885,1,HUMAN FACTOR,8
29624885,1,HUMAN FACTOR,11
29624885,1,HUMAN FACTOR,14
29624885,2,HUMAN FACTOR,99
29628996,1,HUMAN FACTOR,11
29628996,2,HUMAN FACTOR,99
29631522,1,HUMAN FACTOR,18
29631522,2,HUMAN FACTOR,99
29645853,1,HUMAN FACTOR,7
29645853,1,HUMAN FACTOR,14
29706000,1,HUMAN FACTOR,26
29706000,1,HUMAN FACTOR,14
29706000,1,HUMAN FACTOR,17
29645853,2,HUMAN FACTOR,99
29706000,2,HUMAN FACTOR,99
29710941,1,HUMAN FACTOR,14
29710941,2,HUMAN FACTOR,99
29719170,1,HUMAN FACTOR,14
29719170,2,HUMAN FACTOR,99
29725678,1,HUMAN FACTOR,13
29725678,1,HUMAN FACTOR,14
29725678,1,HUMAN FACTOR,17
29719170,3,HUMAN FACTOR,99
29725678,2,HUMAN FACTOR,14
29725678,2,HUMAN FACTOR,17
29754591,1,HUMAN FACTOR,99
29754591,2,HUMAN FACTOR,99
29777540,1,HUMAN FACTOR,3
29777540,1,HUMAN FACTOR,14
29777540,2,HUMAN FACTOR,99
29783623,1,HUMAN FACTOR,99
29786850,1,HUMAN FACTOR,99
29787796,1,HUMAN FACTOR,14
29787796,2,HUMAN FACTOR,99
29793192,1,HUMAN FACTOR,97
29793192,2,HUMAN FACTOR,99
29798528,1,HUMAN FACTOR,15
29798528,1,HUMAN FACTOR,16
29798528,2,HUMAN FACTOR,99
29806440,1,HUMAN FACTOR,26
29806440,1,HUMAN FACTOR,17
29806440,2,HUMAN FACTOR,99
29812119,1,HUMAN FACTOR,14
29812119,2,HUMAN FACTOR,99
29830529,1,HUMAN FACTOR,99
29831047,1,HUMAN FACTOR,18
29831059,1,HUMAN FACTOR,14
29831059,2,HUMAN FACTOR,99
29833003,1,HUMAN FACTOR,8
29833003,2,HUMAN FACTOR,99
29835364,1,HUMAN FACTOR,14
29835364,2,HUMAN FACTOR,99
29835883,1,HUMAN FACTOR,3
29835883,1,HUMAN FACTOR,8
29835883,1,HUMAN FACTOR,17
29835883,2,HUMAN FACTOR,99
29842428,1,HUMAN FACTOR,97
29842428,2,HUMAN FACTOR,99
29846052,1,HUMAN FACTOR,18
29846052,2,HUMAN FACTOR,99
29846052,3,HUMAN FACTOR,99
29846052,4,HUMAN FACTOR,99
29846060,1,HUMAN FACTOR,97
29846060,2,HUMAN FACTOR,99
29848502,1,HUMAN FACTOR,14
29848502,2,HUMAN FACTOR,99
29869254,1,HUMAN FACTOR,14
29869254,2,HUMAN FACTOR,99
29869254,3,HUMAN FACTOR,99
29869254,4,HUMAN FACTOR,99
29882897,1,HUMAN FACTOR,99
29882897,2,HUMAN FACTOR,99
29886712,1,HUMAN FACTOR,99
29886712,2,HUMAN FACTOR,99
29892273,1,HUMAN FACTOR,14
29892273,1,HUMAN FACTOR,18
29892273,2,HUMAN FACTOR,99
29893808,1,HUMAN FACTOR,3
29893808,1,HUMAN FACTOR,97
29893808,2,HUMAN FACTOR,99
29913780,1,HUMAN FACTOR,14
29913780,2,HUMAN FACTOR,99
29915633,1,HUMAN FACTOR,2
29915633,1,HUMAN FACTOR,4
29915633,2,HUMAN FACTOR,99
29917013,1,HUMAN FACTOR,3
29917013,1,HUMAN FACTOR,18
29917013,2,HUMAN FACTOR,99
29923409,1,HUMAN FACTOR,10
29929393,1,HUMAN FACTOR,26
29929393,1,HUMAN FACTOR,8
29929393,1,HUMAN FACTOR,17
29923409,2,HUMAN FACTOR,99
29929393,2,HUMAN FACTOR,99
29947895,1,HUMAN FACTOR,97
29947895,2,HUMAN FACTOR,99
29950342,1,HUMAN FACTOR,8
29950342,2,HUMAN FACTOR,99
29950700,1,HUMAN FACTOR,14
29950700,2,HUMAN FACTOR,99
29951438,1,HUMAN FACTOR,99
29951438,2,HUMAN FACTOR,99
29953782,2,HUMAN FACTOR,22
29953782,1,HUMAN FACTOR,26
29953782,1,HUMAN FACTOR,14
30016309,3,ENVIRON FACTOR,2
30022714,1,ENVIRON FACTOR,2
30022714,2,ENVIRON FACTOR,2
30023088,1,ENVIRON FACTOR,2
30023088,2,ENVIRON FACTOR,2
30025646,1,ENVIRON FACTOR,2
30026111,1,ENVIRON FACTOR,2
30026111,1,ENVIRON FACTOR,12
30026111,2,ENVIRON FACTOR,2
30026111,2,ENVIRON FACTOR,12
30026606,1,ENVIRON FACTOR,2
30026606,2,ENVIRON FACTOR,2
30028255,1,ENVIRON FACTOR,2
30041229,1,ENVIRON FACTOR,17
30041229,1,ENVIRON FACTOR,2
30041229,2,ENVIRON FACTOR,17
30041229,2,ENVIRON FACTOR,2
30045407,1,ENVIRON FACTOR,2
30045407,1,ENVIRON FACTOR,9
30045407,2,ENVIRON FACTOR,99
30048206,1,ENVIRON FACTOR,2
30048206,2,ENVIRON FACTOR,2
30050446,1,ENVIRON FACTOR,2
30050446,1,ENVIRON FACTOR,3
30050446,2,ENVIRON FACTOR,2
30050446,2,ENVIRON FACTOR,3
30050446,3,ENVIRON FACTOR,2
30050446,3,ENVIRON FACTOR,3
30054168,1,ENVIRON FACTOR,2
30054850,1,ENVIRON FACTOR,2
30054850,2,ENVIRON FACTOR,2
30055985,1,ENVIRON FACTOR,2
30055985,2,ENVIRON FACTOR,2
30059359,1,ENVIRON FACTOR,17
30059359,1,ENVIRON FACTOR,2
30059359,2,ENVIRON FACTOR,17
30059359,2,ENVIRON FACTOR,2
30059538,1,ENVIRON FACTOR,17
30059538,1,ENVIRON FACTOR,2
30059538,2,ENVIRON FACTOR,2
30060604,1,ENVIRON FACTOR,2
30060604,2,ENVIRON FACTOR,2
30060606,1,ENVIRON FACTOR,2
30060606,2,ENVIRON FACTOR,2
30060650,1,ENVIRON FACTOR,2
30060650,2,ENVIRON FACTOR,99
30062040,1,ENVIRON FACTOR,2
30062040,2,ENVIRON FACTOR,2
30062046,1,ENVIRON FACTOR,2
30062046,2,ENVIRON FACTOR,2
30063283,1,ENVIRON FACTOR,2
30063863,1,ENVIRON FACTOR,2
30063863,2,ENVIRON FACTOR,2
30064587,1,ENVIRON FACTOR,2
30064587,2,ENVIRON FACTOR,2
30067702,1,ENVIRON FACTOR,2
30067702,2,ENVIRON FACTOR,2
30073350,1,ENVIRON FACTOR,2
30073350,2,ENVIRON FACTOR,99
30078400,1,ENVIRON FACTOR,2
30078400,2,ENVIRON FACTOR,2
30078634,1,ENVIRON FACTOR,2
30078634,2,ENVIRON FACTOR,99
30091438,1,ENVIRON FACTOR,2
30091438,2,ENVIRON FACTOR,2
30095896,1,ENVIRON FACTOR,2
30095896,1,ENVIRON FACTOR,11
30095896,2,ENVIRON FACTOR,2
30095896,2,ENVIRON FACTOR,11
30097208,1,ENVIRON FACTOR,2
30097208,1,ENVIRON FACTOR,16
30097888,1,ENVIRON FACTOR,2
30097888,2,ENVIRON FACTOR,2
30099074,1,ENVIRON FACTOR,2
30099074,2,ENVIRON FACTOR,2
30099888,1,ENVIRON FACTOR,2
30099888,3,ENVIRON FACTOR,2
30100727,1,ENVIRON FACTOR,2
30100727,2,ENVIRON FACTOR,2
30103698,1,ENVIRON FACTOR,2
30108309,1,ENVIRON FACTOR,2
30108309,2,ENVIRON FACTOR,2
30109671,1,ENVIRON FACTOR,2
30109671,2,ENVIRON FACTOR,99
30111101,1,ENVIRON FACTOR,2
30111101,2,ENVIRON FACTOR,2
30115866,1,ENVIRON FACTOR,2
30115866,1,ENVIRON FACTOR,11
30120289,1,ENVIRON FACTOR,2
30120289,2,ENVIRON FACTOR,2
30120289,3,ENVIRON FACTOR,2
30128923,1,ENVIRON FACTOR,2
30134486,1,ENVIRON FACTOR,2
30134486,2,ENVIRON FACTOR,2
30141594,1,ENVIRON FACTOR,17
30141594,1,ENVIRON FACTOR,2
30141594,2,ENVIRON FACTOR,17
30141594,2,ENVIRON FACTOR,2
30141594,3,ENVIRON FACTOR,17
30141594,3,ENVIRON FACTOR,2
30142293,1,ENVIRON FACTOR,2
30142293,2,ENVIRON FACTOR,2
30148984,1,ENVIRON FACTOR,2
30148984,1,ENVIRON FACTOR,9
30148984,2,ENVIRON FACTOR,2
30153923,1,ENVIRON FACTOR,2
30153923,2,ENVIRON FACTOR,99
30162446,1,ENVIRON FACTOR,2
30162446,1,ENVIRON FACTOR,3
30162446,2,ENVIRON FACTOR,2
30162446,2,ENVIRON FACTOR,3
30162623,1,ENVIRON FACTOR,2
30162623,2,ENVIRON FACTOR,9
30164386,1,ENVIRON FACTOR,2
30164386,1,ENVIRON FACTOR,9
30164386,2,ENVIRON FACTOR,2
30164386,2,ENVIRON FACTOR,9
30167120,1,ENVIRON FACTOR,2
30167120,2,ENVIRON FACTOR,2
29953782,3,HUMAN FACTOR,99
29953782,4,HUMAN FACTOR,99
29953782,5,HUMAN FACTOR,99
29953782,6,HUMAN FACTOR,99
29954793,1,HUMAN FACTOR,14
29954793,2,HUMAN FACTOR,99
29957509,1,HUMAN FACTOR,8
29957509,2,HUMAN FACTOR,99
29962239,1,HUMAN FACTOR,18
29962239,2,HUMAN FACTOR,99
29970607,1,HUMAN FACTOR,4
29970607,1,HUMAN FACTOR,17
29970607,2,HUMAN FACTOR,99
29976416,1,HUMAN FACTOR,14
29976416,2,HUMAN FACTOR,99
29977181,1,HUMAN FACTOR,14
29977181,1,HUMAN FACTOR,18
29977181,2,HUMAN FACTOR,99
29980755,1,HUMAN FACTOR,26
29980755,1,HUMAN FACTOR,14
29981525,1,HUMAN FACTOR,4
29981525,2,HUMAN FACTOR,99
29982349,1,HUMAN FACTOR,14
29982349,2,HUMAN FACTOR,99
29983176,1,HUMAN FACTOR,14
29983176,2,HUMAN FACTOR,99
29991787,1,HUMAN FACTOR,17
29991787,2,HUMAN FACTOR,99
29993159,1,HUMAN FACTOR,26
29993159,2,HUMAN FACTOR,99
29993467,1,HUMAN FACTOR,14
29993467,2,HUMAN FACTOR,99
29996739,1,HUMAN FACTOR,17
29996739,2,HUMAN FACTOR,99
30007795,1,HUMAN FACTOR,97
30014629,1,HUMAN FACTOR,14
30014629,2,HUMAN FACTOR,99
30016309,1,HUMAN FACTOR,14
30016309,2,HUMAN FACTOR,99
30016309,3,HUMAN FACTOR,99
30022714,1,HUMAN FACTOR,14
30022714,2,HUMAN FACTOR,99
30023088,1,HUMAN FACTOR,26
30023088,1,HUMAN FACTOR,14
30023088,2,HUMAN FACTOR,99
30025646,1,HUMAN FACTOR,99
30026111,1,HUMAN FACTOR,14
30026111,2,HUMAN FACTOR,99
30026606,1,HUMAN FACTOR,8
30026606,1,HUMAN FACTOR,14
30026606,2,HUMAN FACTOR,99
30028255,1,HUMAN FACTOR,1
30028255,1,HUMAN FACTOR,11
30028255,1,HUMAN FACTOR,14
30041229,1,HUMAN FACTOR,14
30041229,2,HUMAN FACTOR,99
30045407,1,HUMAN FACTOR,11
30045407,2,HUMAN FACTOR,99
30048206,1,HUMAN FACTOR,14
30048206,2,HUMAN FACTOR,99
30050446,1,HUMAN FACTOR,11
30050446,1,HUMAN FACTOR,14
30050446,2,HUMAN FACTOR,11
30050446,3,HUMAN FACTOR,99
30054168,1,HUMAN FACTOR,99
30054850,1,HUMAN FACTOR,17
30054850,2,HUMAN FACTOR,99
30055985,1,HUMAN FACTOR,11
30055985,1,HUMAN FACTOR,14
30055985,1,HUMAN FACTOR,18
30055985,2,HUMAN FACTOR,99
30059359,1,HUMAN FACTOR,14
30059359,1,HUMAN FACTOR,17
30059538,1,HUMAN FACTOR,26
30059538,1,HUMAN FACTOR,14
30059538,1,HUMAN FACTOR,18
30059359,2,HUMAN FACTOR,14
30059359,2,HUMAN FACTOR,17
30059538,2,HUMAN FACTOR,99
30060604,1,HUMAN FACTOR,26
30060604,1,HUMAN FACTOR,13
30060604,1,HUMAN FACTOR,17
30060606,1,HUMAN FACTOR,3
30060606,1,HUMAN FACTOR,8
30060606,1,HUMAN FACTOR,14
30060604,2,HUMAN FACTOR,99
30060606,2,HUMAN FACTOR,99
30060650,1,HUMAN FACTOR,17
30060650,2,HUMAN FACTOR,99
30062040,1,HUMAN FACTOR,11
30062040,1,HUMAN FACTOR,14
30062040,1,HUMAN FACTOR,17
30062040,2,HUMAN FACTOR,99
30062046,1,HUMAN FACTOR,99
30062046,2,HUMAN FACTOR,99
30063283,1,HUMAN FACTOR,26
30063283,1,HUMAN FACTOR,16
30063863,1,HUMAN FACTOR,26
30063863,1,HUMAN FACTOR,14
30063863,2,HUMAN FACTOR,99
30064587,1,HUMAN FACTOR,18
30064587,2,HUMAN FACTOR,99
30067702,1,HUMAN FACTOR,14
30067702,2,HUMAN FACTOR,99
30073350,1,HUMAN FACTOR,11
30073350,1,HUMAN FACTOR,14
30073350,2,HUMAN FACTOR,99
30078400,1,HUMAN FACTOR,99
30078400,2,HUMAN FACTOR,99
30078634,1,HUMAN FACTOR,14
30078634,2,HUMAN FACTOR,99
30091438,1,HUMAN FACTOR,14
30091438,2,HUMAN FACTOR,99
30095896,1,HUMAN FACTOR,17
30095896,2,HUMAN FACTOR,99
30097208,1,HUMAN FACTOR,17
30097888,1,HUMAN FACTOR,14
30097888,2,HUMAN FACTOR,99
30099074,1,HUMAN FACTOR,99
30099074,2,HUMAN FACTOR,99
30099888,1,HUMAN FACTOR,99
30099888,3,HUMAN FACTOR,99
30100727,1,HUMAN FACTOR,14
30100727,2,HUMAN FACTOR,99
30103698,1,HUMAN FACTOR,1
30103698,1,HUMAN FACTOR,5
30167120,3,ENVIRON FACTOR,2
30167283,1,ENVIRON FACTOR,2
30167283,1,ENVIRON FACTOR,6
30171177,1,ENVIRON FACTOR,2
30171177,2,ENVIRON FACTOR,2
30171361,1,ENVIRON FACTOR,2
30171561,1,ENVIRON FACTOR,2
30171561,2,ENVIRON FACTOR,2
30173458,1,ENVIRON FACTOR,2
30173458,2,ENVIRON FACTOR,2
30179445,1,ENVIRON FACTOR,2
30179445,2,ENVIRON FACTOR,2
30179496,1,ENVIRON FACTOR,2
30179496,1,ENVIRON FACTOR,9
30179496,2,ENVIRON FACTOR,2
30179496,2,ENVIRON FACTOR,9
30179550,1,ENVIRON FACTOR,2
30179550,2,ENVIRON FACTOR,2
30183143,1,ENVIRON FACTOR,2
30183143,2,ENVIRON FACTOR,99
30185641,1,ENVIRON FACTOR,2
30185641,2,ENVIRON FACTOR,2
30186673,1,ENVIRON FACTOR,2
30186673,2,ENVIRON FACTOR,2
30187069,1,ENVIRON FACTOR,2
30188757,1,ENVIRON FACTOR,2
30188757,2,ENVIRON FACTOR,2
30191294,1,ENVIRON FACTOR,17
30191294,1,ENVIRON FACTOR,2
30191294,2,ENVIRON FACTOR,17
30191294,2,ENVIRON FACTOR,2
30193604,1,ENVIRON FACTOR,2
30193604,2,ENVIRON FACTOR,2
30196276,1,ENVIRON FACTOR,2
30196276,2,ENVIRON FACTOR,2
30196276,3,ENVIRON FACTOR,2
30196276,4,ENVIRON FACTOR,2
30196276,5,ENVIRON FACTOR,2
30196276,6,ENVIRON FACTOR,2
30196276,7,ENVIRON FACTOR,2
30196276,8,ENVIRON FACTOR,2
30196276,9,ENVIRON FACTOR,2
30199270,1,ENVIRON FACTOR,2
30200173,1,ENVIRON FACTOR,2
30200173,1,ENVIRON FACTOR,11
30201800,1,ENVIRON FACTOR,2
30201800,1,ENVIRON FACTOR,8
30204835,1,ENVIRON FACTOR,1
30204835,1,ENVIRON FACTOR,2
30204835,2,ENVIRON FACTOR,2
30212935,1,ENVIRON FACTOR,2
30212935,2,ENVIRON FACTOR,2
30217588,1,ENVIRON FACTOR,2
30217588,2,ENVIRON FACTOR,99
30224222,1,ENVIRON FACTOR,2
30224222,1,ENVIRON FACTOR,11
30224222,2,ENVIRON FACTOR,2
30224222,2,ENVIRON FACTOR,11
30232204,1,ENVIRON FACTOR,2
30232204,2,ENVIRON FACTOR,99
30236101,1,ENVIRON FACTOR,2
29545231,1,ENVIRON FACTOR,2
29545231,2,ENVIRON FACTOR,2
29576130,1,ENVIRON FACTOR,17
29576130,1,ENVIRON FACTOR,2
29576130,2,ENVIRON FACTOR,17
29576130,2,ENVIRON FACTOR,2
29576586,1,ENVIRON FACTOR,2
29576586,2,ENVIRON FACTOR,2
29593769,1,ENVIRON FACTOR,2
29593769,2,ENVIRON FACTOR,2
29595314,1,ENVIRON FACTOR,2
29618331,1,ENVIRON FACTOR,2
29620589,1,ENVIRON FACTOR,2
29635624,1,ENVIRON FACTOR,2
29635624,2,ENVIRON FACTOR,2
29638037,1,ENVIRON FACTOR,2
29638037,1,ENVIRON FACTOR,9
29639103,1,ENVIRON FACTOR,2
29639103,2,ENVIRON FACTOR,2
29654154,1,ENVIRON FACTOR,2
29654154,1,ENVIRON FACTOR,97
29654154,2,ENVIRON FACTOR,2
29654420,1,ENVIRON FACTOR,2
29654420,2,ENVIRON FACTOR,2
29672618,1,ENVIRON FACTOR,2
29672618,2,ENVIRON FACTOR,2
29692653,1,ENVIRON FACTOR,2
29692653,2,ENVIRON FACTOR,2
29692653,2,ENVIRON FACTOR,9
29705815,1,ENVIRON FACTOR,2
29705815,1,ENVIRON FACTOR,97
29708462,1,ENVIRON FACTOR,2
29708462,1,ENVIRON FACTOR,5
29708462,2,ENVIRON FACTOR,99
29726502,1,ENVIRON FACTOR,2
29726502,2,ENVIRON FACTOR,2
29733147,1,ENVIRON FACTOR,2
29733147,2,ENVIRON FACTOR,99
29750595,1,ENVIRON FACTOR,2
29750595,2,ENVIRON FACTOR,2
29750595,3,ENVIRON FACTOR,2
29750595,4,ENVIRON FACTOR,2
29768565,1,ENVIRON FACTOR,2
29768565,1,ENVIRON FACTOR,97
29768565,2,ENVIRON FACTOR,2
29768565,2,ENVIRON FACTOR,97
29768844,1,ENVIRON FACTOR,2
29768844,1,ENVIRON FACTOR,5
29768844,2,ENVIRON FACTOR,99
29781084,1,ENVIRON FACTOR,2
29781084,2,ENVIRON FACTOR,2
29781084,3,ENVIRON FACTOR,2
29783247,1,ENVIRON FACTOR,2
29783247,2,ENVIRON FACTOR,2
29783931,1,ENVIRON FACTOR,2
29783931,2,ENVIRON FACTOR,99
29786859,1,ENVIRON FACTOR,2
29795763,1,ENVIRON FACTOR,2
30108309,1,HUMAN FACTOR,8
30108309,2,HUMAN FACTOR,99
30109671,1,HUMAN FACTOR,26
30109671,1,HUMAN FACTOR,14
30109671,2,HUMAN FACTOR,99
30111101,1,HUMAN FACTOR,14
30111101,2,HUMAN FACTOR,99
30115866,1,HUMAN FACTOR,22
30120289,1,HUMAN FACTOR,11
30120289,1,HUMAN FACTOR,14
30120289,2,HUMAN FACTOR,99
30120289,3,HUMAN FACTOR,99
30128923,1,HUMAN FACTOR,99
30134486,1,HUMAN FACTOR,99
30141594,1,HUMAN FACTOR,4
30141594,1,HUMAN FACTOR,14
30141594,1,HUMAN FACTOR,18
30134486,2,HUMAN FACTOR,99
30141594,2,HUMAN FACTOR,11
30141594,3,HUMAN FACTOR,99
30142293,1,HUMAN FACTOR,17
30142293,2,HUMAN FACTOR,99
30148984,1,HUMAN FACTOR,99
30148984,2,HUMAN FACTOR,99
30153923,1,HUMAN FACTOR,17
30153923,1,HUMAN FACTOR,18
30162446,1,HUMAN FACTOR,99
30162446,2,HUMAN FACTOR,99
30162623,1,HUMAN FACTOR,7
30162623,1,HUMAN FACTOR,13
30162623,1,HUMAN FACTOR,24
30162623,2,HUMAN FACTOR,99
30164386,1,HUMAN FACTOR,17
30164386,2,HUMAN FACTOR,99
30167120,1,HUMAN FACTOR,11
30167120,2,HUMAN FACTOR,99
30167120,3,HUMAN FACTOR,11
30167283,1,HUMAN FACTOR,99
30171177,1,HUMAN FACTOR,14
30171177,2,HUMAN FACTOR,99
30171361,1,HUMAN FACTOR,19
30171561,1,HUMAN FACTOR,14
30171561,2,HUMAN FACTOR,99
30173458,1,HUMAN FACTOR,3
30173458,2,HUMAN FACTOR,3
30179445,1,HUMAN FACTOR,26
30179445,2,HUMAN FACTOR,99
30179496,1,HUMAN FACTOR,18
30179496,2,HUMAN FACTOR,99
30179550,1,HUMAN FACTOR,99
30179550,2,HUMAN FACTOR,99
30183143,1,HUMAN FACTOR,12
30183143,1,HUMAN FACTOR,17
30183143,2,HUMAN FACTOR,99
30185641,1,HUMAN FACTOR,97
30185641,2,HUMAN FACTOR,99
30186673,1,HUMAN FACTOR,11
30186673,1,HUMAN FACTOR,14
30186673,2,HUMAN FACTOR,99
30187069,1,HUMAN FACTOR,14
30188757,1,HUMAN FACTOR,11
30188757,2,HUMAN FACTOR,99
30191294,1,HUMAN FACTOR,99
30191294,2,HUMAN FACTOR,99
30193604,1,HUMAN FACTOR,26
30193604,1,HUMAN FACTOR,8
30193604,1,HUMAN FACTOR,18
30193604,2,HUMAN FACTOR,99
30196276,1,HUMAN FACTOR,11
30196276,1,HUMAN FACTOR,18
30196276,2,HUMAN FACTOR,99
30196276,3,HUMAN FACTOR,99
30196276,4,HUMAN FACTOR,99
30196276,5,HUMAN FACTOR,99
30196276,6,HUMAN FACTOR,18
30196276,7,HUMAN FACTOR,99
30196276,8,HUMAN FACTOR,99
30196276,9,HUMAN FACTOR,99
30199270,1,HUMAN FACTOR,3
30199270,1,HUMAN FACTOR,14
30200173,1,HUMAN FACTOR,18
30201800,1,HUMAN FACTOR,99
30204835,1,HUMAN FACTOR,99
30204835,2,HUMAN FACTOR,1
30204835,2,HUMAN FACTOR,5
30212935,1,HUMAN FACTOR,99
30212935,2,HUMAN FACTOR,99
30217588,1,HUMAN FACTOR,17
30217588,2,HUMAN FACTOR,99
30224222,1,HUMAN FACTOR,97
30224222,2,HUMAN FACTOR,99
30232204,1,HUMAN FACTOR,14
30232204,2,HUMAN FACTOR,99
30236101,1,HUMAN FACTOR,8
30236101,2,HUMAN FACTOR,99
30236354,1,HUMAN FACTOR,14
30236354,2,HUMAN FACTOR,99
30237994,1,HUMAN FACTOR,14
30237994,2,HUMAN FACTOR,99
30238496,1,HUMAN FACTOR,18
30238496,2,HUMAN FACTOR,99
30247578,1,HUMAN FACTOR,99
30254018,1,HUMAN FACTOR,11
30254018,1,HUMAN FACTOR,18
30254018,2,HUMAN FACTOR,99
30263573,1,HUMAN FACTOR,14
30263573,2,HUMAN FACTOR,99
30268131,1,HUMAN FACTOR,99
30268285,1,HUMAN FACTOR,14
30268285,2,HUMAN FACTOR,99
30273432,1,HUMAN FACTOR,11
30273432,2,HUMAN FACTOR,99
30273446,1,HUMAN FACTOR,18
30273446,2,HUMAN FACTOR,99
30274526,1,HUMAN FACTOR,17
30274526,2,HUMAN FACTOR,99
30277953,1,HUMAN FACTOR,12
30277953,1,HUMAN FACTOR,14
30277953,2,HUMAN FACTOR,99
30279073,1,HUMAN FACTOR,8
29545231,1,HUMAN FACTOR,14
29545231,2,HUMAN FACTOR,11
29576130,1,HUMAN FACTOR,8
29576130,1,HUMAN FACTOR,14
29576130,1,HUMAN FACTOR,18
29576130,2,HUMAN FACTOR,99
29576586,1,HUMAN FACTOR,99
29576586,2,HUMAN FACTOR,99
29593769,1,HUMAN FACTOR,14
29593769,2,HUMAN FACTOR,99
29595314,1,HUMAN FACTOR,14
29618331,1,HUMAN FACTOR,14
29618331,1,HUMAN FACTOR,19
29620589,1,HUMAN FACTOR,17
29635624,1,HUMAN FACTOR,17
29635624,2,HUMAN FACTOR,99
29638037,1,HUMAN FACTOR,9
29639103,1,HUMAN FACTOR,26
29639103,2,HUMAN FACTOR,99
29654154,1,HUMAN FACTOR,17
29654154,1,HUMAN FACTOR,18
29654154,2,HUMAN FACTOR,99
29654420,1,HUMAN FACTOR,97
29654420,2,HUMAN FACTOR,99
29672618,1,HUMAN FACTOR,13
29672618,2,HUMAN FACTOR,99
29692653,1,HUMAN FACTOR,14
29692653,1,HUMAN FACTOR,17
29692653,2,HUMAN FACTOR,99
29705815,1,HUMAN FACTOR,97
29708462,1,HUMAN FACTOR,3
29708462,1,HUMAN FACTOR,8
29708462,1,HUMAN FACTOR,18
29708462,2,HUMAN FACTOR,99
29726502,1,HUMAN FACTOR,14
29726502,2,HUMAN FACTOR,99
29733147,1,HUMAN FACTOR,11
29733147,2,HUMAN FACTOR,99
29750595,1,HUMAN FACTOR,11
29750595,1,HUMAN FACTOR,14
29750595,2,HUMAN FACTOR,99
29750595,3,HUMAN FACTOR,99
29750595,4,HUMAN FACTOR,99
29768565,1,HUMAN FACTOR,14
29768565,2,HUMAN FACTOR,99
29768844,1,HUMAN FACTOR,14
29768844,2,HUMAN FACTOR,99
29781084,1,HUMAN FACTOR,22
29781084,2,HUMAN FACTOR,99
29781084,3,HUMAN FACTOR,99
29783247,1,HUMAN FACTOR,99
29783247,2,HUMAN FACTOR,99
29783931,1,HUMAN FACTOR,17
29783931,2,HUMAN FACTOR,99
29786859,1,HUMAN FACTOR,17
29795763,1,HUMAN FACTOR,17
29822112,1,HUMAN FACTOR,11
29822112,1,HUMAN FACTOR,14
29822112,1,HUMAN FACTOR,19
29795763,2,HUMAN FACTOR,99
29822112,2,HUMAN FACTOR,99
29826471,1,HUMAN FACTOR,17
29837390,1,HUMAN FACTOR,14
29837390,1,HUMAN FACTOR,17
29837390,2,HUMAN FACTOR,99
29841018,1,HUMAN FACTOR,17
29841018,2,HUMAN FACTOR,99
29847466,1,HUMAN FACTOR,18
29860022,1,HUMAN FACTOR,8
29860022,1,HUMAN FACTOR,17
29860022,2,HUMAN FACTOR,99
29847466,2,HUMAN FACTOR,99
29863298,1,HUMAN FACTOR,99
29863298,2,HUMAN FACTOR,99
29863302,1,HUMAN FACTOR,14
29864098,1,HUMAN FACTOR,11
29864098,1,HUMAN FACTOR,14
29864098,1,HUMAN FACTOR,18
29864098,2,HUMAN FACTOR,99
29864100,1,HUMAN FACTOR,11
29864100,1,HUMAN FACTOR,14
29864100,2,HUMAN FACTOR,99
29869357,1,HUMAN FACTOR,8
29869357,2,HUMAN FACTOR,99
29869958,1,HUMAN FACTOR,14
29869958,2,HUMAN FACTOR,99
29906135,1,HUMAN FACTOR,14
29906135,2,HUMAN FACTOR,99
29906279,1,HUMAN FACTOR,10
29906279,2,HUMAN FACTOR,99
29910509,1,HUMAN FACTOR,17
29910509,2,HUMAN FACTOR,99
29923181,1,HUMAN FACTOR,97
29923181,1,HUMAN FACTOR,22
29923181,2,HUMAN FACTOR,99
29923181,3,HUMAN FACTOR,99
29928499,1,HUMAN FACTOR,26
29928499,1,HUMAN FACTOR,14
29928499,1,HUMAN FACTOR,17
29928499,2,HUMAN FACTOR,99
29930240,1,HUMAN FACTOR,99
29941441,1,HUMAN FACTOR,97
29956957,1,HUMAN FACTOR,97
29956957,2,HUMAN FACTOR,97
29970138,1,HUMAN FACTOR,17
29970138,2,HUMAN FACTOR,99
29970265,1,HUMAN FACTOR,14
29976414,1,HUMAN FACTOR,8
29976414,1,HUMAN FACTOR,14
29976414,1,HUMAN FACTOR,17
29970476,1,HUMAN FACTOR,97
29976414,2,HUMAN FACTOR,99
29976417,1,HUMAN FACTOR,14
29976417,2,HUMAN FACTOR,99
29978104,1,HUMAN FACTOR,26
29978104,1,HUMAN FACTOR,24
29978104,2,HUMAN FACTOR,26
29978211,1,HUMAN FACTOR,17
29978211,2,HUMAN FACTOR,99
29978338,1,HUMAN FACTOR,4
29978338,2,HUMAN FACTOR,99
29978338,3,HUMAN FACTOR,99
29979786,1,HUMAN FACTOR,8
29979786,1,HUMAN FACTOR,14
29979786,2,HUMAN FACTOR,99
29979969,1,HUMAN FACTOR,99
29979969,2,HUMAN FACTOR,99
29984582,1,HUMAN FACTOR,4
29984582,1,HUMAN FACTOR,14
29984582,2,HUMAN FACTOR,99
29984582,3,HUMAN FACTOR,99
29986389,1,HUMAN FACTOR,8
29986389,1,HUMAN FACTOR,14
29986389,1,HUMAN FACTOR,17
29986389,2,HUMAN FACTOR,99
29989091,1,HUMAN FACTOR,99
29989091,2,HUMAN FACTOR,99
29992964,1,HUMAN FACTOR,11
29992964,2,HUMAN FACTOR,99
29992964,3,HUMAN FACTOR,99
29999898,1,HUMAN FACTOR,11
29999898,1,HUMAN FACTOR,14
29999898,2,HUMAN FACTOR,99
29999898,3,HUMAN FACTOR,99
30000513,1,HUMAN FACTOR,8
30000513,2,HUMAN FACTOR,99
30001885,1,HUMAN FACTOR,17
30001885,2,HUMAN FACTOR,99
30003051,1,HUMAN FACTOR,22
30003051,2,HUMAN FACTOR,99
30003664,1,HUMAN FACTOR,14
30003664,2,HUMAN FACTOR,99
30007539,1,HUMAN FACTOR,99
30008332,1,HUMAN FACTOR,11
30008332,1,HUMAN FACTOR,14
30008332,2,HUMAN FACTOR,99
30011569,1,HUMAN FACTOR,14
30011569,2,HUMAN FACTOR,99
30011569,3,HUMAN FACTOR,99
30011569,4,HUMAN FACTOR,99
30016145,1,HUMAN FACTOR,14
30016145,2,HUMAN FACTOR,99
30016268,1,HUMAN FACTOR,6
30016268,1,HUMAN FACTOR,14
30016268,1,HUMAN FACTOR,24
30016268,2,HUMAN FACTOR,99
30016301,1,HUMAN FACTOR,11
30016301,2,HUMAN FACTOR,99
30024733,1,HUMAN FACTOR,99
30024733,2,HUMAN FACTOR,99
30029904,1,HUMAN FACTOR,99
30029904,2,HUMAN FACTOR,14
30032698,1,HUMAN FACTOR,14
30032698,2,HUMAN FACTOR,99
30036202,1,HUMAN FACTOR,12
30038575,1,HUMAN FACTOR,14
30038575,1,HUMAN FACTOR,18
30038575,2,HUMAN FACTOR,26
30036202,2,HUMAN FACTOR,99
30038575,3,HUMAN FACTOR,99
30044018,1,HUMAN FACTOR,26
30044018,1,HUMAN FACTOR,14
30044018,2,HUMAN FACTOR,99
30050449,1,HUMAN FACTOR,14
30050449,2,HUMAN FACTOR,99
30053363,1,HUMAN FACTOR,13
30054216,1,HUMAN FACTOR,26
30054216,1,HUMAN FACTOR,18
30054216,2,HUMAN FACTOR,99
30054853,1,HUMAN FACTOR,14
30054853,2,HUMAN FACTOR,99
30055685,1,HUMAN FACTOR,14
30055685,2,HUMAN FACTOR,99
30057706,1,HUMAN FACTOR,14
30057706,2,HUMAN FACTOR,99
30057706,3,HUMAN FACTOR,99
30060931,1,HUMAN FACTOR,17
30060931,1,HUMAN FACTOR,22
30060931,2,HUMAN FACTOR,99
30061409,1,HUMAN FACTOR,26
30061409,1,HUMAN FACTOR,11
30061409,2,HUMAN FACTOR,99
30063514,1,HUMAN FACTOR,17
30063514,2,HUMAN FACTOR,99
30064216,1,HUMAN FACTOR,11
30064216,2,HUMAN FACTOR,99
30065345,1,HUMAN FACTOR,18
30065345,2,HUMAN FACTOR,99
30065571,1,HUMAN FACTOR,99
30065571,2,HUMAN FACTOR,99
30069227,1,HUMAN FACTOR,17
30069227,2,HUMAN FACTOR,99
30069229,1,HUMAN FACTOR,18
30069229,2,HUMAN FACTOR,99
30069229,3,HUMAN FACTOR,99
30070190,1,HUMAN FACTOR,8
30070190,1,HUMAN FACTOR,17
30070190,2,HUMAN FACTOR,99
30070315,1,HUMAN FACTOR,18
30070717,1,HUMAN FACTOR,11
30070717,1,HUMAN FACTOR,14
30070717,1,HUMAN FACTOR,18
30070315,2,HUMAN FACTOR,99
30070717,2,HUMAN FACTOR,99
30077603,1,HUMAN FACTOR,18
30077603,2,HUMAN FACTOR,99
30078372,1,HUMAN FACTOR,14
30082418,1,HUMAN FACTOR,11
30082418,2,HUMAN FACTOR,11
30082418,3,HUMAN FACTOR,99
30083545,2,HUMAN FACTOR,99
30085377,1,HUMAN FACTOR,18
30085377,2,HUMAN FACTOR,97
30089216,1,HUMAN FACTOR,4
30089216,1,HUMAN FACTOR,14
30089216,2,HUMAN FACTOR,99
30089216,3,HUMAN FACTOR,99
30094990,1,HUMAN FACTOR,99
30098135,1,HUMAN FACTOR,99
30098483,1,HUMAN FACTOR,14
30098483,2,HUMAN FACTOR,99
30101046,1,HUMAN FACTOR,14
30101046,1,HUMAN FACTOR,18
30101046,2,HUMAN FACTOR,99
30101046,3,HUMAN FACTOR,99
30102039,1,HUMAN FACTOR,99
30102039,2,HUMAN FACTOR,99
30106762,1,HUMAN FACTOR,14
30106762,2,HUMAN FACTOR,99
30107663,1,HUMAN FACTOR,14
30107663,2,HUMAN FACTOR,99
30109805,1,HUMAN FACTOR,14
30109805,1,HUMAN FACTOR,18
30124870,1,HUMAN FACTOR,14
30124870,2,HUMAN FACTOR,99
30124877,1,HUMAN FACTOR,14
30124877,2,HUMAN FACTOR,99
30125991,1,HUMAN FACTOR,26
30125991,1,HUMAN FACTOR,14
30125991,2,HUMAN FACTOR,99
30136172,2,HUMAN FACTOR,99
30148185,1,HUMAN FACTOR,17
30148185,2,HUMAN FACTOR,99
30148185,3,HUMAN FACTOR,99
30148831,1,HUMAN FACTOR,11
30148831,1,HUMAN FACTOR,14
30148831,2,HUMAN FACTOR,99
30150682,1,HUMAN FACTOR,14
30150682,2,HUMAN FACTOR,99
30150682,3,HUMAN FACTOR,99
30150682,4,HUMAN FACTOR,99
30150682,5,HUMAN FACTOR,99
30150682,6,HUMAN FACTOR,99
30154381,1,HUMAN FACTOR,14
30154381,2,HUMAN FACTOR,99
30160951,1,HUMAN FACTOR,3
30160951,1,HUMAN FACTOR,8
30160951,2,HUMAN FACTOR,99
30163253,1,HUMAN FACTOR,22
30163253,2,HUMAN FACTOR,22
30163730,1,HUMAN FACTOR,97
30163730,2,HUMAN FACTOR,97
30167282,1,HUMAN FACTOR,14
30167282,2,HUMAN FACTOR,99
30176501,1,HUMAN FACTOR,8
30176501,1,HUMAN FACTOR,14
30176501,2,HUMAN FACTOR,99
30176685,1,HUMAN FACTOR,99
30176685,2,HUMAN FACTOR,99
30176685,3,HUMAN FACTOR,97
30176685,3,HUMAN FACTOR,23
30176686,1,HUMAN FACTOR,14
30176686,2,HUMAN FACTOR,99
30180808,1,HUMAN FACTOR,99
30181277,1,HUMAN FACTOR,14
30181277,1,HUMAN FACTOR,18
30181277,2,HUMAN FACTOR,99
30182629,2,HUMAN FACTOR,17
30190373,1,HUMAN FACTOR,14
30190373,2,HUMAN FACTOR,99
30192938,1,HUMAN FACTOR,11
30192938,2,HUMAN FACTOR,99
30195539,1,HUMAN FACTOR,14
30195539,2,HUMAN FACTOR,99
30195611,1,HUMAN FACTOR,17
30195611,2,HUMAN FACTOR,99
30199082,1,HUMAN FACTOR,6
30203652,1,HUMAN FACTOR,26
30203652,1,HUMAN FACTOR,8
30203652,1,HUMAN FACTOR,18
30199082,2,HUMAN FACTOR,6
30203652,2,HUMAN FACTOR,99
30203680,1,HUMAN FACTOR,99
30203680,2,HUMAN FACTOR,11
30203680,3,HUMAN FACTOR,11
30203837,1,HUMAN FACTOR,11
30203837,1,HUMAN FACTOR,97
30203837,2,HUMAN FACTOR,97
30204188,1,HUMAN FACTOR,17
30209450,1,HUMAN FACTOR,97
30209450,2,HUMAN FACTOR,99
30210998,1,HUMAN FACTOR,11
30210998,2,HUMAN FACTOR,99
30212822,1,HUMAN FACTOR,18
30220767,1,HUMAN FACTOR,26
30220767,1,HUMAN FACTOR,17
30220767,2,HUMAN FACTOR,99
30223616,1,HUMAN FACTOR,17
30223616,2,HUMAN FACTOR,99
30223754,1,HUMAN FACTOR,8
30224037,1,HUMAN FACTOR,11
30224037,1,HUMAN FACTOR,14
30224037,1,HUMAN FACTOR,18
30223754,2,HUMAN FACTOR,99
30224037,2,HUMAN FACTOR,99
30225926,1,HUMAN FACTOR,14
30225926,2,HUMAN FACTOR,99
30227364,1,HUMAN FACTOR,11
30227364,1,HUMAN FACTOR,14
30227364,2,HUMAN FACTOR,99
30229861,1,HUMAN FACTOR,11
30229861,2,HUMAN FACTOR,99
30232689,1,HUMAN FACTOR,99
30232689,2,HUMAN FACTOR,99
30233496,1,HUMAN FACTOR,3
30233496,1,HUMAN FACTOR,14
30233496,2,HUMAN FACTOR,99
30233496,3,HUMAN FACTOR,99
30238371,1,HUMAN FACTOR,99
30238371,2,HUMAN FACTOR,99
30240858,1,HUMAN FACTOR,14
30240858,2,HUMAN FACTOR,99
30243340,1,HUMAN FACTOR,14
30245275,1,HUMAN FACTOR,18
30245275,2,HUMAN FACTOR,99
30245275,3,HUMAN FACTOR,99
30250170,1,HUMAN FACTOR,99
30250170,2,HUMAN FACTOR,99
30250170,3,HUMAN FACTOR,99
30260763,1,HUMAN FACTOR,26
30260763,2,HUMAN FACTOR,99
30263292,1,HUMAN FACTOR,8
30263292,2,HUMAN FACTOR,99
30263340,1,HUMAN FACTOR,99
30263734,1,HUMAN FACTOR,14
30263734,2,HUMAN FACTOR,99
30268127,1,HUMAN FACTOR,99
30268334,1,HUMAN FACTOR,4
30268334,2,HUMAN FACTOR,99
30279073,2,HUMAN FACTOR,99
30279085,1,HUMAN FACTOR,8
30279085,2,HUMAN FACTOR,99
30281676,1,HUMAN FACTOR,26
30281676,1,HUMAN FACTOR,18
30281676,2,HUMAN FACTOR,99
30291698,1,HUMAN FACTOR,99
30291962,1,HUMAN FACTOR,12
30291962,1,HUMAN FACTOR,14
30296974,1,HUMAN FACTOR,8
30296974,1,HUMAN FACTOR,11
30296974,1,HUMAN FACTOR,14
30291962,2,HUMAN FACTOR,99
30296974,2,HUMAN FACTOR,99
30301590,1,HUMAN FACTOR,14
29795763,2,ENVIRON FACTOR,99
29822112,1,ENVIRON FACTOR,2
29822112,2,ENVIRON FACTOR,2
29826471,1,ENVIRON FACTOR,2
29837390,1,ENVIRON FACTOR,2
29837390,2,ENVIRON FACTOR,2
29841018,1,ENVIRON FACTOR,2
29841018,2,ENVIRON FACTOR,2
29847466,1,ENVIRON FACTOR,2
29847466,2,ENVIRON FACTOR,2
29860022,1,ENVIRON FACTOR,2
29860022,2,ENVIRON FACTOR,2
29863298,1,ENVIRON FACTOR,2
29863298,1,ENVIRON FACTOR,15
29863298,2,ENVIRON FACTOR,2
29863302,1,ENVIRON FACTOR,2
29864098,1,ENVIRON FACTOR,2
29864098,2,ENVIRON FACTOR,2
29864100,1,ENVIRON FACTOR,2
29864100,1,ENVIRON FACTOR,97
29864100,2,ENVIRON FACTOR,2
29864100,2,ENVIRON FACTOR,97
29869357,1,ENVIRON FACTOR,2
29869357,2,ENVIRON FACTOR,2
29869958,1,ENVIRON FACTOR,2
29869958,2,ENVIRON FACTOR,2
29906135,1,ENVIRON FACTOR,2
29906135,2,ENVIRON FACTOR,2
29906279,1,ENVIRON FACTOR,2
29906279,2,ENVIRON FACTOR,2
29910509,1,ENVIRON FACTOR,2
29910509,2,ENVIRON FACTOR,9
29923181,1,ENVIRON FACTOR,2
29923181,2,ENVIRON FACTOR,2
29923181,3,ENVIRON FACTOR,2
29928499,1,ENVIRON FACTOR,2
29928499,2,ENVIRON FACTOR,2
29930240,1,ENVIRON FACTOR,2
29941441,1,ENVIRON FACTOR,2
29956957,1,ENVIRON FACTOR,2
29956957,2,ENVIRON FACTOR,2
29970138,1,ENVIRON FACTOR,2
29970138,2,ENVIRON FACTOR,2
29970265,1,ENVIRON FACTOR,2
29970476,1,ENVIRON FACTOR,2
29976414,1,ENVIRON FACTOR,2
29976414,2,ENVIRON FACTOR,99
29976417,1,ENVIRON FACTOR,2
29976417,2,ENVIRON FACTOR,2
29978104,1,ENVIRON FACTOR,2
29978104,1,ENVIRON FACTOR,99
29978104,2,ENVIRON FACTOR,2
29978211,1,ENVIRON FACTOR,9
29978211,2,ENVIRON FACTOR,2
29978338,1,ENVIRON FACTOR,2
30089216,2,ENVIRON FACTOR,2
30089216,3,ENVIRON FACTOR,2
30094990,1,ENVIRON FACTOR,2
30094990,1,ENVIRON FACTOR,6
30098135,1,ENVIRON FACTOR,2
30098135,1,ENVIRON FACTOR,3
30098483,1,ENVIRON FACTOR,2
30098483,2,ENVIRON FACTOR,99
30101046,1,ENVIRON FACTOR,2
30101046,2,ENVIRON FACTOR,2
30101046,3,ENVIRON FACTOR,2
30102039,1,ENVIRON FACTOR,2
30102039,2,ENVIRON FACTOR,2
30106762,1,ENVIRON FACTOR,2
30106762,2,ENVIRON FACTOR,2
30107663,1,ENVIRON FACTOR,2
30107663,2,ENVIRON FACTOR,99
30109805,1,ENVIRON FACTOR,2
30124870,1,ENVIRON FACTOR,2
30124870,1,ENVIRON FACTOR,9
30124870,2,ENVIRON FACTOR,99
30124877,1,ENVIRON FACTOR,2
30124877,2,ENVIRON FACTOR,2
30125991,1,ENVIRON FACTOR,2
30125991,2,ENVIRON FACTOR,2
30136172,2,ENVIRON FACTOR,2
30148185,1,ENVIRON FACTOR,2
30148185,2,ENVIRON FACTOR,2
30148185,3,ENVIRON FACTOR,2
30148831,1,ENVIRON FACTOR,2
30148831,2,ENVIRON FACTOR,2
30150682,1,ENVIRON FACTOR,2
30150682,2,ENVIRON FACTOR,2
30150682,3,ENVIRON FACTOR,2
30150682,4,ENVIRON FACTOR,2
30150682,5,ENVIRON FACTOR,2
30150682,6,ENVIRON FACTOR,2
30154381,1,ENVIRON FACTOR,2
30154381,1,ENVIRON FACTOR,16
30154381,2,ENVIRON FACTOR,99
30160951,1,ENVIRON FACTOR,2
30160951,2,ENVIRON FACTOR,99
30163253,1,ENVIRON FACTOR,2
30163253,1,ENVIRON FACTOR,13
30163253,2,ENVIRON FACTOR,2
30163253,2,ENVIRON FACTOR,13
30163730,1,ENVIRON FACTOR,2
30163730,2,ENVIRON FACTOR,2
30167282,1,ENVIRON FACTOR,2
30167282,2,ENVIRON FACTOR,2
30176501,1,ENVIRON FACTOR,2
30176501,2,ENVIRON FACTOR,99
30176685,1,ENVIRON FACTOR,2
30176685,2,ENVIRON FACTOR,2
30176685,2,ENVIRON FACTOR,97
30176685,3,ENVIRON FACTOR,2
30176686,1,ENVIRON FACTOR,2
30176686,2,ENVIRON FACTOR,99
30180808,1,ENVIRON FACTOR,2
30181277,1,ENVIRON FACTOR,2
30181277,2,ENVIRON FACTOR,2
30182629,1,ENVIRON FACTOR,99
30182629,2,ENVIRON FACTOR,2
30190373,1,ENVIRON FACTOR,2
30303925,1,HUMAN FACTOR,14
30304661,1,HUMAN FACTOR,1
30304661,1,HUMAN FACTOR,14
30304661,2,HUMAN FACTOR,99
30305496,1,HUMAN FACTOR,17
30305497,1,HUMAN FACTOR,17
30307312,1,HUMAN FACTOR,99
30307312,2,HUMAN FACTOR,99
30313119,1,HUMAN FACTOR,11
30313119,1,HUMAN FACTOR,14
30313119,2,HUMAN FACTOR,99
30313183,1,HUMAN FACTOR,14
30313183,1,HUMAN FACTOR,18
30313183,2,HUMAN FACTOR,99
30314387,1,HUMAN FACTOR,97
30314861,1,HUMAN FACTOR,99
30315882,1,HUMAN FACTOR,14
30316167,1,HUMAN FACTOR,14
30316167,2,HUMAN FACTOR,99
30316167,3,HUMAN FACTOR,99
30316167,4,HUMAN FACTOR,14
30316167,5,HUMAN FACTOR,99
30316263,1,HUMAN FACTOR,11
30316263,2,HUMAN FACTOR,99
30316932,1,HUMAN FACTOR,26
30316932,1,HUMAN FACTOR,10
30321063,1,HUMAN FACTOR,14
30321063,2,HUMAN FACTOR,99
30323784,1,HUMAN FACTOR,99
30324237,1,HUMAN FACTOR,14
30324237,2,HUMAN FACTOR,99
30327247,1,HUMAN FACTOR,99
30327247,2,HUMAN FACTOR,99
30327249,1,HUMAN FACTOR,14
30327249,2,HUMAN FACTOR,99
30327249,3,HUMAN FACTOR,99
30328739,1,HUMAN FACTOR,99
30328740,1,HUMAN FACTOR,18
30329379,1,HUMAN FACTOR,3
30329379,1,HUMAN FACTOR,18
30329379,2,HUMAN FACTOR,99
30329707,1,HUMAN FACTOR,8
30329707,1,HUMAN FACTOR,14
30329707,1,HUMAN FACTOR,23
30329707,2,HUMAN FACTOR,99
30329814,1,HUMAN FACTOR,4
30329814,1,HUMAN FACTOR,14
30329814,2,HUMAN FACTOR,99
30330039,1,HUMAN FACTOR,4
30330039,1,HUMAN FACTOR,14
30330039,2,HUMAN FACTOR,99
30331604,1,HUMAN FACTOR,17
30332950,1,HUMAN FACTOR,14
30332950,1,HUMAN FACTOR,17
30333550,1,HUMAN FACTOR,99
30333550,2,HUMAN FACTOR,8
30333550,2,HUMAN FACTOR,13
30333550,2,HUMAN FACTOR,17
30333728,1,HUMAN FACTOR,2
30333728,1,HUMAN FACTOR,14
30333728,2,HUMAN FACTOR,99
30333728,3,HUMAN FACTOR,99
30336191,1,HUMAN FACTOR,8
30336191,2,HUMAN FACTOR,99
30337435,1,HUMAN FACTOR,8
30337435,2,HUMAN FACTOR,99
30338720,1,HUMAN FACTOR,14
30338720,1,HUMAN FACTOR,17
30338720,2,HUMAN FACTOR,11
30338720,2,HUMAN FACTOR,14
30338720,3,HUMAN FACTOR,99
30344118,1,HUMAN FACTOR,14
30344118,2,HUMAN FACTOR,99
30344118,3,HUMAN FACTOR,99
30347152,1,HUMAN FACTOR,14
30349465,1,HUMAN FACTOR,14
30349465,1,HUMAN FACTOR,19
30349465,1,HUMAN FACTOR,23
30347152,2,HUMAN FACTOR,99
30349465,2,HUMAN FACTOR,99
30352091,1,HUMAN FACTOR,22
30355054,1,HUMAN FACTOR,4
30355054,1,HUMAN FACTOR,14
30359891,1,HUMAN FACTOR,12
30359891,1,HUMAN FACTOR,14
30359891,1,HUMAN FACTOR,17
30355054,2,HUMAN FACTOR,99
30359891,2,HUMAN FACTOR,99
30360736,1,HUMAN FACTOR,18
30360736,2,HUMAN FACTOR,99
30364786,1,HUMAN FACTOR,14
30364786,2,HUMAN FACTOR,99
30368801,1,HUMAN FACTOR,14
30372795,1,HUMAN FACTOR,3
30372795,2,HUMAN FACTOR,99
30377082,1,HUMAN FACTOR,18
30377082,2,HUMAN FACTOR,99
30386191,1,HUMAN FACTOR,14
30386191,2,HUMAN FACTOR,14
30386191,3,HUMAN FACTOR,99
30387442,1,HUMAN FACTOR,18
30387442,1,HUMAN FACTOR,22
30387442,2,HUMAN FACTOR,99
30387442,3,HUMAN FACTOR,99
30387839,1,HUMAN FACTOR,14
30391272,1,HUMAN FACTOR,14
30391272,2,HUMAN FACTOR,99
30391272,3,HUMAN FACTOR,99
30391272,4,HUMAN FACTOR,99
30397394,1,HUMAN FACTOR,14
30397394,1,HUMAN FACTOR,17
30402214,1,HUMAN FACTOR,11
30402214,1,HUMAN FACTOR,14
30402214,1,HUMAN FACTOR,18
30397394,2,HUMAN FACTOR,99
30402214,2,HUMAN FACTOR,99
30402214,3,HUMAN FACTOR,99
30402894,1,HUMAN FACTOR,14
30402894,1,HUMAN FACTOR,22
30402894,2,HUMAN FACTOR,99
30403262,1,HUMAN FACTOR,14
30406065,1,HUMAN FACTOR,99
30406091,1,HUMAN FACTOR,17
30406091,2,HUMAN FACTOR,99
30406206,1,HUMAN FACTOR,18
30406206,2,HUMAN FACTOR,99
30190373,2,ENVIRON FACTOR,2
30192938,1,ENVIRON FACTOR,2
30192938,2,ENVIRON FACTOR,2
30195539,1,ENVIRON FACTOR,17
30195539,1,ENVIRON FACTOR,2
30195539,2,ENVIRON FACTOR,2
30195611,1,ENVIRON FACTOR,2
30195611,1,ENVIRON FACTOR,14
30195611,2,ENVIRON FACTOR,2
30199082,1,ENVIRON FACTOR,2
30199082,2,ENVIRON FACTOR,2
30203652,1,ENVIRON FACTOR,2
30203652,1,ENVIRON FACTOR,9
30203652,2,ENVIRON FACTOR,99
30203680,1,ENVIRON FACTOR,17
30203680,1,ENVIRON FACTOR,2
30203680,2,ENVIRON FACTOR,2
30203680,3,ENVIRON FACTOR,17
30203680,3,ENVIRON FACTOR,2
30203837,1,ENVIRON FACTOR,2
30203837,2,ENVIRON FACTOR,2
30204188,1,ENVIRON FACTOR,2
30209450,1,ENVIRON FACTOR,17
30209450,1,ENVIRON FACTOR,9
30209450,2,ENVIRON FACTOR,2
30210998,1,ENVIRON FACTOR,2
30210998,1,ENVIRON FACTOR,5
30210998,2,ENVIRON FACTOR,2
30212822,1,ENVIRON FACTOR,2
30212822,1,ENVIRON FACTOR,10
30220767,1,ENVIRON FACTOR,2
30220767,2,ENVIRON FACTOR,99
30223616,1,ENVIRON FACTOR,2
30223616,2,ENVIRON FACTOR,2
30223754,1,ENVIRON FACTOR,2
30223754,2,ENVIRON FACTOR,2
30224037,1,ENVIRON FACTOR,2
30224037,2,ENVIRON FACTOR,2
30225926,1,ENVIRON FACTOR,2
30225926,2,ENVIRON FACTOR,99
30227364,1,ENVIRON FACTOR,2
30227364,2,ENVIRON FACTOR,2
30236101,2,ENVIRON FACTOR,2
30236354,1,ENVIRON FACTOR,2
30236354,2,ENVIRON FACTOR,99
30237994,1,ENVIRON FACTOR,2
30237994,2,ENVIRON FACTOR,2
30238496,1,ENVIRON FACTOR,2
30238496,2,ENVIRON FACTOR,2
30247578,1,ENVIRON FACTOR,2
30254018,1,ENVIRON FACTOR,2
30254018,2,ENVIRON FACTOR,2
30263573,1,ENVIRON FACTOR,17
30263573,1,ENVIRON FACTOR,2
30263573,2,ENVIRON FACTOR,17
30263573,2,ENVIRON FACTOR,2
30268131,1,ENVIRON FACTOR,2
30268131,1,ENVIRON FACTOR,97
30268285,1,ENVIRON FACTOR,17
30268285,1,ENVIRON FACTOR,2
30268285,2,ENVIRON FACTOR,17
30268285,2,ENVIRON FACTOR,2
30273432,1,ENVIRON FACTOR,2
30273432,2,ENVIRON FACTOR,2
30273446,1,ENVIRON FACTOR,2
30273446,2,ENVIRON FACTOR,2
30274526,1,ENVIRON FACTOR,2
30274526,2,ENVIRON FACTOR,2
30277953,1,ENVIRON FACTOR,2
30277953,2,ENVIRON FACTOR,99
30279073,1,ENVIRON FACTOR,2
30279073,2,ENVIRON FACTOR,2
30279085,1,ENVIRON FACTOR,2
30279085,2,ENVIRON FACTOR,2
30281676,1,ENVIRON FACTOR,2
30281676,2,ENVIRON FACTOR,99
30291698,1,ENVIRON FACTOR,2
30291962,1,ENVIRON FACTOR,2
30291962,2,ENVIRON FACTOR,2
30296974,1,ENVIRON FACTOR,2
30296974,2,ENVIRON FACTOR,2
30301590,1,ENVIRON FACTOR,2
30303925,1,ENVIRON FACTOR,2
30304661,1,ENVIRON FACTOR,9
30304661,2,ENVIRON FACTOR,2
30305496,1,ENVIRON FACTOR,2
30305497,1,ENVIRON FACTOR,2
30307312,1,ENVIRON FACTOR,9
30307312,2,ENVIRON FACTOR,2
30313119,1,ENVIRON FACTOR,2
30313119,2,ENVIRON FACTOR,99
30313183,1,ENVIRON FACTOR,2
30313183,2,ENVIRON FACTOR,2
30314387,1,ENVIRON FACTOR,17
30314387,1,ENVIRON FACTOR,2
30314861,1,ENVIRON FACTOR,2
30314861,1,ENVIRON FACTOR,13
30315882,1,ENVIRON FACTOR,2
30315882,1,ENVIRON FACTOR,11
30316167,1,ENVIRON FACTOR,2
30316167,2,ENVIRON FACTOR,2
30316167,3,ENVIRON FACTOR,2
30316167,4,ENVIRON FACTOR,2
30316167,5,ENVIRON FACTOR,2
30316263,1,ENVIRON FACTOR,17
30316263,1,ENVIRON FACTOR,2
30316263,2,ENVIRON FACTOR,99
30316932,1,ENVIRON FACTOR,2
30321063,1,ENVIRON FACTOR,2
30321063,2,ENVIRON FACTOR,99
30323784,1,ENVIRON FACTOR,2
30324237,1,ENVIRON FACTOR,2
30324237,2,ENVIRON FACTOR,2
30327247,1,ENVIRON FACTOR,2
30327247,2,ENVIRON FACTOR,2
30327249,1,ENVIRON FACTOR,17
30327249,1,ENVIRON FACTOR,2
30327249,2,ENVIRON FACTOR,17
30327249,2,ENVIRON FACTOR,2
30407446,1,HUMAN FACTOR,99
30408148,2,HUMAN FACTOR,99
30408148,1,HUMAN FACTOR,14
30409668,1,HUMAN FACTOR,13
30409668,1,HUMAN FACTOR,14
30409668,1,HUMAN FACTOR,18
30409668,1,HUMAN FACTOR,97
30409668,2,HUMAN FACTOR,99
30409668,3,HUMAN FACTOR,99
30411066,1,HUMAN FACTOR,18
30411066,2,HUMAN FACTOR,99
30417008,1,HUMAN FACTOR,14
30417008,2,HUMAN FACTOR,99
30417273,1,HUMAN FACTOR,3
30417273,1,HUMAN FACTOR,8
30417273,2,HUMAN FACTOR,99
30418087,1,HUMAN FACTOR,8
30418087,1,HUMAN FACTOR,14
30418087,2,HUMAN FACTOR,99
30418673,1,HUMAN FACTOR,4
30418673,1,HUMAN FACTOR,14
30418673,1,HUMAN FACTOR,17
30418087,3,HUMAN FACTOR,99
30418673,2,HUMAN FACTOR,99
30419312,1,HUMAN FACTOR,18
30419312,2,HUMAN FACTOR,99
30421074,1,HUMAN FACTOR,18
30421074,2,HUMAN FACTOR,99
30421074,3,HUMAN FACTOR,99
30421363,1,HUMAN FACTOR,11
30421363,2,HUMAN FACTOR,99
30421363,3,HUMAN FACTOR,99
30431661,1,HUMAN FACTOR,99
30432259,1,HUMAN FACTOR,14
30432259,2,HUMAN FACTOR,99
30432259,3,HUMAN FACTOR,18
30435716,1,HUMAN FACTOR,4
30435716,1,HUMAN FACTOR,14
30435716,1,HUMAN FACTOR,17
30432677,1,HUMAN FACTOR,14
30440532,1,HUMAN FACTOR,14
30440532,1,HUMAN FACTOR,18
30440532,2,HUMAN FACTOR,99
30442010,1,HUMAN FACTOR,11
30443896,1,HUMAN FACTOR,4
30443896,1,HUMAN FACTOR,14
30443896,1,HUMAN FACTOR,18
30442010,2,HUMAN FACTOR,99
30443896,2,HUMAN FACTOR,99
30443896,3,HUMAN FACTOR,99
30443896,4,HUMAN FACTOR,99
30445303,1,HUMAN FACTOR,14
30445303,2,HUMAN FACTOR,99
30447336,1,HUMAN FACTOR,26
30447336,1,HUMAN FACTOR,14
30447336,2,HUMAN FACTOR,99
30447358,1,HUMAN FACTOR,99
30448598,1,HUMAN FACTOR,14
30448598,2,HUMAN FACTOR,99
30451103,1,HUMAN FACTOR,14
30451103,2,HUMAN FACTOR,99
30458577,1,HUMAN FACTOR,14
30458577,1,HUMAN FACTOR,17
30458577,2,HUMAN FACTOR,99
30458577,3,HUMAN FACTOR,99
30461058,1,HUMAN FACTOR,11
30461058,1,HUMAN FACTOR,17
30461058,2,HUMAN FACTOR,99
30470124,1,HUMAN FACTOR,99
30470124,2,HUMAN FACTOR,99
30471440,1,HUMAN FACTOR,99
30471760,1,HUMAN FACTOR,14
30476448,1,HUMAN FACTOR,14
30476448,2,HUMAN FACTOR,99
30476755,1,HUMAN FACTOR,4
30476755,2,HUMAN FACTOR,99
30485452,1,HUMAN FACTOR,9
30485452,1,HUMAN FACTOR,10
30485452,1,HUMAN FACTOR,14
30478505,1,HUMAN FACTOR,18
30485452,2,HUMAN FACTOR,99
30486057,1,HUMAN FACTOR,18
30486057,2,HUMAN FACTOR,99
30487947,1,HUMAN FACTOR,4
30487947,2,HUMAN FACTOR,99
30488493,1,HUMAN FACTOR,17
30488493,2,HUMAN FACTOR,99
30492293,1,HUMAN FACTOR,17
30494092,1,HUMAN FACTOR,14
30494092,2,HUMAN FACTOR,99
30494092,3,HUMAN FACTOR,99
30498722,1,HUMAN FACTOR,4
30498722,2,HUMAN FACTOR,99
30507509,1,HUMAN FACTOR,14
30507509,2,HUMAN FACTOR,99
30513076,1,HUMAN FACTOR,99
30513408,1,HUMAN FACTOR,14
30513408,2,HUMAN FACTOR,99
30513408,3,HUMAN FACTOR,99
30514023,1,HUMAN FACTOR,97
30527458,1,HUMAN FACTOR,17
30527458,1,HUMAN FACTOR,18
30527458,2,HUMAN FACTOR,99
30527821,1,HUMAN FACTOR,14
30527821,2,HUMAN FACTOR,99
30527821,3,HUMAN FACTOR,99
30530488,1,HUMAN FACTOR,97
30530488,2,HUMAN FACTOR,99
30531614,1,HUMAN FACTOR,22
30531614,2,HUMAN FACTOR,99
30534134,1,HUMAN FACTOR,4
30534134,1,HUMAN FACTOR,14
30534134,1,HUMAN FACTOR,17
30533673,1,HUMAN FACTOR,99
30534134,2,HUMAN FACTOR,99
30536793,1,HUMAN FACTOR,8
30536793,1,HUMAN FACTOR,14
30536793,2,HUMAN FACTOR,99
30538985,1,HUMAN FACTOR,8
30538985,1,HUMAN FACTOR,14
30538985,1,HUMAN FACTOR,18
30538985,2,HUMAN FACTOR,99
30540479,1,HUMAN FACTOR,15
30540479,2,HUMAN FACTOR,99
30543079,1,HUMAN FACTOR,18
30543079,1,HUMAN FACTOR,97
30543079,2,HUMAN FACTOR,99
30550807,1,HUMAN FACTOR,97
30550885,1,HUMAN FACTOR,11
30550885,1,HUMAN FACTOR,18
30550885,2,HUMAN FACTOR,99
30550985,1,HUMAN FACTOR,17
30550985,2,HUMAN FACTOR,99
30551887,1,HUMAN FACTOR,14
30551887,1,HUMAN FACTOR,18
30551887,2,HUMAN FACTOR,99
30552178,1,HUMAN FACTOR,14
30552178,2,HUMAN FACTOR,99
30552207,1,HUMAN FACTOR,8
30552207,1,HUMAN FACTOR,13
30552207,2,HUMAN FACTOR,99
30556564,1,HUMAN FACTOR,17
30556564,1,HUMAN FACTOR,18
30556564,2,HUMAN FACTOR,99
30562203,1,HUMAN FACTOR,99
30562203,2,HUMAN FACTOR,99
30567962,1,HUMAN FACTOR,26
30567962,1,HUMAN FACTOR,8
30567962,1,HUMAN FACTOR,18
30567962,2,HUMAN FACTOR,99
30571099,1,HUMAN FACTOR,14
30571099,2,HUMAN FACTOR,99
30573990,1,HUMAN FACTOR,99
30573990,2,HUMAN FACTOR,99
30574767,1,HUMAN FACTOR,18
30574767,2,HUMAN FACTOR,99
30581633,1,HUMAN FACTOR,17
30581633,1,HUMAN FACTOR,18
30581633,2,HUMAN FACTOR,99
30582908,1,HUMAN FACTOR,14
30582908,1,HUMAN FACTOR,18
30584304,1,HUMAN FACTOR,12
30584304,1,HUMAN FACTOR,14
30584304,1,HUMAN FACTOR,18
30584304,2,HUMAN FACTOR,99
30582908,2,HUMAN FACTOR,99
30586231,1,HUMAN FACTOR,14
30586231,2,HUMAN FACTOR,99
30586231,3,HUMAN FACTOR,99
30586231,4,HUMAN FACTOR,99
30589903,1,HUMAN FACTOR,11
30589903,1,HUMAN FACTOR,14
30589903,2,HUMAN FACTOR,99
30591147,1,HUMAN FACTOR,4
30591147,2,HUMAN FACTOR,99
30591739,1,HUMAN FACTOR,14
30594564,1,HUMAN FACTOR,7
30594564,1,HUMAN FACTOR,11
30594564,1,HUMAN FACTOR,17
30591739,2,HUMAN FACTOR,99
30594564,2,HUMAN FACTOR,99
30595735,1,HUMAN FACTOR,11
30595735,2,HUMAN FACTOR,99
30596869,1,HUMAN FACTOR,11
30598263,1,HUMAN FACTOR,14
30598263,2,HUMAN FACTOR,99
30599055,1,HUMAN FACTOR,1
30599055,1,HUMAN FACTOR,14
30599055,2,HUMAN FACTOR,99
30600831,1,HUMAN FACTOR,19
30600831,2,HUMAN FACTOR,99
30605330,1,HUMAN FACTOR,14
30605330,2,HUMAN FACTOR,99
30605330,3,HUMAN FACTOR,99
30605330,4,HUMAN FACTOR,99
30605735,1,HUMAN FACTOR,14
30605735,1,HUMAN FACTOR,17
30605735,2,HUMAN FACTOR,99
30607499,1,HUMAN FACTOR,12
30611132,1,HUMAN FACTOR,14
30611132,2,HUMAN FACTOR,99
30612654,1,HUMAN FACTOR,14
30612654,1,HUMAN FACTOR,23
30612654,2,HUMAN FACTOR,99
30612761,1,HUMAN FACTOR,11
30612761,2,HUMAN FACTOR,99
30612807,1,HUMAN FACTOR,14
30612807,2,HUMAN FACTOR,99
30613746,1,HUMAN FACTOR,18
30616237,1,HUMAN FACTOR,2
30616237,1,HUMAN FACTOR,4
30616237,2,HUMAN FACTOR,99
30616574,1,HUMAN FACTOR,14
30616574,2,HUMAN FACTOR,99
30617162,1,HUMAN FACTOR,99
30618547,1,HUMAN FACTOR,14
30618547,2,HUMAN FACTOR,99
30621121,1,HUMAN FACTOR,99
30624807,1,HUMAN FACTOR,14
30624807,2,HUMAN FACTOR,99
30625839,1,HUMAN FACTOR,14
30625839,1,HUMAN FACTOR,17
30625839,2,HUMAN FACTOR,99
30625839,3,HUMAN FACTOR,99
30632743,1,HUMAN FACTOR,8
30632743,1,HUMAN FACTOR,14
30632743,2,HUMAN FACTOR,99
30640873,1,HUMAN FACTOR,17
30641063,1,HUMAN FACTOR,14
30641063,2,HUMAN FACTOR,99
30642719,1,HUMAN FACTOR,99
30642719,2,HUMAN FACTOR,99
30646107,1,HUMAN FACTOR,5
30646107,2,HUMAN FACTOR,99
30646800,1,HUMAN FACTOR,11
30646800,1,HUMAN FACTOR,17
30646800,2,HUMAN FACTOR,11
30646800,3,HUMAN FACTOR,99
30646843,1,HUMAN FACTOR,17
30646843,2,HUMAN FACTOR,99
30650142,1,HUMAN FACTOR,11
30650142,2,HUMAN FACTOR,99
30650180,1,HUMAN FACTOR,8
30650180,2,HUMAN FACTOR,99
30650180,3,HUMAN FACTOR,99
30651323,1,HUMAN FACTOR,8
30651323,1,HUMAN FACTOR,14
30651323,2,HUMAN FACTOR,99
30652468,1,HUMAN FACTOR,99
30652468,2,HUMAN FACTOR,26
30652907,1,HUMAN FACTOR,11
30652907,2,HUMAN FACTOR,99
30654691,1,HUMAN FACTOR,17
30657835,1,HUMAN FACTOR,99
30659145,1,HUMAN FACTOR,26
30659145,2,HUMAN FACTOR,99
30659647,2,HUMAN FACTOR,99
30665125,1,HUMAN FACTOR,14
30665125,2,HUMAN FACTOR,99
30666057,1,HUMAN FACTOR,14
30666057,1,HUMAN FACTOR,17
30666057,1,HUMAN FACTOR,18
30666057,2,HUMAN FACTOR,99
30666057,3,HUMAN FACTOR,99
30666058,1,HUMAN FACTOR,17
30666058,2,HUMAN FACTOR,99
30669189,1,HUMAN FACTOR,11
30669189,2,HUMAN FACTOR,99
30669329,1,HUMAN FACTOR,7
30669329,1,HUMAN FACTOR,26
30669329,1,HUMAN FACTOR,18
30669189,3,HUMAN FACTOR,99
30669329,2,HUMAN FACTOR,99
30669329,3,HUMAN FACTOR,99
30670778,1,HUMAN FACTOR,18
30672321,1,HUMAN FACTOR,4
30672321,1,HUMAN FACTOR,14
30672321,2,HUMAN FACTOR,99
30682138,1,HUMAN FACTOR,99
30684391,1,HUMAN FACTOR,14
30684391,2,HUMAN FACTOR,12
30684391,2,HUMAN FACTOR,14
30684391,3,HUMAN FACTOR,99
30689907,1,HUMAN FACTOR,17
30696678,1,HUMAN FACTOR,14
30696678,2,HUMAN FACTOR,99
30697582,1,HUMAN FACTOR,13
30698823,1,HUMAN FACTOR,8
30698823,1,HUMAN FACTOR,14
30698823,1,HUMAN FACTOR,17
30697582,2,HUMAN FACTOR,99
30698823,2,HUMAN FACTOR,99
30698935,1,HUMAN FACTOR,8
30698935,1,HUMAN FACTOR,14
30698935,2,HUMAN FACTOR,99
30699488,1,HUMAN FACTOR,26
30699488,1,HUMAN FACTOR,14
30699488,2,HUMAN FACTOR,99
30699491,1,HUMAN FACTOR,14
30699491,2,HUMAN FACTOR,99
30699497,1,HUMAN FACTOR,14
30699497,2,HUMAN FACTOR,99
30702090,1,HUMAN FACTOR,8
30702090,2,HUMAN FACTOR,99
30702239,1,HUMAN FACTOR,97
30702239,2,HUMAN FACTOR,99
30703899,1,HUMAN FACTOR,10
30703899,2,HUMAN FACTOR,99
30706762,1,HUMAN FACTOR,14
30706762,2,HUMAN FACTOR,99
30710934,1,HUMAN FACTOR,26
30710934,1,HUMAN FACTOR,17
30710934,2,HUMAN FACTOR,99
30712291,1,HUMAN FACTOR,97
30712291,2,HUMAN FACTOR,99
30712921,1,HUMAN FACTOR,14
30712921,2,HUMAN FACTOR,99
30716707,1,HUMAN FACTOR,14
30716707,1,HUMAN FACTOR,18
30726171,1,HUMAN FACTOR,14
30726171,2,HUMAN FACTOR,14
30726401,1,HUMAN FACTOR,97
30726401,2,HUMAN FACTOR,99
30726401,3,HUMAN FACTOR,99
30726476,1,HUMAN FACTOR,14
30726476,2,HUMAN FACTOR,99
30732276,1,HUMAN FACTOR,26
30732276,2,HUMAN FACTOR,99
30733349,1,HUMAN FACTOR,18
30733349,2,HUMAN FACTOR,99
30734207,1,HUMAN FACTOR,11
30734207,2,HUMAN FACTOR,99
30734266,1,HUMAN FACTOR,14
30734266,2,HUMAN FACTOR,14
30736251,1,HUMAN FACTOR,97
30736251,2,HUMAN FACTOR,99
30743157,1,HUMAN FACTOR,1
30743157,1,HUMAN FACTOR,5
30743157,2,HUMAN FACTOR,99
30749781,1,HUMAN FACTOR,26
30749781,1,HUMAN FACTOR,9
30749781,2,HUMAN FACTOR,99
30750603,1,HUMAN FACTOR,14
30750603,1,HUMAN FACTOR,18
30750603,1,HUMAN FACTOR,22
30750603,2,HUMAN FACTOR,99
30750603,3,HUMAN FACTOR,99
30755804,1,HUMAN FACTOR,2
30755804,1,HUMAN FACTOR,14
30755804,2,HUMAN FACTOR,99
30755804,3,HUMAN FACTOR,99
30756099,1,HUMAN FACTOR,99
30759034,1,HUMAN FACTOR,11
30759034,1,HUMAN FACTOR,14
30759034,1,HUMAN FACTOR,18
30759034,2,HUMAN FACTOR,99
30761452,1,HUMAN FACTOR,14
30761452,2,HUMAN FACTOR,99
30762381,1,HUMAN FACTOR,99
30762381,2,HUMAN FACTOR,99
30763283,1,HUMAN FACTOR,99
30769242,1,HUMAN FACTOR,99
30771896,1,HUMAN FACTOR,11
30771896,1,HUMAN FACTOR,14
30771896,2,HUMAN FACTOR,14
30774696,1,HUMAN FACTOR,99
30774993,1,HUMAN FACTOR,12
30774993,1,HUMAN FACTOR,14
30774993,1,HUMAN FACTOR,17
30774730,2,HUMAN FACTOR,99
30774993,2,HUMAN FACTOR,99
30784737,1,HUMAN FACTOR,10
30789728,2,HUMAN FACTOR,99
30794090,1,HUMAN FACTOR,18
30794090,2,HUMAN FACTOR,99
30794971,1,HUMAN FACTOR,14
30794971,2,HUMAN FACTOR,99
30796579,1,HUMAN FACTOR,14
30796579,2,HUMAN FACTOR,99
30799726,1,HUMAN FACTOR,18
30799726,2,HUMAN FACTOR,99
30800368,1,HUMAN FACTOR,14
30800368,2,HUMAN FACTOR,99
30803907,1,HUMAN FACTOR,99
30803907,2,HUMAN FACTOR,99
30804919,1,HUMAN FACTOR,18
30804919,2,HUMAN FACTOR,99
30806530,1,HUMAN FACTOR,18
30807943,1,HUMAN FACTOR,22
30807943,2,HUMAN FACTOR,99
30809857,1,HUMAN FACTOR,8
30809857,1,HUMAN FACTOR,14
30809857,2,HUMAN FACTOR,99
30811405,1,HUMAN FACTOR,14
30813352,1,HUMAN FACTOR,7
30813352,1,HUMAN FACTOR,18
30813352,1,HUMAN FACTOR,22
30811405,2,HUMAN FACTOR,99
30813352,2,HUMAN FACTOR,99
30813355,1,HUMAN FACTOR,22
30813357,1,HUMAN FACTOR,22
30813681,1,HUMAN FACTOR,8
30813681,2,HUMAN FACTOR,99
30814068,1,HUMAN FACTOR,10
30814068,1,HUMAN FACTOR,11
30814068,1,HUMAN FACTOR,14
30814068,2,HUMAN FACTOR,99
30814134,1,HUMAN FACTOR,14
30814134,2,HUMAN FACTOR,99
30823657,1,HUMAN FACTOR,14
30823657,2,HUMAN FACTOR,99
30824245,1,HUMAN FACTOR,99
30824245,2,HUMAN FACTOR,99
30827482,1,HUMAN FACTOR,8
30827482,1,HUMAN FACTOR,17
30827482,2,HUMAN FACTOR,99
30832953,1,HUMAN FACTOR,7
30832953,1,HUMAN FACTOR,8
30832953,2,HUMAN FACTOR,99
30837611,1,HUMAN FACTOR,14
30837611,1,HUMAN FACTOR,18
30837611,2,HUMAN FACTOR,99
30841159,1,HUMAN FACTOR,97
30841159,2,HUMAN FACTOR,99
30854723,1,HUMAN FACTOR,3
30854723,1,HUMAN FACTOR,26
30862561,1,HUMAN FACTOR,97
30862561,2,HUMAN FACTOR,97
30864495,1,HUMAN FACTOR,4
30864495,2,HUMAN FACTOR,99
30872584,1,HUMAN FACTOR,18
30872584,2,HUMAN FACTOR,99
30875659,1,HUMAN FACTOR,4
30875659,2,HUMAN FACTOR,99
30885802,1,HUMAN FACTOR,14
30885802,2,HUMAN FACTOR,99
30885802,3,HUMAN FACTOR,99
30892927,1,HUMAN FACTOR,14
30892927,2,HUMAN FACTOR,99
30904922,1,HUMAN FACTOR,14
30904922,2,HUMAN FACTOR,99
30904922,3,HUMAN FACTOR,99
30904922,4,HUMAN FACTOR,99
30910220,1,HUMAN FACTOR,14
30910220,1,HUMAN FACTOR,18
30910220,2,HUMAN FACTOR,99
30911570,1,HUMAN FACTOR,97
30911570,2,HUMAN FACTOR,99
30942093,1,HUMAN FACTOR,99
30942094,1,HUMAN FACTOR,4
30942094,1,HUMAN FACTOR,6
30942094,2,HUMAN FACTOR,99
30951006,1,HUMAN FACTOR,99
30951006,2,HUMAN FACTOR,99
30956301,1,HUMAN FACTOR,14
30956301,2,HUMAN FACTOR,99
30959873,1,HUMAN FACTOR,99
30959873,2,HUMAN FACTOR,99
30960089,1,HUMAN FACTOR,14
30960089,2,HUMAN FACTOR,99
30960089,3,HUMAN FACTOR,99
30964992,1,HUMAN FACTOR,11
30964992,2,HUMAN FACTOR,99
30965865,1,HUMAN FACTOR,14
30965865,2,HUMAN FACTOR,99
31311699,1,HUMAN FACTOR,14
31311699,1,HUMAN FACTOR,18
31311699,2,HUMAN FACTOR,99
31538417,1,HUMAN FACTOR,99
31538417,2,HUMAN FACTOR,99
31666735,1,HUMAN FACTOR,18
33269749,1,HUMAN FACTOR,17
33269749,2,HUMAN FACTOR,99
30273431,1,HUMAN FACTOR,99
30275773,1,HUMAN FACTOR,5
30275773,1,HUMAN FACTOR,8
30275773,1,HUMAN FACTOR,11
30273431,2,HUMAN FACTOR,99
30275773,2,HUMAN FACTOR,99
30279038,1,HUMAN FACTOR,8
30279038,2,HUMAN FACTOR,99
30279079,1,HUMAN FACTOR,8
30279079,1,HUMAN FACTOR,14
30279079,2,HUMAN FACTOR,99
30284930,1,HUMAN FACTOR,11
30284930,2,HUMAN FACTOR,99
30287390,1,HUMAN FACTOR,99
30287390,2,HUMAN FACTOR,99
30288028,1,HUMAN FACTOR,14
30288028,2,HUMAN FACTOR,99
30288028,3,HUMAN FACTOR,11
30288029,1,HUMAN FACTOR,11
30288029,1,HUMAN FACTOR,14
30288029,2,HUMAN FACTOR,99
30289648,1,HUMAN FACTOR,18
30289650,1,HUMAN FACTOR,8
30289650,2,HUMAN FACTOR,99
30292262,1,HUMAN FACTOR,99
30305089,1,HUMAN FACTOR,17
30305089,1,HUMAN FACTOR,18
30305089,2,HUMAN FACTOR,99
30310749,1,HUMAN FACTOR,99
30310749,2,HUMAN FACTOR,99
30311293,1,HUMAN FACTOR,99
30327249,3,ENVIRON FACTOR,17
30327249,3,ENVIRON FACTOR,2
30328739,1,ENVIRON FACTOR,2
30328740,1,ENVIRON FACTOR,2
30328740,1,ENVIRON FACTOR,13
30329379,1,ENVIRON FACTOR,2
30329379,2,ENVIRON FACTOR,99
30329707,1,ENVIRON FACTOR,2
30329707,2,ENVIRON FACTOR,2
30329814,1,ENVIRON FACTOR,2
29984582,2,ENVIRON FACTOR,99
29984582,3,ENVIRON FACTOR,99
29986389,1,ENVIRON FACTOR,2
29986389,2,ENVIRON FACTOR,2
29989091,1,ENVIRON FACTOR,2
29989091,1,ENVIRON FACTOR,99
29989091,2,ENVIRON FACTOR,99
29992964,1,ENVIRON FACTOR,2
29992964,2,ENVIRON FACTOR,99
29992964,3,ENVIRON FACTOR,99
29999898,1,ENVIRON FACTOR,17
29999898,1,ENVIRON FACTOR,2
29999898,2,ENVIRON FACTOR,17
29999898,2,ENVIRON FACTOR,2
29999898,3,ENVIRON FACTOR,17
29999898,3,ENVIRON FACTOR,2
30000513,1,ENVIRON FACTOR,2
30000513,2,ENVIRON FACTOR,99
30001885,1,ENVIRON FACTOR,2
30001885,2,ENVIRON FACTOR,2
30003051,1,ENVIRON FACTOR,17
30003051,1,ENVIRON FACTOR,2
30003051,2,ENVIRON FACTOR,17
30003051,2,ENVIRON FACTOR,2
30003664,1,ENVIRON FACTOR,2
30003664,2,ENVIRON FACTOR,99
30007539,1,ENVIRON FACTOR,2
30008332,1,ENVIRON FACTOR,9
30008332,2,ENVIRON FACTOR,2
30011569,1,ENVIRON FACTOR,2
30011569,2,ENVIRON FACTOR,99
30011569,3,ENVIRON FACTOR,99
30011569,4,ENVIRON FACTOR,99
30016145,1,ENVIRON FACTOR,2
30016145,2,ENVIRON FACTOR,2
30016268,1,ENVIRON FACTOR,2
30016268,2,ENVIRON FACTOR,17
30016268,2,ENVIRON FACTOR,2
30016301,1,ENVIRON FACTOR,2
30016301,2,ENVIRON FACTOR,2
30024733,1,ENVIRON FACTOR,2
30024733,1,ENVIRON FACTOR,11
30024733,2,ENVIRON FACTOR,2
30024733,2,ENVIRON FACTOR,11
30029904,1,ENVIRON FACTOR,99
30029904,2,ENVIRON FACTOR,2
30032698,1,ENVIRON FACTOR,2
30032698,2,ENVIRON FACTOR,99
30036202,1,ENVIRON FACTOR,2
30036202,2,ENVIRON FACTOR,2
30038575,1,ENVIRON FACTOR,2
30038575,2,ENVIRON FACTOR,2
30038575,3,ENVIRON FACTOR,2
30044018,1,ENVIRON FACTOR,2
30044018,2,ENVIRON FACTOR,99
30050449,1,ENVIRON FACTOR,2
30050449,2,ENVIRON FACTOR,99
30053363,1,ENVIRON FACTOR,2
30054216,1,ENVIRON FACTOR,2
30054216,2,ENVIRON FACTOR,2
30054853,1,ENVIRON FACTOR,17
30054853,1,ENVIRON FACTOR,2
30054853,2,ENVIRON FACTOR,17
30054853,2,ENVIRON FACTOR,2
30055685,1,ENVIRON FACTOR,2
30055685,2,ENVIRON FACTOR,2
30057706,1,ENVIRON FACTOR,2
30057706,2,ENVIRON FACTOR,99
30057706,3,ENVIRON FACTOR,99
30060931,1,ENVIRON FACTOR,2
30060931,2,ENVIRON FACTOR,2
30061409,1,ENVIRON FACTOR,2
30061409,2,ENVIRON FACTOR,2
30063514,1,ENVIRON FACTOR,2
30063514,2,ENVIRON FACTOR,2
30064216,1,ENVIRON FACTOR,2
30064216,2,ENVIRON FACTOR,2
30065345,1,ENVIRON FACTOR,2
30065345,2,ENVIRON FACTOR,99
30065571,1,ENVIRON FACTOR,2
30065571,1,ENVIRON FACTOR,7
30065571,2,ENVIRON FACTOR,7
30069227,1,ENVIRON FACTOR,2
30069227,2,ENVIRON FACTOR,2
30069229,1,ENVIRON FACTOR,2
30069229,2,ENVIRON FACTOR,2
30069229,3,ENVIRON FACTOR,2
30070190,1,ENVIRON FACTOR,2
30070190,2,ENVIRON FACTOR,2
30070315,1,ENVIRON FACTOR,2
30070315,2,ENVIRON FACTOR,17
30070315,2,ENVIRON FACTOR,2
30070717,1,ENVIRON FACTOR,17
30070717,1,ENVIRON FACTOR,2
30070717,2,ENVIRON FACTOR,17
30070717,2,ENVIRON FACTOR,2
30077603,1,ENVIRON FACTOR,2
30077603,2,ENVIRON FACTOR,2
30078372,1,ENVIRON FACTOR,2
30082418,1,ENVIRON FACTOR,2
30082418,2,ENVIRON FACTOR,2
30082418,3,ENVIRON FACTOR,2
30083545,1,ENVIRON FACTOR,2
30083545,2,ENVIRON FACTOR,2
30083545,2,ENVIRON FACTOR,3
30085377,1,ENVIRON FACTOR,17
30085377,1,ENVIRON FACTOR,2
30085377,2,ENVIRON FACTOR,17
30085377,2,ENVIRON FACTOR,2
30315050,1,HUMAN FACTOR,14
30315050,1,HUMAN FACTOR,18
30315050,1,HUMAN FACTOR,22
30314857,1,HUMAN FACTOR,18
30315050,2,HUMAN FACTOR,99
30315050,3,HUMAN FACTOR,99
30315050,4,HUMAN FACTOR,99
30315144,1,HUMAN FACTOR,14
30315144,2,HUMAN FACTOR,14
30319010,1,HUMAN FACTOR,11
30319010,1,HUMAN FACTOR,14
30319010,1,HUMAN FACTOR,18
30319010,2,HUMAN FACTOR,99
30322406,1,HUMAN FACTOR,14
30322406,2,HUMAN FACTOR,99
30327251,1,HUMAN FACTOR,17
30327251,1,HUMAN FACTOR,22
30327251,2,HUMAN FACTOR,99
30329245,1,HUMAN FACTOR,1
30329245,1,HUMAN FACTOR,14
30329245,2,HUMAN FACTOR,99
30333729,1,HUMAN FACTOR,8
30333862,1,HUMAN FACTOR,13
30333862,1,HUMAN FACTOR,14
30333862,1,HUMAN FACTOR,17
30333729,2,HUMAN FACTOR,99
30333862,2,HUMAN FACTOR,99
30337858,1,HUMAN FACTOR,14
30337858,2,HUMAN FACTOR,99
30344419,1,HUMAN FACTOR,99
30347423,1,HUMAN FACTOR,14
30349318,1,HUMAN FACTOR,14
30349318,2,HUMAN FACTOR,99
30352284,1,HUMAN FACTOR,8
30352284,2,HUMAN FACTOR,7
30352284,2,HUMAN FACTOR,22
30355502,1,HUMAN FACTOR,99
30355792,1,HUMAN FACTOR,14
30355792,2,HUMAN FACTOR,99
30358511,1,HUMAN FACTOR,11
30358511,2,HUMAN FACTOR,99
30358819,1,HUMAN FACTOR,8
30358819,2,HUMAN FACTOR,99
30370434,1,HUMAN FACTOR,14
30370434,2,HUMAN FACTOR,99
30371400,2,HUMAN FACTOR,99
30371401,1,HUMAN FACTOR,1
30371401,2,HUMAN FACTOR,99
30375903,1,HUMAN FACTOR,8
30375903,2,HUMAN FACTOR,99
30407436,1,HUMAN FACTOR,14
30408222,1,HUMAN FACTOR,99
30408222,2,HUMAN FACTOR,99
30408269,1,HUMAN FACTOR,14
30408269,2,HUMAN FACTOR,99
30409364,1,HUMAN FACTOR,11
30409364,2,HUMAN FACTOR,99
30409364,3,HUMAN FACTOR,99
30411060,1,HUMAN FACTOR,3
30411060,1,HUMAN FACTOR,18
30411060,1,HUMAN FACTOR,22
30411426,1,HUMAN FACTOR,8
30411426,2,HUMAN FACTOR,99
30411641,1,HUMAN FACTOR,11
30411641,2,HUMAN FACTOR,99
30411641,3,HUMAN FACTOR,99
30411641,4,HUMAN FACTOR,99
30411641,5,HUMAN FACTOR,99
30411641,6,HUMAN FACTOR,99
30411641,7,HUMAN FACTOR,99
30412479,1,HUMAN FACTOR,8
30412479,1,HUMAN FACTOR,17
30412479,2,HUMAN FACTOR,99
30414506,1,HUMAN FACTOR,8
30414506,1,HUMAN FACTOR,14
30414506,2,HUMAN FACTOR,14
30418546,1,HUMAN FACTOR,22
30418546,2,HUMAN FACTOR,99
30421610,1,HUMAN FACTOR,97
30421610,2,HUMAN FACTOR,99
30430570,1,HUMAN FACTOR,14
30430570,1,HUMAN FACTOR,18
30431724,1,HUMAN FACTOR,99
30431724,2,HUMAN FACTOR,99
30431958,1,HUMAN FACTOR,99
30431958,2,HUMAN FACTOR,99
30442234,1,HUMAN FACTOR,99
30442234,2,HUMAN FACTOR,99
30443081,1,HUMAN FACTOR,14
30443081,2,HUMAN FACTOR,99
30443123,1,HUMAN FACTOR,14
30443123,2,HUMAN FACTOR,99
30445175,1,HUMAN FACTOR,11
30445175,1,HUMAN FACTOR,18
30445175,1,HUMAN FACTOR,22
30445175,2,HUMAN FACTOR,99
30445301,1,HUMAN FACTOR,14
30451483,1,HUMAN FACTOR,13
30451483,1,HUMAN FACTOR,14
30451483,1,HUMAN FACTOR,17
30445301,2,HUMAN FACTOR,99
30451483,2,HUMAN FACTOR,99
30451483,3,HUMAN FACTOR,99
30451943,1,HUMAN FACTOR,11
30451943,1,HUMAN FACTOR,18
30451943,2,HUMAN FACTOR,99
30452053,2,HUMAN FACTOR,99
30453871,1,HUMAN FACTOR,4
30453871,1,HUMAN FACTOR,14
30453871,2,HUMAN FACTOR,99
30457129,1,HUMAN FACTOR,99
30457129,2,HUMAN FACTOR,99
30462131,1,HUMAN FACTOR,1
30462131,1,HUMAN FACTOR,3
30462131,1,HUMAN FACTOR,26
30461376,1,HUMAN FACTOR,4
30462131,2,HUMAN FACTOR,99
30468824,1,HUMAN FACTOR,99
30478157,1,HUMAN FACTOR,17
30478157,2,HUMAN FACTOR,99
30478816,1,HUMAN FACTOR,97
30478816,2,HUMAN FACTOR,99
30480837,1,HUMAN FACTOR,8
30480837,2,HUMAN FACTOR,99
30482368,1,HUMAN FACTOR,99
30491616,1,HUMAN FACTOR,4
30089216,1,ENVIRON FACTOR,2
29915633,2,ENVIRON FACTOR,2
29917013,1,ENVIRON FACTOR,2
29917013,2,ENVIRON FACTOR,99
29923409,1,ENVIRON FACTOR,2
29923409,2,ENVIRON FACTOR,2
29929393,1,ENVIRON FACTOR,2
29929393,2,ENVIRON FACTOR,99
29947895,1,ENVIRON FACTOR,2
29947895,1,ENVIRON FACTOR,12
29947895,2,ENVIRON FACTOR,2
29950342,1,ENVIRON FACTOR,2
29950342,2,ENVIRON FACTOR,2
29950700,1,ENVIRON FACTOR,2
29950700,2,ENVIRON FACTOR,2
29951438,1,ENVIRON FACTOR,2
29951438,2,ENVIRON FACTOR,2
29953782,2,ENVIRON FACTOR,2
29953782,1,ENVIRON FACTOR,2
29953782,3,ENVIRON FACTOR,2
29953782,4,ENVIRON FACTOR,2
29953782,5,ENVIRON FACTOR,2
29953782,6,ENVIRON FACTOR,2
29954793,1,ENVIRON FACTOR,2
29954793,2,ENVIRON FACTOR,99
29957509,1,ENVIRON FACTOR,2
29957509,2,ENVIRON FACTOR,99
29962239,1,ENVIRON FACTOR,2
29962239,2,ENVIRON FACTOR,2
29970607,1,ENVIRON FACTOR,2
29970607,1,ENVIRON FACTOR,7
29970607,2,ENVIRON FACTOR,7
29976416,1,ENVIRON FACTOR,2
29976416,2,ENVIRON FACTOR,2
29977181,1,ENVIRON FACTOR,2
29977181,2,ENVIRON FACTOR,2
29980755,1,ENVIRON FACTOR,2
29981525,1,ENVIRON FACTOR,2
29978338,2,ENVIRON FACTOR,2
29978338,3,ENVIRON FACTOR,2
29979786,1,ENVIRON FACTOR,2
29979786,2,ENVIRON FACTOR,2
29979969,1,ENVIRON FACTOR,2
29979969,2,ENVIRON FACTOR,2
29984582,1,ENVIRON FACTOR,2
30355054,2,ENVIRON FACTOR,2
30359891,1,ENVIRON FACTOR,2
30359891,2,ENVIRON FACTOR,2
30360736,1,ENVIRON FACTOR,2
30360736,2,ENVIRON FACTOR,2
30364786,1,ENVIRON FACTOR,2
30364786,2,ENVIRON FACTOR,2
30368801,1,ENVIRON FACTOR,2
30368801,2,ENVIRON FACTOR,9
30372795,1,ENVIRON FACTOR,2
30372795,2,ENVIRON FACTOR,99
30377082,1,ENVIRON FACTOR,2
30377082,2,ENVIRON FACTOR,2
30386191,1,ENVIRON FACTOR,2
30386191,2,ENVIRON FACTOR,2
30386191,3,ENVIRON FACTOR,2
30387442,1,ENVIRON FACTOR,2
30387442,2,ENVIRON FACTOR,2
30387442,3,ENVIRON FACTOR,2
30387839,1,ENVIRON FACTOR,2
30387839,1,ENVIRON FACTOR,6
30391272,1,ENVIRON FACTOR,2
30391272,2,ENVIRON FACTOR,99
30391272,3,ENVIRON FACTOR,99
30391272,4,ENVIRON FACTOR,99
30397394,1,ENVIRON FACTOR,2
30397394,2,ENVIRON FACTOR,2
30402214,1,ENVIRON FACTOR,2
30402214,2,ENVIRON FACTOR,2
30402214,3,ENVIRON FACTOR,2
30402894,1,ENVIRON FACTOR,2
30402894,2,ENVIRON FACTOR,2
30403262,1,ENVIRON FACTOR,2
30403262,1,ENVIRON FACTOR,14
30406065,1,ENVIRON FACTOR,2
30406065,1,ENVIRON FACTOR,16
30406091,1,ENVIRON FACTOR,2
30406091,2,ENVIRON FACTOR,2
30406206,1,ENVIRON FACTOR,2
30406206,2,ENVIRON FACTOR,2
30407446,1,ENVIRON FACTOR,2
30408148,2,ENVIRON FACTOR,2
30408148,1,ENVIRON FACTOR,2
30409668,1,ENVIRON FACTOR,2
30409668,2,ENVIRON FACTOR,2
30409668,3,ENVIRON FACTOR,2
30411066,1,ENVIRON FACTOR,2
30411066,2,ENVIRON FACTOR,2
30417008,1,ENVIRON FACTOR,2
30417008,2,ENVIRON FACTOR,99
30417273,1,ENVIRON FACTOR,2
30417273,2,ENVIRON FACTOR,99
30418087,1,ENVIRON FACTOR,2
30418087,2,ENVIRON FACTOR,14
30418087,3,ENVIRON FACTOR,14
30418673,1,ENVIRON FACTOR,2
30418673,1,ENVIRON FACTOR,9
30330039,2,ENVIRON FACTOR,2
30331604,1,ENVIRON FACTOR,2
30332950,1,ENVIRON FACTOR,2
30333550,1,ENVIRON FACTOR,2
30333550,1,ENVIRON FACTOR,9
30333550,2,ENVIRON FACTOR,2
30333728,1,ENVIRON FACTOR,2
30333728,2,ENVIRON FACTOR,2
30333728,3,ENVIRON FACTOR,2
30336191,1,ENVIRON FACTOR,2
30336191,2,ENVIRON FACTOR,2
30337435,1,ENVIRON FACTOR,2
30337435,2,ENVIRON FACTOR,2
30338720,1,ENVIRON FACTOR,2
30338720,2,ENVIRON FACTOR,2
30338720,3,ENVIRON FACTOR,2
30344118,1,ENVIRON FACTOR,2
30491616,2,HUMAN FACTOR,99
30491617,1,HUMAN FACTOR,14
30491617,2,HUMAN FACTOR,99
30497003,1,HUMAN FACTOR,13
30497003,1,HUMAN FACTOR,14
30497003,1,HUMAN FACTOR,17
30497003,2,HUMAN FACTOR,99
30504100,1,HUMAN FACTOR,22
30506701,1,HUMAN FACTOR,11
30506701,1,HUMAN FACTOR,14
30507171,1,HUMAN FACTOR,11
30507171,2,HUMAN FACTOR,99
30507171,3,HUMAN FACTOR,99
30507424,1,HUMAN FACTOR,97
30507424,2,HUMAN FACTOR,99
30507506,1,HUMAN FACTOR,2
30507506,1,HUMAN FACTOR,4
30507506,1,HUMAN FACTOR,14
30507506,2,HUMAN FACTOR,14
30509764,1,HUMAN FACTOR,14
30509764,2,HUMAN FACTOR,99
30512991,1,HUMAN FACTOR,8
30512991,1,HUMAN FACTOR,14
30513005,1,HUMAN FACTOR,3
30513005,1,HUMAN FACTOR,6
30513005,1,HUMAN FACTOR,7
30512991,2,HUMAN FACTOR,99
30513005,2,HUMAN FACTOR,99
30513005,3,HUMAN FACTOR,99
30519641,1,HUMAN FACTOR,99
30519641,2,HUMAN FACTOR,99
30520867,1,HUMAN FACTOR,97
30520867,2,HUMAN FACTOR,99
30526462,1,HUMAN FACTOR,22
30526462,2,HUMAN FACTOR,99
30527186,1,HUMAN FACTOR,4
30533793,1,HUMAN FACTOR,5
30533793,1,HUMAN FACTOR,8
30533793,1,HUMAN FACTOR,17
30527186,2,HUMAN FACTOR,99
30533793,2,HUMAN FACTOR,99
30534531,1,HUMAN FACTOR,14
30534533,1,HUMAN FACTOR,99
30534533,2,HUMAN FACTOR,99
30536572,1,HUMAN FACTOR,99
30536572,2,HUMAN FACTOR,99
30539402,1,HUMAN FACTOR,18
30541430,1,HUMAN FACTOR,14
30541430,2,HUMAN FACTOR,99
30541431,1,HUMAN FACTOR,99
30541431,2,HUMAN FACTOR,99
30541431,3,HUMAN FACTOR,99
30542775,2,HUMAN FACTOR,99
30544474,1,HUMAN FACTOR,14
30544474,1,HUMAN FACTOR,18
30544474,2,HUMAN FACTOR,99
30545594,1,HUMAN FACTOR,14
30545594,1,HUMAN FACTOR,17
30545594,1,HUMAN FACTOR,18
30545594,2,HUMAN FACTOR,99
30549435,1,HUMAN FACTOR,14
30550983,1,HUMAN FACTOR,11
30550983,1,HUMAN FACTOR,14
30550983,2,HUMAN FACTOR,99
30551881,1,HUMAN FACTOR,11
30551881,2,HUMAN FACTOR,99
30560914,1,HUMAN FACTOR,99
30566569,1,HUMAN FACTOR,8
30566569,1,HUMAN FACTOR,12
30566569,2,HUMAN FACTOR,99
30566932,1,HUMAN FACTOR,14
30566932,2,HUMAN FACTOR,99
30567775,1,HUMAN FACTOR,99
30567775,2,HUMAN FACTOR,99
30571027,1,HUMAN FACTOR,14
30574768,1,HUMAN FACTOR,4
30574768,1,HUMAN FACTOR,11
30574768,1,HUMAN FACTOR,14
30571027,2,HUMAN FACTOR,99
30574768,2,HUMAN FACTOR,99
30575383,1,HUMAN FACTOR,26
30575383,2,HUMAN FACTOR,99
30577665,1,HUMAN FACTOR,8
30577665,1,HUMAN FACTOR,14
30577665,2,HUMAN FACTOR,14
30580871,1,HUMAN FACTOR,11
30580871,2,HUMAN FACTOR,99
30582909,1,HUMAN FACTOR,18
30582909,2,HUMAN FACTOR,18
30582917,1,HUMAN FACTOR,99
30582917,2,HUMAN FACTOR,14
30582917,3,HUMAN FACTOR,99
30582917,4,HUMAN FACTOR,11
30582917,5,HUMAN FACTOR,11
30582917,6,HUMAN FACTOR,11
30582919,1,HUMAN FACTOR,4
30582919,1,HUMAN FACTOR,14
30582919,2,HUMAN FACTOR,99
30586013,1,HUMAN FACTOR,14
30586013,2,HUMAN FACTOR,99
30586292,1,HUMAN FACTOR,14
30586292,1,HUMAN FACTOR,18
30586292,2,HUMAN FACTOR,14
30587312,1,HUMAN FACTOR,14
30587312,2,HUMAN FACTOR,99
30589672,1,HUMAN FACTOR,14
30589672,2,HUMAN FACTOR,99
30591119,1,HUMAN FACTOR,99
30591119,2,HUMAN FACTOR,99
30601011,1,HUMAN FACTOR,5
30601011,1,HUMAN FACTOR,18
30602508,1,HUMAN FACTOR,17
30602508,2,HUMAN FACTOR,17
30612771,1,HUMAN FACTOR,14
30612771,2,HUMAN FACTOR,99
30612810,1,HUMAN FACTOR,1
30612810,1,HUMAN FACTOR,3
30613261,1,HUMAN FACTOR,14
30613261,2,HUMAN FACTOR,99
30613868,2,HUMAN FACTOR,99
30613868,1,HUMAN FACTOR,1
30617041,1,HUMAN FACTOR,18
30620998,1,HUMAN FACTOR,4
30620998,1,HUMAN FACTOR,26
30620998,1,HUMAN FACTOR,14
30617041,2,HUMAN FACTOR,99
30621223,1,HUMAN FACTOR,14
30621223,2,HUMAN FACTOR,99
30622439,1,HUMAN FACTOR,99
30622439,2,HUMAN FACTOR,99
30622439,3,HUMAN FACTOR,99
30627106,1,HUMAN FACTOR,3
30627106,1,HUMAN FACTOR,26
30627106,1,HUMAN FACTOR,14
30627106,2,HUMAN FACTOR,99
30627609,1,HUMAN FACTOR,1
30627609,2,HUMAN FACTOR,14
30627609,2,HUMAN FACTOR,18
30627609,3,HUMAN FACTOR,99
30627609,4,HUMAN FACTOR,99
30632753,1,HUMAN FACTOR,12
30632753,1,HUMAN FACTOR,14
30632753,2,HUMAN FACTOR,14
30638042,1,HUMAN FACTOR,14
30638042,2,HUMAN FACTOR,99
30638042,3,HUMAN FACTOR,99
30638043,1,HUMAN FACTOR,14
30638043,2,HUMAN FACTOR,99
30638043,3,HUMAN FACTOR,99
30640848,1,HUMAN FACTOR,14
30640848,2,HUMAN FACTOR,97
30641097,1,HUMAN FACTOR,9
30641097,1,HUMAN FACTOR,14
30641097,2,HUMAN FACTOR,99
30645675,1,HUMAN FACTOR,99
30645927,1,HUMAN FACTOR,13
30645927,1,HUMAN FACTOR,14
30645927,2,HUMAN FACTOR,14
30645928,1,HUMAN FACTOR,14
30645928,2,HUMAN FACTOR,99
30645929,1,HUMAN FACTOR,11
30645929,2,HUMAN FACTOR,99
30645929,3,HUMAN FACTOR,99
30645930,1,HUMAN FACTOR,14
30645930,2,HUMAN FACTOR,99
30646008,1,HUMAN FACTOR,11
30646008,1,HUMAN FACTOR,14
30650807,1,HUMAN FACTOR,3
30650807,1,HUMAN FACTOR,8
30650807,1,HUMAN FACTOR,14
30646008,2,HUMAN FACTOR,99
30650807,2,HUMAN FACTOR,99
30653595,1,HUMAN FACTOR,3
30653595,1,HUMAN FACTOR,8
30653595,2,HUMAN FACTOR,99
30654929,1,HUMAN FACTOR,14
30654929,2,HUMAN FACTOR,99
30669130,1,HUMAN FACTOR,18
30669130,2,HUMAN FACTOR,99
30669192,1,HUMAN FACTOR,99
30669192,2,HUMAN FACTOR,99
30669319,1,HUMAN FACTOR,14
30669319,2,HUMAN FACTOR,99
30669319,3,HUMAN FACTOR,11
30670034,1,HUMAN FACTOR,13
30670034,1,HUMAN FACTOR,17
30670034,2,HUMAN FACTOR,99
30670366,1,HUMAN FACTOR,14
30670366,2,HUMAN FACTOR,99
30671169,1,HUMAN FACTOR,11
30671169,1,HUMAN FACTOR,17
30671169,2,HUMAN FACTOR,99
30673322,1,HUMAN FACTOR,14
30673322,2,HUMAN FACTOR,99
30674493,1,HUMAN FACTOR,8
30674493,2,HUMAN FACTOR,97
30683778,1,HUMAN FACTOR,14
30683778,2,HUMAN FACTOR,99
30686741,1,HUMAN FACTOR,99
30687238,1,HUMAN FACTOR,14
30687238,2,HUMAN FACTOR,99
30687238,3,HUMAN FACTOR,99
30687917,1,HUMAN FACTOR,99
30687917,2,HUMAN FACTOR,99
30688526,1,HUMAN FACTOR,99
30688848,1,HUMAN FACTOR,99
30694788,1,HUMAN FACTOR,14
30694788,1,HUMAN FACTOR,17
30697204,1,HUMAN FACTOR,1
30697204,1,HUMAN FACTOR,26
30697204,1,HUMAN FACTOR,18
30694788,2,HUMAN FACTOR,99
30697204,2,HUMAN FACTOR,99
30697622,1,HUMAN FACTOR,99
30699489,1,HUMAN FACTOR,11
30699489,1,HUMAN FACTOR,14
30699489,2,HUMAN FACTOR,99
30699496,1,HUMAN FACTOR,11
30699496,1,HUMAN FACTOR,14
30699496,2,HUMAN FACTOR,11
30699496,2,HUMAN FACTOR,14
30699496,3,HUMAN FACTOR,11
30699496,3,HUMAN FACTOR,14
30699509,1,HUMAN FACTOR,26
30699509,1,HUMAN FACTOR,14
30699509,1,HUMAN FACTOR,22
30699496,4,HUMAN FACTOR,99
30699509,3,HUMAN FACTOR,11
30699509,3,HUMAN FACTOR,17
30699509,4,HUMAN FACTOR,99
30700783,2,HUMAN FACTOR,11
30700783,3,HUMAN FACTOR,11
30701568,1,HUMAN FACTOR,97
30701568,2,HUMAN FACTOR,99
30701568,3,HUMAN FACTOR,99
30702533,1,HUMAN FACTOR,11
30702533,1,HUMAN FACTOR,14
30702533,2,HUMAN FACTOR,99
30702738,1,HUMAN FACTOR,14
30702738,2,HUMAN FACTOR,99
30706960,1,HUMAN FACTOR,26
30706960,1,HUMAN FACTOR,18
30706960,1,HUMAN FACTOR,23
30706960,2,HUMAN FACTOR,99
30709674,1,HUMAN FACTOR,17
30709674,2,HUMAN FACTOR,99
30711978,1,HUMAN FACTOR,17
30711984,1,HUMAN FACTOR,11
30711984,2,HUMAN FACTOR,99
30711984,3,HUMAN FACTOR,99
30711984,4,HUMAN FACTOR,99
30714726,2,HUMAN FACTOR,99
30719666,1,HUMAN FACTOR,99
30719666,2,HUMAN FACTOR,99
30727168,1,HUMAN FACTOR,14
30727168,2,HUMAN FACTOR,99
30727172,1,HUMAN FACTOR,1
30727172,2,HUMAN FACTOR,99
30728805,1,HUMAN FACTOR,8
30728805,2,HUMAN FACTOR,99
30738422,1,HUMAN FACTOR,14
30739194,1,HUMAN FACTOR,14
30739194,2,HUMAN FACTOR,99
30740200,1,HUMAN FACTOR,8
30740200,2,HUMAN FACTOR,99
30744575,1,HUMAN FACTOR,26
30744575,1,HUMAN FACTOR,14
30744575,1,HUMAN FACTOR,22
30740916,1,HUMAN FACTOR,17
30744590,1,HUMAN FACTOR,99
30744590,2,HUMAN FACTOR,14
30744590,2,HUMAN FACTOR,17
30754712,1,HUMAN FACTOR,17
30754712,1,HUMAN FACTOR,18
30754712,2,HUMAN FACTOR,99
30755382,1,HUMAN FACTOR,8
30755382,2,HUMAN FACTOR,99
30755811,1,HUMAN FACTOR,17
30755811,2,HUMAN FACTOR,99
30755811,3,HUMAN FACTOR,99
30760221,1,HUMAN FACTOR,8
30760221,1,HUMAN FACTOR,17
30760221,1,HUMAN FACTOR,23
30758241,1,HUMAN FACTOR,99
30760221,2,HUMAN FACTOR,99
30761965,1,HUMAN FACTOR,11
30761965,1,HUMAN FACTOR,14
30761965,2,HUMAN FACTOR,99
30769601,1,HUMAN FACTOR,26
30769601,1,HUMAN FACTOR,13
30769601,1,HUMAN FACTOR,22
30769601,1,HUMAN FACTOR,24
30770785,1,HUMAN FACTOR,14
30770785,1,HUMAN FACTOR,17
30770785,2,HUMAN FACTOR,99
30769601,2,HUMAN FACTOR,99
30773094,1,HUMAN FACTOR,11
30773094,2,HUMAN FACTOR,99
30786512,1,HUMAN FACTOR,14
30786512,2,HUMAN FACTOR,99
30786978,1,HUMAN FACTOR,11
30786978,2,HUMAN FACTOR,99
30789725,1,HUMAN FACTOR,17
30789725,2,HUMAN FACTOR,99
30789800,1,HUMAN FACTOR,7
30789800,1,HUMAN FACTOR,18
30789800,2,HUMAN FACTOR,99
30793200,1,HUMAN FACTOR,97
30793200,2,HUMAN FACTOR,99
30794899,1,HUMAN FACTOR,11
30794899,1,HUMAN FACTOR,14
30794899,2,HUMAN FACTOR,99
30799704,1,HUMAN FACTOR,17
30799704,2,HUMAN FACTOR,99
30799704,3,HUMAN FACTOR,99
30799744,1,HUMAN FACTOR,99
30799744,2,HUMAN FACTOR,99
30812116,1,HUMAN FACTOR,14
30812116,2,HUMAN FACTOR,99
30813651,1,HUMAN FACTOR,14
30813651,1,HUMAN FACTOR,18
30813651,2,HUMAN FACTOR,99
30813680,1,HUMAN FACTOR,14
30813680,2,HUMAN FACTOR,99
30814711,1,HUMAN FACTOR,14
30814711,2,HUMAN FACTOR,99
30816944,1,HUMAN FACTOR,17
30816944,1,HUMAN FACTOR,23
30816944,2,HUMAN FACTOR,99
30818303,1,HUMAN FACTOR,99
30818904,1,HUMAN FACTOR,22
30818956,1,HUMAN FACTOR,26
30818956,1,HUMAN FACTOR,10
30818956,1,HUMAN FACTOR,13
30818956,2,HUMAN FACTOR,99
30819144,1,HUMAN FACTOR,17
30819144,2,HUMAN FACTOR,99
30823428,1,HUMAN FACTOR,14
30823428,2,HUMAN FACTOR,99
30831154,1,HUMAN FACTOR,99
30831154,2,HUMAN FACTOR,99
30831154,3,HUMAN FACTOR,99
30846145,1,HUMAN FACTOR,8
30846145,2,HUMAN FACTOR,99
30851136,1,HUMAN FACTOR,8
30851136,2,HUMAN FACTOR,99
30857652,1,HUMAN FACTOR,14
30857652,2,HUMAN FACTOR,99
30858250,1,HUMAN FACTOR,2
30858250,2,HUMAN FACTOR,99
30865670,1,HUMAN FACTOR,14
30865670,2,HUMAN FACTOR,99
30872611,1,HUMAN FACTOR,11
30872611,2,HUMAN FACTOR,99
30876252,1,HUMAN FACTOR,14
30876252,2,HUMAN FACTOR,99
30885516,1,HUMAN FACTOR,99
30885516,2,HUMAN FACTOR,99
30885774,1,HUMAN FACTOR,17
30885774,2,HUMAN FACTOR,99
30895578,1,HUMAN FACTOR,8
30895578,1,HUMAN FACTOR,11
30895578,2,HUMAN FACTOR,99
30899985,1,HUMAN FACTOR,12
30899985,2,HUMAN FACTOR,99
30907501,1,HUMAN FACTOR,14
30907501,2,HUMAN FACTOR,99
30910545,1,HUMAN FACTOR,11
30910545,2,HUMAN FACTOR,99
30911552,1,HUMAN FACTOR,14
30911552,2,HUMAN FACTOR,99
30911552,3,HUMAN FACTOR,99
30911552,4,HUMAN FACTOR,99
30923136,1,HUMAN FACTOR,8
30923136,1,HUMAN FACTOR,14
30923136,2,HUMAN FACTOR,99
30924641,1,HUMAN FACTOR,14
30924641,1,HUMAN FACTOR,17
30924641,2,HUMAN FACTOR,99
30928608,1,HUMAN FACTOR,14
30928608,2,HUMAN FACTOR,99
30931244,1,HUMAN FACTOR,18
30931244,1,HUMAN FACTOR,22
30931244,2,HUMAN FACTOR,99
30933846,1,HUMAN FACTOR,14
30933846,2,HUMAN FACTOR,99
30945862,1,HUMAN FACTOR,99
30945862,2,HUMAN FACTOR,99
30983788,1,HUMAN FACTOR,99
30983788,2,HUMAN FACTOR,99
30987621,1,HUMAN FACTOR,97
30987621,2,HUMAN FACTOR,99
30997413,1,HUMAN FACTOR,97
30997413,1,HUMAN FACTOR,21
30997413,2,HUMAN FACTOR,97
30997863,1,HUMAN FACTOR,18
31014534,1,HUMAN FACTOR,99
31014534,2,HUMAN FACTOR,99
31059529,1,HUMAN FACTOR,8
31059529,1,HUMAN FACTOR,17
31059529,2,HUMAN FACTOR,99
31059529,3,HUMAN FACTOR,99
31154772,1,HUMAN FACTOR,26
31154772,1,HUMAN FACTOR,18
31154772,2,HUMAN FACTOR,99
31173570,1,HUMAN FACTOR,99
31329313,1,HUMAN FACTOR,99
31418946,1,HUMAN FACTOR,3
31418946,1,HUMAN FACTOR,18
31418946,1,HUMAN FACTOR,19
31329313,2,HUMAN FACTOR,99
31432635,1,HUMAN FACTOR,99
31432635,2,HUMAN FACTOR,26
31758507,1,HUMAN FACTOR,18
31758507,2,HUMAN FACTOR,99
32273923,1,HUMAN FACTOR,3
32273923,1,HUMAN FACTOR,14
32273923,1,HUMAN FACTOR,22
32273923,2,HUMAN FACTOR,99
32273923,2,VEHICULAR FACTOR,99
32273923,1,VEHICULAR FACTOR,99
31758507,2,VEHICULAR FACTOR,99
31758507,1,VEHICULAR FACTOR,99
31432635,1,VEHICULAR FACTOR,99
31329313,2,VEHICULAR FACTOR,99
31418946,1,VEHICULAR FACTOR,97
31418946,1,VEHICULAR FACTOR,12
31329313,1,VEHICULAR FACTOR,99
31173570,1,VEHICULAR FACTOR,99
31154772,2,VEHICULAR FACTOR,99
31154772,1,VEHICULAR FACTOR,99
31059529,3,VEHICULAR FACTOR,99
31059529,2,VEHICULAR FACTOR,99
31059529,1,VEHICULAR FACTOR,99
31014534,2,VEHICULAR FACTOR,99
31014534,1,VEHICULAR FACTOR,99
30997863,1,VEHICULAR FACTOR,99
30997413,2,VEHICULAR FACTOR,99
30997413,1,VEHICULAR FACTOR,99
30987621,2,VEHICULAR FACTOR,99
30987621,1,VEHICULAR FACTOR,99
30983788,2,VEHICULAR FACTOR,99
30983788,1,VEHICULAR FACTOR,99
30945862,2,VEHICULAR FACTOR,99
30945862,1,VEHICULAR FACTOR,8
30933846,2,VEHICULAR FACTOR,99
30933846,1,VEHICULAR FACTOR,99
30931244,2,VEHICULAR FACTOR,99
30931244,1,VEHICULAR FACTOR,99
30928608,2,VEHICULAR FACTOR,99
30928608,1,VEHICULAR FACTOR,99
30924641,2,VEHICULAR FACTOR,99
30924641,1,VEHICULAR FACTOR,99
30923136,2,VEHICULAR FACTOR,99
30923136,1,VEHICULAR FACTOR,99
30911552,4,VEHICULAR FACTOR,99
30911552,3,VEHICULAR FACTOR,99
30911552,2,VEHICULAR FACTOR,99
30911552,1,VEHICULAR FACTOR,99
30910545,2,VEHICULAR FACTOR,99
30910545,1,VEHICULAR FACTOR,99
30907501,2,VEHICULAR FACTOR,99
30907501,1,VEHICULAR FACTOR,99
30899985,2,VEHICULAR FACTOR,99
30899985,1,VEHICULAR FACTOR,99
30895578,2,VEHICULAR FACTOR,99
30895578,1,VEHICULAR FACTOR,99
30885774,2,VEHICULAR FACTOR,99
30885774,1,VEHICULAR FACTOR,99
30885516,2,VEHICULAR FACTOR,99
30885516,1,VEHICULAR FACTOR,99
30876252,2,VEHICULAR FACTOR,99
30876252,1,VEHICULAR FACTOR,99
30872611,2,VEHICULAR FACTOR,99
30872611,1,VEHICULAR FACTOR,99
30865670,2,VEHICULAR FACTOR,99
30865670,1,VEHICULAR FACTOR,99
30858250,2,VEHICULAR FACTOR,99
30858250,1,VEHICULAR FACTOR,97
30857652,2,VEHICULAR FACTOR,99
30857652,1,VEHICULAR FACTOR,99
30851136,2,VEHICULAR FACTOR,99
30851136,1,VEHICULAR FACTOR,99
30846145,2,VEHICULAR FACTOR,99
30846145,1,VEHICULAR FACTOR,99
30831154,3,VEHICULAR FACTOR,99
30831154,2,VEHICULAR FACTOR,99
30831154,1,VEHICULAR FACTOR,99
30823428,2,VEHICULAR FACTOR,99
30823428,1,VEHICULAR FACTOR,99
30819144,2,VEHICULAR FACTOR,99
30819144,1,VEHICULAR FACTOR,99
30818956,2,VEHICULAR FACTOR,99
30818956,1,VEHICULAR FACTOR,99
30818904,1,VEHICULAR FACTOR,99
30818303,1,VEHICULAR FACTOR,99
30816944,2,VEHICULAR FACTOR,99
30816944,1,VEHICULAR FACTOR,99
30814711,2,VEHICULAR FACTOR,99
30814711,1,VEHICULAR FACTOR,99
30813680,2,VEHICULAR FACTOR,99
30813680,1,VEHICULAR FACTOR,99
30813651,2,VEHICULAR FACTOR,99
30813651,1,VEHICULAR FACTOR,99
30812116,2,VEHICULAR FACTOR,99
30812116,1,VEHICULAR FACTOR,99
30799744,2,VEHICULAR FACTOR,99
30799744,1,VEHICULAR FACTOR,97
30799704,3,VEHICULAR FACTOR,99
30799704,2,VEHICULAR FACTOR,99
30799704,1,VEHICULAR FACTOR,99
30794899,2,VEHICULAR FACTOR,99
30794899,1,VEHICULAR FACTOR,99
30793200,2,VEHICULAR FACTOR,99
30793200,1,VEHICULAR FACTOR,99
30789800,2,VEHICULAR FACTOR,99
30789800,1,VEHICULAR FACTOR,99
30789725,2,VEHICULAR FACTOR,99
30789725,1,VEHICULAR FACTOR,99
30786978,2,VEHICULAR FACTOR,99
30786978,1,VEHICULAR FACTOR,99
30786512,2,VEHICULAR FACTOR,99
30786512,1,VEHICULAR FACTOR,99
30773094,2,VEHICULAR FACTOR,99
30773094,1,VEHICULAR FACTOR,99
30769601,2,VEHICULAR FACTOR,99
30770785,2,VEHICULAR FACTOR,99
30769601,1,VEHICULAR FACTOR,99
30761965,2,VEHICULAR FACTOR,99
30761965,1,VEHICULAR FACTOR,99
30760221,2,VEHICULAR FACTOR,99
30758241,1,VEHICULAR FACTOR,99
30760221,1,VEHICULAR FACTOR,99
30755811,3,VEHICULAR FACTOR,99
30755811,2,VEHICULAR FACTOR,99
30755811,1,VEHICULAR FACTOR,99
30755382,2,VEHICULAR FACTOR,99
30755382,1,VEHICULAR FACTOR,99
30754712,2,VEHICULAR FACTOR,99
30754712,1,VEHICULAR FACTOR,99
30744590,2,VEHICULAR FACTOR,99
30744590,1,VEHICULAR FACTOR,99
30740916,1,VEHICULAR FACTOR,99
30744575,1,VEHICULAR FACTOR,99
30740200,2,VEHICULAR FACTOR,99
30740200,1,VEHICULAR FACTOR,99
30739194,2,VEHICULAR FACTOR,99
30739194,1,VEHICULAR FACTOR,99
30738422,1,VEHICULAR FACTOR,99
30728805,2,VEHICULAR FACTOR,99
30728805,1,VEHICULAR FACTOR,99
30727172,2,VEHICULAR FACTOR,99
30727172,1,VEHICULAR FACTOR,99
30727168,2,VEHICULAR FACTOR,99
30727168,1,VEHICULAR FACTOR,99
30719666,2,VEHICULAR FACTOR,99
30719666,1,VEHICULAR FACTOR,99
30714726,2,VEHICULAR FACTOR,99
30711984,4,VEHICULAR FACTOR,99
30711984,3,VEHICULAR FACTOR,99
30711984,2,VEHICULAR FACTOR,99
30711984,1,VEHICULAR FACTOR,99
30711978,1,VEHICULAR FACTOR,99
30709674,2,VEHICULAR FACTOR,99
30709674,1,VEHICULAR FACTOR,99
30706960,2,VEHICULAR FACTOR,99
30706960,1,VEHICULAR FACTOR,99
30702738,2,VEHICULAR FACTOR,99
30702738,1,VEHICULAR FACTOR,99
30702533,2,VEHICULAR FACTOR,99
30702533,1,VEHICULAR FACTOR,99
30701568,3,VEHICULAR FACTOR,99
30701568,2,VEHICULAR FACTOR,99
30701568,1,VEHICULAR FACTOR,99
30700783,3,VEHICULAR FACTOR,99
30700783,2,VEHICULAR FACTOR,99
30699509,4,VEHICULAR FACTOR,99
30699509,3,VEHICULAR FACTOR,99
30699496,4,VEHICULAR FACTOR,99
30699509,1,VEHICULAR FACTOR,99
30699496,3,VEHICULAR FACTOR,99
30699496,2,VEHICULAR FACTOR,99
30699496,1,VEHICULAR FACTOR,99
30699489,2,VEHICULAR FACTOR,99
30699489,1,VEHICULAR FACTOR,99
30697622,1,VEHICULAR FACTOR,99
30697204,2,VEHICULAR FACTOR,99
30694788,2,VEHICULAR FACTOR,99
30697204,1,VEHICULAR FACTOR,99
30694788,1,VEHICULAR FACTOR,99
30688848,1,VEHICULAR FACTOR,99
30688526,1,VEHICULAR FACTOR,99
30687917,2,VEHICULAR FACTOR,99
30687917,1,VEHICULAR FACTOR,99
30687238,3,VEHICULAR FACTOR,99
30687238,2,VEHICULAR FACTOR,99
30687238,1,VEHICULAR FACTOR,99
30686741,1,VEHICULAR FACTOR,99
30683778,2,VEHICULAR FACTOR,99
30683778,1,VEHICULAR FACTOR,99
30674493,2,VEHICULAR FACTOR,99
30674493,1,VEHICULAR FACTOR,99
30673322,2,VEHICULAR FACTOR,99
30673322,1,VEHICULAR FACTOR,99
30671169,2,VEHICULAR FACTOR,99
30671169,1,VEHICULAR FACTOR,99
30670366,2,VEHICULAR FACTOR,99
30344118,2,ENVIRON FACTOR,99
30344118,3,ENVIRON FACTOR,99
30347152,1,ENVIRON FACTOR,2
30347152,2,ENVIRON FACTOR,2
30349465,1,ENVIRON FACTOR,2
30349465,2,ENVIRON FACTOR,2
30352091,1,ENVIRON FACTOR,2
30352091,1,ENVIRON FACTOR,13
30355054,1,ENVIRON FACTOR,2
30418673,2,ENVIRON FACTOR,2
30419312,1,ENVIRON FACTOR,2
30419312,2,ENVIRON FACTOR,99
30421074,1,ENVIRON FACTOR,2
30421074,2,ENVIRON FACTOR,2
30421074,3,ENVIRON FACTOR,2
30421363,1,ENVIRON FACTOR,2
30421363,2,ENVIRON FACTOR,2
30421363,3,ENVIRON FACTOR,2
30431661,1,ENVIRON FACTOR,2
30432259,1,ENVIRON FACTOR,17
30432259,1,ENVIRON FACTOR,2
30432259,2,ENVIRON FACTOR,17
30432259,2,ENVIRON FACTOR,2
30432259,3,ENVIRON FACTOR,17
30432259,3,ENVIRON FACTOR,2
30432677,1,ENVIRON FACTOR,2
30435716,1,ENVIRON FACTOR,2
30443896,2,ENVIRON FACTOR,99
30443896,3,ENVIRON FACTOR,99
30443896,4,ENVIRON FACTOR,99
30445303,1,ENVIRON FACTOR,2
30445303,2,ENVIRON FACTOR,2
30447336,1,ENVIRON FACTOR,2
30447336,2,ENVIRON FACTOR,2
30447358,1,ENVIRON FACTOR,2
30448598,1,ENVIRON FACTOR,2
30448598,2,ENVIRON FACTOR,2
30451103,1,ENVIRON FACTOR,99
30451103,2,ENVIRON FACTOR,2
30458577,1,ENVIRON FACTOR,17
30458577,1,ENVIRON FACTOR,2
30458577,2,ENVIRON FACTOR,17
30458577,2,ENVIRON FACTOR,2
30458577,3,ENVIRON FACTOR,17
30458577,3,ENVIRON FACTOR,2
30461058,1,ENVIRON FACTOR,2
30461058,2,ENVIRON FACTOR,2
30470124,1,ENVIRON FACTOR,2
30470124,2,ENVIRON FACTOR,2
30471440,1,ENVIRON FACTOR,2
30471760,1,ENVIRON FACTOR,2
30476448,1,ENVIRON FACTOR,2
30476448,2,ENVIRON FACTOR,99
30476755,1,ENVIRON FACTOR,2
30476755,2,ENVIRON FACTOR,2
30478505,1,ENVIRON FACTOR,2
30478505,1,ENVIRON FACTOR,13
30485452,1,ENVIRON FACTOR,2
30485452,2,ENVIRON FACTOR,2
30486057,1,ENVIRON FACTOR,2
30486057,1,ENVIRON FACTOR,13
30486057,2,ENVIRON FACTOR,2
30487947,1,ENVIRON FACTOR,2
30487947,2,ENVIRON FACTOR,16
30488493,1,ENVIRON FACTOR,2
30488493,2,ENVIRON FACTOR,2
30492293,1,ENVIRON FACTOR,2
30494092,1,ENVIRON FACTOR,2
30494092,2,ENVIRON FACTOR,2
30494092,3,ENVIRON FACTOR,2
30498722,1,ENVIRON FACTOR,2
30534134,2,ENVIRON FACTOR,2
30534134,2,ENVIRON FACTOR,5
30536793,1,ENVIRON FACTOR,2
30536793,2,ENVIRON FACTOR,2
30538985,1,ENVIRON FACTOR,2
30538985,2,ENVIRON FACTOR,2
30540479,1,ENVIRON FACTOR,2
30540479,2,ENVIRON FACTOR,2
30543079,1,ENVIRON FACTOR,2
30543079,2,ENVIRON FACTOR,99
30550807,1,ENVIRON FACTOR,2
30550885,1,ENVIRON FACTOR,2
30550885,2,ENVIRON FACTOR,2
30550985,1,ENVIRON FACTOR,17
30550985,1,ENVIRON FACTOR,2
30550985,2,ENVIRON FACTOR,17
30550985,2,ENVIRON FACTOR,2
30551887,1,ENVIRON FACTOR,2
30551887,2,ENVIRON FACTOR,2
30552178,1,ENVIRON FACTOR,2
30552178,1,ENVIRON FACTOR,9
30552178,2,ENVIRON FACTOR,2
30552207,1,ENVIRON FACTOR,2
30552207,2,ENVIRON FACTOR,2
30556564,1,ENVIRON FACTOR,2
30556564,1,ENVIRON FACTOR,11
30556564,2,ENVIRON FACTOR,2
30556564,2,ENVIRON FACTOR,11
30562203,1,ENVIRON FACTOR,17
30562203,1,ENVIRON FACTOR,2
30562203,2,ENVIRON FACTOR,2
30567962,1,ENVIRON FACTOR,2
30567962,2,ENVIRON FACTOR,2
30571099,1,ENVIRON FACTOR,2
30571099,2,ENVIRON FACTOR,2
30573990,1,ENVIRON FACTOR,17
30573990,1,ENVIRON FACTOR,2
30573990,2,ENVIRON FACTOR,17
30573990,2,ENVIRON FACTOR,2
30574767,1,ENVIRON FACTOR,2
30574767,2,ENVIRON FACTOR,2
30581633,1,ENVIRON FACTOR,2
30581633,2,ENVIRON FACTOR,2
30582908,1,ENVIRON FACTOR,2
30582908,2,ENVIRON FACTOR,99
30584304,1,ENVIRON FACTOR,2
30584304,2,ENVIRON FACTOR,99
30586231,1,ENVIRON FACTOR,2
30670366,1,VEHICULAR FACTOR,99
30670034,2,VEHICULAR FACTOR,99
30670034,1,VEHICULAR FACTOR,99
30669319,3,VEHICULAR FACTOR,99
30669319,2,VEHICULAR FACTOR,99
30669319,1,VEHICULAR FACTOR,99
30669192,2,VEHICULAR FACTOR,99
30669192,1,VEHICULAR FACTOR,99
30669130,2,VEHICULAR FACTOR,99
30669130,1,VEHICULAR FACTOR,99
30654929,2,VEHICULAR FACTOR,99
30654929,1,VEHICULAR FACTOR,99
30653595,2,VEHICULAR FACTOR,99
30653595,1,VEHICULAR FACTOR,99
30650807,2,VEHICULAR FACTOR,99
30646008,2,VEHICULAR FACTOR,99
30650807,1,VEHICULAR FACTOR,99
30646008,1,VEHICULAR FACTOR,99
30645930,2,VEHICULAR FACTOR,99
30645930,1,VEHICULAR FACTOR,99
30645929,3,VEHICULAR FACTOR,99
30645929,2,VEHICULAR FACTOR,99
30645929,1,VEHICULAR FACTOR,99
30645928,2,VEHICULAR FACTOR,99
30645928,1,VEHICULAR FACTOR,99
30645927,2,VEHICULAR FACTOR,99
30645927,1,VEHICULAR FACTOR,99
30645675,1,VEHICULAR FACTOR,99
30641097,2,VEHICULAR FACTOR,99
30641097,1,VEHICULAR FACTOR,99
30640848,2,VEHICULAR FACTOR,99
30640848,1,VEHICULAR FACTOR,99
30638043,3,VEHICULAR FACTOR,99
30638043,2,VEHICULAR FACTOR,99
30638043,1,VEHICULAR FACTOR,99
30638042,3,VEHICULAR FACTOR,99
30638042,2,VEHICULAR FACTOR,99
30638042,1,VEHICULAR FACTOR,99
30632753,2,VEHICULAR FACTOR,99
30632753,1,VEHICULAR FACTOR,99
30627609,4,VEHICULAR FACTOR,99
30627609,3,VEHICULAR FACTOR,99
30627609,2,VEHICULAR FACTOR,99
30627609,1,VEHICULAR FACTOR,99
30627106,2,VEHICULAR FACTOR,99
30627106,1,VEHICULAR FACTOR,99
30622439,3,VEHICULAR FACTOR,99
30622439,2,VEHICULAR FACTOR,99
30622439,1,VEHICULAR FACTOR,99
30621223,2,VEHICULAR FACTOR,99
30621223,1,VEHICULAR FACTOR,99
30617041,2,VEHICULAR FACTOR,99
30620998,1,VEHICULAR FACTOR,99
30617041,1,VEHICULAR FACTOR,99
30613868,1,VEHICULAR FACTOR,99
30613868,2,VEHICULAR FACTOR,97
30613261,2,VEHICULAR FACTOR,99
30613261,1,VEHICULAR FACTOR,99
30612810,1,VEHICULAR FACTOR,99
30612771,2,VEHICULAR FACTOR,99
30612771,1,VEHICULAR FACTOR,99
30602508,2,VEHICULAR FACTOR,99
30602508,1,VEHICULAR FACTOR,99
30601011,1,VEHICULAR FACTOR,99
30591119,2,VEHICULAR FACTOR,99
30591119,1,VEHICULAR FACTOR,99
30589672,2,VEHICULAR FACTOR,99
30589672,1,VEHICULAR FACTOR,99
30587312,2,VEHICULAR FACTOR,99
30587312,1,VEHICULAR FACTOR,99
30586292,2,VEHICULAR FACTOR,99
30586292,1,VEHICULAR FACTOR,99
30586013,2,VEHICULAR FACTOR,99
30586013,1,VEHICULAR FACTOR,99
30582919,2,VEHICULAR FACTOR,99
30582919,1,VEHICULAR FACTOR,99
30582917,6,VEHICULAR FACTOR,99
30582917,5,VEHICULAR FACTOR,99
30582917,4,VEHICULAR FACTOR,99
30582917,3,VEHICULAR FACTOR,99
30582917,2,VEHICULAR FACTOR,99
30582909,2,VEHICULAR FACTOR,99
30582909,1,VEHICULAR FACTOR,99
30580871,2,VEHICULAR FACTOR,99
30580871,1,VEHICULAR FACTOR,99
30577665,2,VEHICULAR FACTOR,99
30577665,1,VEHICULAR FACTOR,99
30575383,2,VEHICULAR FACTOR,99
30575383,1,VEHICULAR FACTOR,99
30574768,2,VEHICULAR FACTOR,99
30571027,2,VEHICULAR FACTOR,99
30574768,1,VEHICULAR FACTOR,99
30571027,1,VEHICULAR FACTOR,99
30567775,2,VEHICULAR FACTOR,99
30567775,1,VEHICULAR FACTOR,99
30566932,2,VEHICULAR FACTOR,99
30566932,1,VEHICULAR FACTOR,99
30566569,2,VEHICULAR FACTOR,99
30566569,1,VEHICULAR FACTOR,99
30560914,1,VEHICULAR FACTOR,99
30551881,2,VEHICULAR FACTOR,99
30551881,1,VEHICULAR FACTOR,99
30550983,2,VEHICULAR FACTOR,99
30550983,1,VEHICULAR FACTOR,99
30549435,1,VEHICULAR FACTOR,99
30545594,2,VEHICULAR FACTOR,99
30545594,1,VEHICULAR FACTOR,99
30544474,2,VEHICULAR FACTOR,99
30544474,1,VEHICULAR FACTOR,99
30542775,2,VEHICULAR FACTOR,99
30541431,3,VEHICULAR FACTOR,99
30541431,2,VEHICULAR FACTOR,99
30541431,1,VEHICULAR FACTOR,1
30541430,2,VEHICULAR FACTOR,99
30541430,1,VEHICULAR FACTOR,99
30539402,1,VEHICULAR FACTOR,99
30536572,2,VEHICULAR FACTOR,99
30536572,1,VEHICULAR FACTOR,99
30534533,2,VEHICULAR FACTOR,99
30534533,1,VEHICULAR FACTOR,99
30534531,1,VEHICULAR FACTOR,99
30533793,2,VEHICULAR FACTOR,99
30527186,2,VEHICULAR FACTOR,99
30533793,1,VEHICULAR FACTOR,99
30527186,1,VEHICULAR FACTOR,99
30526462,2,VEHICULAR FACTOR,99
30526462,1,VEHICULAR FACTOR,99
30520867,2,VEHICULAR FACTOR,99
30520867,1,VEHICULAR FACTOR,99
30519641,2,VEHICULAR FACTOR,99
30519641,1,VEHICULAR FACTOR,99
30513005,3,VEHICULAR FACTOR,99
30513005,2,VEHICULAR FACTOR,99
30512991,2,VEHICULAR FACTOR,99
30513005,1,VEHICULAR FACTOR,99
30512991,1,VEHICULAR FACTOR,99
30509764,2,VEHICULAR FACTOR,99
30509764,1,VEHICULAR FACTOR,99
30507506,2,VEHICULAR FACTOR,99
30507506,1,VEHICULAR FACTOR,99
30507424,2,VEHICULAR FACTOR,99
30507424,1,VEHICULAR FACTOR,99
30507171,3,VEHICULAR FACTOR,99
30507171,2,VEHICULAR FACTOR,99
30507171,1,VEHICULAR FACTOR,99
30506701,1,VEHICULAR FACTOR,99
30504100,1,VEHICULAR FACTOR,99
30497003,2,VEHICULAR FACTOR,99
30497003,1,VEHICULAR FACTOR,99
30491617,2,VEHICULAR FACTOR,99
30491617,1,VEHICULAR FACTOR,99
30491616,2,VEHICULAR FACTOR,99
30491616,1,VEHICULAR FACTOR,99
30482368,1,VEHICULAR FACTOR,99
30480837,2,VEHICULAR FACTOR,99
30480837,1,VEHICULAR FACTOR,99
30478816,2,VEHICULAR FACTOR,99
30478816,1,VEHICULAR FACTOR,99
30478157,2,VEHICULAR FACTOR,99
30478157,1,VEHICULAR FACTOR,99
30468824,1,VEHICULAR FACTOR,99
30462131,2,VEHICULAR FACTOR,99
30461376,1,VEHICULAR FACTOR,99
30462131,1,VEHICULAR FACTOR,99
30457129,2,VEHICULAR FACTOR,99
30457129,1,VEHICULAR FACTOR,99
30453871,2,VEHICULAR FACTOR,99
30453871,1,VEHICULAR FACTOR,99
30452053,2,VEHICULAR FACTOR,99
30451943,2,VEHICULAR FACTOR,99
30451943,1,VEHICULAR FACTOR,99
30451483,3,VEHICULAR FACTOR,99
30451483,2,VEHICULAR FACTOR,99
30445301,2,VEHICULAR FACTOR,99
30451483,1,VEHICULAR FACTOR,99
30445301,1,VEHICULAR FACTOR,99
30445175,2,VEHICULAR FACTOR,99
30445175,1,VEHICULAR FACTOR,99
30443123,2,VEHICULAR FACTOR,99
30443123,1,VEHICULAR FACTOR,99
30443081,2,VEHICULAR FACTOR,99
30443081,1,VEHICULAR FACTOR,99
30442234,2,VEHICULAR FACTOR,99
30442234,1,VEHICULAR FACTOR,99
30431958,2,VEHICULAR FACTOR,99
30431958,1,VEHICULAR FACTOR,99
30431724,2,VEHICULAR FACTOR,99
30431724,1,VEHICULAR FACTOR,99
30430570,1,VEHICULAR FACTOR,99
30421610,2,VEHICULAR FACTOR,99
30421610,1,VEHICULAR FACTOR,99
30418546,2,VEHICULAR FACTOR,99
30418546,1,VEHICULAR FACTOR,11
30414506,2,VEHICULAR FACTOR,99
30414506,1,VEHICULAR FACTOR,99
30412479,2,VEHICULAR FACTOR,99
30412479,1,VEHICULAR FACTOR,99
30411641,7,VEHICULAR FACTOR,99
30411641,6,VEHICULAR FACTOR,99
30411641,5,VEHICULAR FACTOR,99
30411641,4,VEHICULAR FACTOR,99
30411641,3,VEHICULAR FACTOR,99
30411641,2,VEHICULAR FACTOR,99
30411641,1,VEHICULAR FACTOR,99
30411426,2,VEHICULAR FACTOR,99
30411426,1,VEHICULAR FACTOR,99
30411060,1,VEHICULAR FACTOR,99
30409364,3,VEHICULAR FACTOR,99
30409364,2,VEHICULAR FACTOR,99
30409364,1,VEHICULAR FACTOR,99
30408269,2,VEHICULAR FACTOR,99
30408269,1,VEHICULAR FACTOR,99
30408222,2,VEHICULAR FACTOR,99
30408222,1,VEHICULAR FACTOR,99
30407436,1,VEHICULAR FACTOR,3
30375903,2,VEHICULAR FACTOR,99
30375903,1,VEHICULAR FACTOR,99
30371401,2,VEHICULAR FACTOR,99
30371401,1,VEHICULAR FACTOR,99
30371400,2,VEHICULAR FACTOR,99
30370434,2,VEHICULAR FACTOR,99
30371400,1,VEHICULAR FACTOR,99
30370434,1,VEHICULAR FACTOR,99
30358819,2,VEHICULAR FACTOR,99
30586231,2,ENVIRON FACTOR,2
30586231,3,ENVIRON FACTOR,2
30586231,4,ENVIRON FACTOR,2
30589903,1,ENVIRON FACTOR,2
30589903,2,ENVIRON FACTOR,2
30591147,1,ENVIRON FACTOR,2
30591147,2,ENVIRON FACTOR,2
30591739,1,ENVIRON FACTOR,2
30591739,2,ENVIRON FACTOR,99
30594564,1,ENVIRON FACTOR,2
30594564,2,ENVIRON FACTOR,2
30595735,1,ENVIRON FACTOR,99
30595735,2,ENVIRON FACTOR,17
30595735,2,ENVIRON FACTOR,2
30596869,1,ENVIRON FACTOR,2
30598263,1,ENVIRON FACTOR,2
30598263,2,ENVIRON FACTOR,2
30599055,1,ENVIRON FACTOR,2
30599055,2,ENVIRON FACTOR,2
30600831,1,ENVIRON FACTOR,2
30600831,2,ENVIRON FACTOR,99
30605330,1,ENVIRON FACTOR,2
30605330,2,ENVIRON FACTOR,2
30605330,3,ENVIRON FACTOR,2
30605330,4,ENVIRON FACTOR,2
30605735,1,ENVIRON FACTOR,2
30605735,2,ENVIRON FACTOR,2
30607499,1,ENVIRON FACTOR,2
30611132,1,ENVIRON FACTOR,2
30611132,2,ENVIRON FACTOR,99
30612654,1,ENVIRON FACTOR,2
30612654,2,ENVIRON FACTOR,99
30612761,1,ENVIRON FACTOR,2
30612761,2,ENVIRON FACTOR,2
30612807,1,ENVIRON FACTOR,2
30612807,2,ENVIRON FACTOR,99
30613746,1,ENVIRON FACTOR,2
30616237,1,ENVIRON FACTOR,17
30616237,1,ENVIRON FACTOR,2
30672321,2,ENVIRON FACTOR,99
30682138,1,ENVIRON FACTOR,2
30684391,1,ENVIRON FACTOR,2
30684391,2,ENVIRON FACTOR,2
30684391,3,ENVIRON FACTOR,2
30689907,1,ENVIRON FACTOR,2
30696678,1,ENVIRON FACTOR,2
30696678,2,ENVIRON FACTOR,99
30697582,1,ENVIRON FACTOR,2
30697582,2,ENVIRON FACTOR,99
30698823,1,ENVIRON FACTOR,2
30698823,2,ENVIRON FACTOR,2
30698935,1,ENVIRON FACTOR,2
30698935,2,ENVIRON FACTOR,16
30699488,1,ENVIRON FACTOR,2
30699488,2,ENVIRON FACTOR,2
30699491,1,ENVIRON FACTOR,2
30699491,2,ENVIRON FACTOR,2
30699497,1,ENVIRON FACTOR,2
30699497,2,ENVIRON FACTOR,2
30702090,1,ENVIRON FACTOR,2
30702090,2,ENVIRON FACTOR,2
30702239,1,ENVIRON FACTOR,2
30702239,2,ENVIRON FACTOR,2
30703899,1,ENVIRON FACTOR,2
30703899,2,ENVIRON FACTOR,16
30706762,1,ENVIRON FACTOR,2
30706762,2,ENVIRON FACTOR,99
30710934,1,ENVIRON FACTOR,2
30710934,2,ENVIRON FACTOR,99
30712291,1,ENVIRON FACTOR,2
30712291,2,ENVIRON FACTOR,2
30712921,1,ENVIRON FACTOR,2
30712921,2,ENVIRON FACTOR,2
30716707,1,ENVIRON FACTOR,2
30726171,1,ENVIRON FACTOR,2
30726171,2,ENVIRON FACTOR,2
30726401,1,ENVIRON FACTOR,17
30726401,1,ENVIRON FACTOR,2
30726401,2,ENVIRON FACTOR,17
30726401,2,ENVIRON FACTOR,2
30726401,3,ENVIRON FACTOR,17
30726401,3,ENVIRON FACTOR,2
30726476,1,ENVIRON FACTOR,2
30726476,2,ENVIRON FACTOR,2
30732276,1,ENVIRON FACTOR,2
30732276,2,ENVIRON FACTOR,99
30733349,1,ENVIRON FACTOR,2
30733349,2,ENVIRON FACTOR,2
30734207,1,ENVIRON FACTOR,2
30734207,2,ENVIRON FACTOR,99
30734266,1,ENVIRON FACTOR,2
30734266,1,ENVIRON FACTOR,9
30734266,2,ENVIRON FACTOR,2
30734266,2,ENVIRON FACTOR,9
30736251,1,ENVIRON FACTOR,2
30736251,2,ENVIRON FACTOR,2
30743157,1,ENVIRON FACTOR,2
30743157,2,ENVIRON FACTOR,2
30749781,1,ENVIRON FACTOR,2
30749781,2,ENVIRON FACTOR,2
30750603,1,ENVIRON FACTOR,2
30750603,2,ENVIRON FACTOR,2
30750603,3,ENVIRON FACTOR,2
30755804,1,ENVIRON FACTOR,17
30755804,1,ENVIRON FACTOR,2
30755804,2,ENVIRON FACTOR,17
30755804,2,ENVIRON FACTOR,2
30755804,3,ENVIRON FACTOR,17
30755804,3,ENVIRON FACTOR,2
30756099,1,ENVIRON FACTOR,2
30759034,1,ENVIRON FACTOR,2
30759034,2,ENVIRON FACTOR,2
30761452,1,ENVIRON FACTOR,2
30761452,2,ENVIRON FACTOR,2
30762381,1,ENVIRON FACTOR,2
30762381,2,ENVIRON FACTOR,2
30763283,1,ENVIRON FACTOR,2
30769242,1,ENVIRON FACTOR,2
30769978,1,ENVIRON FACTOR,2
30358819,1,VEHICULAR FACTOR,99
30358511,2,VEHICULAR FACTOR,99
30358511,1,VEHICULAR FACTOR,99
30355792,2,VEHICULAR FACTOR,99
30355792,1,VEHICULAR FACTOR,99
30355502,1,VEHICULAR FACTOR,99
30352284,2,VEHICULAR FACTOR,99
30352284,1,VEHICULAR FACTOR,99
30349318,2,VEHICULAR FACTOR,99
30349318,1,VEHICULAR FACTOR,99
30347423,1,VEHICULAR FACTOR,99
30344419,1,VEHICULAR FACTOR,99
30337858,2,VEHICULAR FACTOR,99
30337858,1,VEHICULAR FACTOR,99
30333862,2,VEHICULAR FACTOR,99
30333729,2,VEHICULAR FACTOR,99
30333862,1,VEHICULAR FACTOR,99
30333729,1,VEHICULAR FACTOR,99
30329245,2,VEHICULAR FACTOR,99
30329245,1,VEHICULAR FACTOR,99
30327251,2,VEHICULAR FACTOR,99
30327251,1,VEHICULAR FACTOR,99
30322406,2,VEHICULAR FACTOR,99
30322406,1,VEHICULAR FACTOR,99
30319010,2,VEHICULAR FACTOR,99
30319010,1,VEHICULAR FACTOR,99
30315144,2,VEHICULAR FACTOR,99
30315144,1,VEHICULAR FACTOR,99
30315050,4,VEHICULAR FACTOR,99
30315050,3,VEHICULAR FACTOR,99
30315050,2,VEHICULAR FACTOR,99
30314857,1,VEHICULAR FACTOR,99
30315050,1,VEHICULAR FACTOR,97
30311293,1,VEHICULAR FACTOR,99
30310749,2,VEHICULAR FACTOR,99
30310749,1,VEHICULAR FACTOR,99
30305089,2,VEHICULAR FACTOR,99
30305089,1,VEHICULAR FACTOR,99
30292262,1,VEHICULAR FACTOR,99
30289650,2,VEHICULAR FACTOR,99
30289650,1,VEHICULAR FACTOR,99
30289648,1,VEHICULAR FACTOR,99
30288029,2,VEHICULAR FACTOR,99
30288029,1,VEHICULAR FACTOR,99
30288028,3,VEHICULAR FACTOR,99
30288028,2,VEHICULAR FACTOR,99
30288028,1,VEHICULAR FACTOR,99
30287390,2,VEHICULAR FACTOR,99
30287390,1,VEHICULAR FACTOR,99
30284930,2,VEHICULAR FACTOR,99
30284930,1,VEHICULAR FACTOR,1
30279079,2,VEHICULAR FACTOR,99
30279079,1,VEHICULAR FACTOR,99
30279038,2,VEHICULAR FACTOR,99
30279038,1,VEHICULAR FACTOR,99
30275773,2,VEHICULAR FACTOR,99
30273431,2,VEHICULAR FACTOR,99
30275773,1,VEHICULAR FACTOR,99
30273431,1,VEHICULAR FACTOR,99
33269749,2,VEHICULAR FACTOR,99
30268334,2,VEHICULAR FACTOR,99
33269749,1,VEHICULAR FACTOR,99
31666735,1,VEHICULAR FACTOR,99
31538417,2,VEHICULAR FACTOR,97
31538417,1,VEHICULAR FACTOR,99
31311699,2,VEHICULAR FACTOR,99
31311699,1,VEHICULAR FACTOR,99
30965865,2,VEHICULAR FACTOR,99
30965865,1,VEHICULAR FACTOR,99
30964992,2,VEHICULAR FACTOR,99
30964992,1,VEHICULAR FACTOR,99
30960089,3,VEHICULAR FACTOR,99
30960089,2,VEHICULAR FACTOR,99
30960089,1,VEHICULAR FACTOR,99
30959873,2,VEHICULAR FACTOR,99
30959873,1,VEHICULAR FACTOR,99
30956301,2,VEHICULAR FACTOR,99
30956301,1,VEHICULAR FACTOR,99
30951006,2,VEHICULAR FACTOR,99
30951006,1,VEHICULAR FACTOR,99
30942094,2,VEHICULAR FACTOR,99
30942094,1,VEHICULAR FACTOR,99
30942093,1,VEHICULAR FACTOR,99
30911570,2,VEHICULAR FACTOR,99
30911570,1,VEHICULAR FACTOR,99
30910220,2,VEHICULAR FACTOR,99
30910220,1,VEHICULAR FACTOR,99
30904922,4,VEHICULAR FACTOR,99
30904922,3,VEHICULAR FACTOR,99
30904922,2,VEHICULAR FACTOR,99
30904922,1,VEHICULAR FACTOR,99
30892927,1,VEHICULAR FACTOR,99
30885802,3,VEHICULAR FACTOR,99
30885802,2,VEHICULAR FACTOR,99
30885802,1,VEHICULAR FACTOR,99
30875659,2,VEHICULAR FACTOR,99
30875659,1,VEHICULAR FACTOR,99
30872584,2,VEHICULAR FACTOR,99
30872584,1,VEHICULAR FACTOR,99
30864495,2,VEHICULAR FACTOR,99
30864495,1,VEHICULAR FACTOR,99
30862561,2,VEHICULAR FACTOR,99
30862561,1,VEHICULAR FACTOR,99
30854723,1,VEHICULAR FACTOR,99
30841159,2,VEHICULAR FACTOR,99
30841159,1,VEHICULAR FACTOR,99
30837611,2,VEHICULAR FACTOR,99
30837611,1,VEHICULAR FACTOR,99
30832953,2,VEHICULAR FACTOR,99
30832953,1,VEHICULAR FACTOR,99
30827482,2,VEHICULAR FACTOR,99
30827482,1,VEHICULAR FACTOR,99
30824245,2,VEHICULAR FACTOR,99
30824245,1,VEHICULAR FACTOR,99
30823657,2,VEHICULAR FACTOR,99
30823657,1,VEHICULAR FACTOR,99
30814134,2,VEHICULAR FACTOR,99
30814134,1,VEHICULAR FACTOR,99
30814068,2,VEHICULAR FACTOR,99
30814068,1,VEHICULAR FACTOR,99
30813681,2,VEHICULAR FACTOR,99
30813681,1,VEHICULAR FACTOR,99
30813357,1,VEHICULAR FACTOR,99
30813355,1,VEHICULAR FACTOR,99
30813352,2,VEHICULAR FACTOR,99
30811405,2,VEHICULAR FACTOR,99
30813352,1,VEHICULAR FACTOR,99
30811405,1,VEHICULAR FACTOR,99
30809857,2,VEHICULAR FACTOR,99
30809857,1,VEHICULAR FACTOR,99
30807943,2,VEHICULAR FACTOR,99
30807943,1,VEHICULAR FACTOR,99
30806530,1,VEHICULAR FACTOR,99
30804919,2,VEHICULAR FACTOR,99
30804919,1,VEHICULAR FACTOR,99
30803907,2,VEHICULAR FACTOR,99
30803907,1,VEHICULAR FACTOR,99
30800368,2,VEHICULAR FACTOR,99
30800368,1,VEHICULAR FACTOR,99
30799726,2,VEHICULAR FACTOR,99
30799726,1,VEHICULAR FACTOR,99
30796579,2,VEHICULAR FACTOR,99
30796579,1,VEHICULAR FACTOR,99
30794971,2,VEHICULAR FACTOR,99
30794971,1,VEHICULAR FACTOR,99
30794090,2,VEHICULAR FACTOR,99
30794090,1,VEHICULAR FACTOR,99
30789728,2,VEHICULAR FACTOR,99
30784737,1,VEHICULAR FACTOR,99
30774993,2,VEHICULAR FACTOR,99
30774730,2,VEHICULAR FACTOR,99
30774993,1,VEHICULAR FACTOR,99
30774696,1,VEHICULAR FACTOR,8
30771896,2,VEHICULAR FACTOR,99
30771896,1,VEHICULAR FACTOR,99
30769242,1,VEHICULAR FACTOR,99
30769978,1,VEHICULAR FACTOR,99
30763283,1,VEHICULAR FACTOR,99
30762381,2,VEHICULAR FACTOR,99
30762381,1,VEHICULAR FACTOR,99
30761452,2,VEHICULAR FACTOR,99
30761452,1,VEHICULAR FACTOR,99
30759034,2,VEHICULAR FACTOR,99
30759034,1,VEHICULAR FACTOR,99
30756099,1,VEHICULAR FACTOR,99
30755804,3,VEHICULAR FACTOR,99
30755804,2,VEHICULAR FACTOR,99
30755804,1,VEHICULAR FACTOR,99
30750603,3,VEHICULAR FACTOR,99
30750603,2,VEHICULAR FACTOR,99
30750603,1,VEHICULAR FACTOR,99
30749781,2,VEHICULAR FACTOR,99
30749781,1,VEHICULAR FACTOR,99
30743157,2,VEHICULAR FACTOR,99
30743157,1,VEHICULAR FACTOR,99
30736251,2,VEHICULAR FACTOR,99
30736251,1,VEHICULAR FACTOR,99
30734266,2,VEHICULAR FACTOR,99
30734266,1,VEHICULAR FACTOR,99
30734207,2,VEHICULAR FACTOR,99
30734207,1,VEHICULAR FACTOR,99
30733349,2,VEHICULAR FACTOR,99
30733349,1,VEHICULAR FACTOR,99
30732276,2,VEHICULAR FACTOR,99
30732276,1,VEHICULAR FACTOR,99
30726476,2,VEHICULAR FACTOR,99
30726476,1,VEHICULAR FACTOR,99
30726401,3,VEHICULAR FACTOR,99
30726401,2,VEHICULAR FACTOR,99
30726401,1,VEHICULAR FACTOR,99
30726171,2,VEHICULAR FACTOR,99
30726171,1,VEHICULAR FACTOR,99
30716707,1,VEHICULAR FACTOR,99
30712921,2,VEHICULAR FACTOR,99
30712921,1,VEHICULAR FACTOR,99
30712291,2,VEHICULAR FACTOR,99
30712291,1,VEHICULAR FACTOR,99
30710934,2,VEHICULAR FACTOR,99
30710934,1,VEHICULAR FACTOR,99
30706762,2,VEHICULAR FACTOR,99
30706762,1,VEHICULAR FACTOR,99
30703899,2,VEHICULAR FACTOR,99
30703899,1,VEHICULAR FACTOR,99
30702239,2,VEHICULAR FACTOR,99
30702239,1,VEHICULAR FACTOR,99
30702090,2,VEHICULAR FACTOR,99
30702090,1,VEHICULAR FACTOR,99
30699497,2,VEHICULAR FACTOR,99
30699497,1,VEHICULAR FACTOR,1
30699491,2,VEHICULAR FACTOR,99
30699491,1,VEHICULAR FACTOR,99
30699488,2,VEHICULAR FACTOR,99
30699488,1,VEHICULAR FACTOR,99
30698935,2,VEHICULAR FACTOR,99
30698935,1,VEHICULAR FACTOR,99
30698823,2,VEHICULAR FACTOR,99
30697582,2,VEHICULAR FACTOR,99
30698823,1,VEHICULAR FACTOR,99
30697582,1,VEHICULAR FACTOR,99
30696678,2,VEHICULAR FACTOR,99
30696678,1,VEHICULAR FACTOR,99
30689907,1,VEHICULAR FACTOR,99
30684391,3,VEHICULAR FACTOR,99
30684391,2,VEHICULAR FACTOR,99
30684391,1,VEHICULAR FACTOR,99
30682138,1,VEHICULAR FACTOR,99
30672321,2,VEHICULAR FACTOR,99
30672321,1,VEHICULAR FACTOR,99
30670778,1,VEHICULAR FACTOR,99
30669329,3,VEHICULAR FACTOR,99
30669329,2,VEHICULAR FACTOR,99
30669189,3,VEHICULAR FACTOR,99
30669329,1,VEHICULAR FACTOR,97
30669189,2,VEHICULAR FACTOR,99
30669189,1,VEHICULAR FACTOR,99
30666058,2,VEHICULAR FACTOR,99
30666058,1,VEHICULAR FACTOR,99
30666057,3,VEHICULAR FACTOR,99
30666057,2,VEHICULAR FACTOR,99
30666057,1,VEHICULAR FACTOR,99
30665125,2,VEHICULAR FACTOR,99
30665125,1,VEHICULAR FACTOR,99
30659647,2,VEHICULAR FACTOR,99
30659145,2,VEHICULAR FACTOR,99
30659145,1,VEHICULAR FACTOR,99
30657835,1,VEHICULAR FACTOR,99
30654691,1,VEHICULAR FACTOR,99
30652907,2,VEHICULAR FACTOR,99
30652907,1,VEHICULAR FACTOR,99
30652468,2,VEHICULAR FACTOR,99
30652468,1,VEHICULAR FACTOR,99
30651323,2,VEHICULAR FACTOR,99
30651323,1,VEHICULAR FACTOR,99
30650180,3,VEHICULAR FACTOR,99
30650180,2,VEHICULAR FACTOR,99
30650180,1,VEHICULAR FACTOR,99
30650142,2,VEHICULAR FACTOR,99
30650142,1,VEHICULAR FACTOR,99
30646843,2,VEHICULAR FACTOR,99
30646843,1,VEHICULAR FACTOR,99
30646800,3,VEHICULAR FACTOR,99
30646800,2,VEHICULAR FACTOR,99
30646800,1,VEHICULAR FACTOR,99
30646107,2,VEHICULAR FACTOR,99
30646107,1,VEHICULAR FACTOR,99
30642719,2,VEHICULAR FACTOR,99
30642719,1,VEHICULAR FACTOR,99
30641063,2,VEHICULAR FACTOR,99
30641063,1,VEHICULAR FACTOR,99
30640873,1,VEHICULAR FACTOR,99
30632743,2,VEHICULAR FACTOR,99
30632743,1,VEHICULAR FACTOR,99
30625839,3,VEHICULAR FACTOR,99
30625839,2,VEHICULAR FACTOR,99
30625839,1,VEHICULAR FACTOR,99
30624807,2,VEHICULAR FACTOR,99
30624807,1,VEHICULAR FACTOR,99
30621121,1,VEHICULAR FACTOR,99
30618547,2,VEHICULAR FACTOR,99
30618547,1,VEHICULAR FACTOR,99
30617162,1,VEHICULAR FACTOR,99
30616574,2,VEHICULAR FACTOR,99
30616574,1,VEHICULAR FACTOR,99
30616237,2,VEHICULAR FACTOR,99
30616237,1,VEHICULAR FACTOR,99
30613746,1,VEHICULAR FACTOR,99
30612807,2,VEHICULAR FACTOR,99
30612807,1,VEHICULAR FACTOR,99
30612761,2,VEHICULAR FACTOR,99
30612761,1,VEHICULAR FACTOR,99
30612654,2,VEHICULAR FACTOR,99
30612654,1,VEHICULAR FACTOR,99
30611132,2,VEHICULAR FACTOR,99
30611132,1,VEHICULAR FACTOR,99
30607499,1,VEHICULAR FACTOR,99
30605735,2,VEHICULAR FACTOR,99
30605735,1,VEHICULAR FACTOR,97
30605330,4,VEHICULAR FACTOR,99
30605330,3,VEHICULAR FACTOR,99
30605330,2,VEHICULAR FACTOR,99
30605330,1,VEHICULAR FACTOR,99
30600831,2,VEHICULAR FACTOR,99
30600831,1,VEHICULAR FACTOR,99
30599055,2,VEHICULAR FACTOR,99
30599055,1,VEHICULAR FACTOR,99
30598263,2,VEHICULAR FACTOR,99
30598263,1,VEHICULAR FACTOR,99
30596869,1,VEHICULAR FACTOR,99
30595735,2,VEHICULAR FACTOR,99
30595735,1,VEHICULAR FACTOR,99
30594564,2,VEHICULAR FACTOR,99
30591739,2,VEHICULAR FACTOR,99
30594564,1,VEHICULAR FACTOR,99
30591739,1,VEHICULAR FACTOR,99
30591147,2,VEHICULAR FACTOR,99
30591147,1,VEHICULAR FACTOR,99
30589903,2,VEHICULAR FACTOR,99
30589903,1,VEHICULAR FACTOR,99
30586231,4,VEHICULAR FACTOR,99
30586231,3,VEHICULAR FACTOR,99
30586231,2,VEHICULAR FACTOR,99
30586231,1,VEHICULAR FACTOR,99
30582908,2,VEHICULAR FACTOR,99
30584304,2,VEHICULAR FACTOR,99
30582908,1,VEHICULAR FACTOR,99
30581633,2,VEHICULAR FACTOR,99
30581633,1,VEHICULAR FACTOR,99
30574767,2,VEHICULAR FACTOR,99
30574767,1,VEHICULAR FACTOR,99
30573990,2,VEHICULAR FACTOR,99
30573990,1,VEHICULAR FACTOR,99
30571099,2,VEHICULAR FACTOR,99
30571099,1,VEHICULAR FACTOR,99
30567962,2,VEHICULAR FACTOR,99
30567962,1,VEHICULAR FACTOR,99
30562203,2,VEHICULAR FACTOR,99
30562203,1,VEHICULAR FACTOR,99
30556564,2,VEHICULAR FACTOR,99
30556564,1,VEHICULAR FACTOR,99
30552207,2,VEHICULAR FACTOR,99
30552207,1,VEHICULAR FACTOR,99
30552178,2,VEHICULAR FACTOR,99
30552178,1,VEHICULAR FACTOR,99
30551887,2,VEHICULAR FACTOR,99
30551887,1,VEHICULAR FACTOR,99
30550985,2,VEHICULAR FACTOR,99
30550985,1,VEHICULAR FACTOR,99
30550885,2,VEHICULAR FACTOR,99
30550885,1,VEHICULAR FACTOR,99
30550807,1,VEHICULAR FACTOR,99
30543079,2,VEHICULAR FACTOR,99
30543079,1,VEHICULAR FACTOR,99
30540479,2,VEHICULAR FACTOR,99
30540479,1,VEHICULAR FACTOR,99
30538985,2,VEHICULAR FACTOR,99
30538985,1,VEHICULAR FACTOR,99
30536793,2,VEHICULAR FACTOR,99
30536793,1,VEHICULAR FACTOR,99
30534134,2,VEHICULAR FACTOR,4
30533673,1,VEHICULAR FACTOR,99
30534134,1,VEHICULAR FACTOR,99
30531614,2,VEHICULAR FACTOR,99
30531614,1,VEHICULAR FACTOR,99
30530488,2,VEHICULAR FACTOR,99
30530488,1,VEHICULAR FACTOR,99
30527821,3,VEHICULAR FACTOR,99
30527821,2,VEHICULAR FACTOR,99
30527821,1,VEHICULAR FACTOR,99
30527458,2,VEHICULAR FACTOR,99
30527458,1,VEHICULAR FACTOR,99
30514023,1,VEHICULAR FACTOR,99
30513408,3,VEHICULAR FACTOR,99
30513408,2,VEHICULAR FACTOR,99
30513408,1,VEHICULAR FACTOR,99
30513076,1,VEHICULAR FACTOR,8
30507509,2,VEHICULAR FACTOR,99
30507509,1,VEHICULAR FACTOR,99
30498722,2,VEHICULAR FACTOR,99
30498722,1,VEHICULAR FACTOR,99
30494092,3,VEHICULAR FACTOR,99
30494092,2,VEHICULAR FACTOR,99
30494092,1,VEHICULAR FACTOR,99
30492293,1,VEHICULAR FACTOR,99
30488493,2,VEHICULAR FACTOR,99
30488493,1,VEHICULAR FACTOR,99
30487947,2,VEHICULAR FACTOR,99
30487947,1,VEHICULAR FACTOR,99
30486057,2,VEHICULAR FACTOR,99
30486057,1,VEHICULAR FACTOR,99
30485452,2,VEHICULAR FACTOR,99
30478505,1,VEHICULAR FACTOR,99
30485452,1,VEHICULAR FACTOR,99
30476755,2,VEHICULAR FACTOR,99
30476755,1,VEHICULAR FACTOR,99
30476448,2,VEHICULAR FACTOR,99
30476448,1,VEHICULAR FACTOR,99
30471760,1,VEHICULAR FACTOR,99
30471440,1,VEHICULAR FACTOR,99
30470124,2,VEHICULAR FACTOR,99
30470124,1,VEHICULAR FACTOR,99
30461058,2,VEHICULAR FACTOR,99
30461058,1,VEHICULAR FACTOR,99
30458577,3,VEHICULAR FACTOR,99
30458577,2,VEHICULAR FACTOR,99
30458577,1,VEHICULAR FACTOR,99
30451103,2,VEHICULAR FACTOR,99
30451103,1,VEHICULAR FACTOR,99
30448598,2,VEHICULAR FACTOR,99
30448598,1,VEHICULAR FACTOR,99
30447358,1,VEHICULAR FACTOR,8
30447336,2,VEHICULAR FACTOR,99
30447336,1,VEHICULAR FACTOR,99
30445303,2,VEHICULAR FACTOR,99
30445303,1,VEHICULAR FACTOR,99
30443896,4,VEHICULAR FACTOR,99
30443896,3,VEHICULAR FACTOR,99
30443896,2,VEHICULAR FACTOR,99
30442010,2,VEHICULAR FACTOR,99
30443896,1,VEHICULAR FACTOR,99
30442010,1,VEHICULAR FACTOR,99
30440532,2,VEHICULAR FACTOR,99
30440532,1,VEHICULAR FACTOR,99
30432677,1,VEHICULAR FACTOR,99
30435716,1,VEHICULAR FACTOR,99
30432259,3,VEHICULAR FACTOR,99
30432259,2,VEHICULAR FACTOR,99
30432259,1,VEHICULAR FACTOR,99
30431661,1,VEHICULAR FACTOR,99
30421363,3,VEHICULAR FACTOR,99
30421363,2,VEHICULAR FACTOR,99
30421363,1,VEHICULAR FACTOR,99
30421074,3,VEHICULAR FACTOR,99
30421074,2,VEHICULAR FACTOR,99
30421074,1,VEHICULAR FACTOR,99
30419312,2,VEHICULAR FACTOR,99
30419312,1,VEHICULAR FACTOR,99
30418673,2,VEHICULAR FACTOR,99
30418087,3,VEHICULAR FACTOR,99
30418673,1,VEHICULAR FACTOR,99
30418087,2,VEHICULAR FACTOR,99
30418087,1,VEHICULAR FACTOR,99
30417273,2,VEHICULAR FACTOR,99
30417273,1,VEHICULAR FACTOR,99
30417008,2,VEHICULAR FACTOR,99
30417008,1,VEHICULAR FACTOR,99
30411066,2,VEHICULAR FACTOR,99
30411066,1,VEHICULAR FACTOR,99
30409668,3,VEHICULAR FACTOR,99
30771896,1,ENVIRON FACTOR,2
30771896,2,ENVIRON FACTOR,99
30774696,1,ENVIRON FACTOR,2
30774730,2,ENVIRON FACTOR,2
30774993,1,ENVIRON FACTOR,2
30774993,2,ENVIRON FACTOR,2
30784737,1,ENVIRON FACTOR,2
30789728,1,ENVIRON FACTOR,2
30789728,2,ENVIRON FACTOR,2
30794090,1,ENVIRON FACTOR,2
30794090,2,ENVIRON FACTOR,99
30794971,1,ENVIRON FACTOR,2
30794971,2,ENVIRON FACTOR,2
30796579,1,ENVIRON FACTOR,2
30796579,2,ENVIRON FACTOR,2
30799726,1,ENVIRON FACTOR,2
30799726,2,ENVIRON FACTOR,99
30800368,1,ENVIRON FACTOR,2
30800368,2,ENVIRON FACTOR,99
30803907,1,ENVIRON FACTOR,2
30803907,1,ENVIRON FACTOR,9
30803907,2,ENVIRON FACTOR,2
30803907,2,ENVIRON FACTOR,16
30804919,1,ENVIRON FACTOR,2
30804919,2,ENVIRON FACTOR,99
30806530,1,ENVIRON FACTOR,2
30807943,1,ENVIRON FACTOR,2
30807943,1,ENVIRON FACTOR,13
30807943,2,ENVIRON FACTOR,2
30807943,2,ENVIRON FACTOR,13
30809857,1,ENVIRON FACTOR,2
30809857,1,ENVIRON FACTOR,11
30809857,2,ENVIRON FACTOR,99
30811405,1,ENVIRON FACTOR,2
30811405,1,ENVIRON FACTOR,9
30811405,2,ENVIRON FACTOR,2
30813352,1,ENVIRON FACTOR,2
30813352,1,ENVIRON FACTOR,13
30813352,2,ENVIRON FACTOR,2
30813352,2,ENVIRON FACTOR,97
30813355,1,ENVIRON FACTOR,2
30813355,1,ENVIRON FACTOR,13
30813357,1,ENVIRON FACTOR,2
30813357,1,ENVIRON FACTOR,13
30813681,1,ENVIRON FACTOR,2
30813681,2,ENVIRON FACTOR,2
30814068,1,ENVIRON FACTOR,2
30814068,2,ENVIRON FACTOR,2
30814134,1,ENVIRON FACTOR,2
30814134,1,ENVIRON FACTOR,9
30814134,2,ENVIRON FACTOR,2
30823657,1,ENVIRON FACTOR,17
30823657,1,ENVIRON FACTOR,2
30823657,2,ENVIRON FACTOR,99
30824245,1,ENVIRON FACTOR,99
30824245,2,ENVIRON FACTOR,2
30827482,1,ENVIRON FACTOR,2
30827482,2,ENVIRON FACTOR,2
30832953,1,ENVIRON FACTOR,2
30832953,1,ENVIRON FACTOR,12
30832953,2,ENVIRON FACTOR,2
30832953,2,ENVIRON FACTOR,12
30837611,1,ENVIRON FACTOR,2
30837611,2,ENVIRON FACTOR,2
30841159,1,ENVIRON FACTOR,2
30841159,2,ENVIRON FACTOR,2
30854723,1,ENVIRON FACTOR,2
30862561,1,ENVIRON FACTOR,2
30862561,1,ENVIRON FACTOR,11
30862561,2,ENVIRON FACTOR,2
30864495,1,ENVIRON FACTOR,2
30616237,2,ENVIRON FACTOR,2
30616574,1,ENVIRON FACTOR,2
30616574,2,ENVIRON FACTOR,2
30617162,1,ENVIRON FACTOR,2
30618547,1,ENVIRON FACTOR,2
30618547,2,ENVIRON FACTOR,2
30621121,1,ENVIRON FACTOR,2
30624807,1,ENVIRON FACTOR,2
30624807,2,ENVIRON FACTOR,2
30625839,1,ENVIRON FACTOR,17
30625839,1,ENVIRON FACTOR,2
30625839,2,ENVIRON FACTOR,17
30625839,2,ENVIRON FACTOR,2
30625839,3,ENVIRON FACTOR,17
30625839,3,ENVIRON FACTOR,2
30632743,1,ENVIRON FACTOR,2
30632743,2,ENVIRON FACTOR,2
30640873,1,ENVIRON FACTOR,2
30640873,1,ENVIRON FACTOR,3
30641063,1,ENVIRON FACTOR,17
30641063,1,ENVIRON FACTOR,2
30641063,2,ENVIRON FACTOR,17
30641063,2,ENVIRON FACTOR,2
30641063,3,ENVIRON FACTOR,17
30641063,3,ENVIRON FACTOR,2
30642719,1,ENVIRON FACTOR,99
30642719,2,ENVIRON FACTOR,2
30646107,1,ENVIRON FACTOR,2
30646107,2,ENVIRON FACTOR,2
30646800,1,ENVIRON FACTOR,2
30646800,2,ENVIRON FACTOR,2
30646800,3,ENVIRON FACTOR,2
30646843,1,ENVIRON FACTOR,2
30646843,2,ENVIRON FACTOR,2
30650142,1,ENVIRON FACTOR,2
30650142,2,ENVIRON FACTOR,2
30650180,1,ENVIRON FACTOR,2
30650180,2,ENVIRON FACTOR,99
30650180,3,ENVIRON FACTOR,99
30651323,1,ENVIRON FACTOR,2
30651323,2,ENVIRON FACTOR,2
30652468,1,ENVIRON FACTOR,2
30652468,2,ENVIRON FACTOR,99
30652907,1,ENVIRON FACTOR,2
30652907,2,ENVIRON FACTOR,99
30654691,1,ENVIRON FACTOR,2
30657835,1,ENVIRON FACTOR,2
30659145,1,ENVIRON FACTOR,2
30409668,2,VEHICULAR FACTOR,99
30409668,1,VEHICULAR FACTOR,99
30408148,1,VEHICULAR FACTOR,99
30408148,2,VEHICULAR FACTOR,99
30407446,1,VEHICULAR FACTOR,99
30406206,2,VEHICULAR FACTOR,99
30406206,1,VEHICULAR FACTOR,99
30406091,2,VEHICULAR FACTOR,99
30406091,1,VEHICULAR FACTOR,99
30406065,1,VEHICULAR FACTOR,99
30403262,1,VEHICULAR FACTOR,99
30402894,2,VEHICULAR FACTOR,99
30402894,1,VEHICULAR FACTOR,99
30402214,3,VEHICULAR FACTOR,99
30402214,2,VEHICULAR FACTOR,99
30397394,2,VEHICULAR FACTOR,99
30402214,1,VEHICULAR FACTOR,99
30397394,1,VEHICULAR FACTOR,99
30391272,4,VEHICULAR FACTOR,99
30391272,3,VEHICULAR FACTOR,99
30391272,2,VEHICULAR FACTOR,99
30391272,1,VEHICULAR FACTOR,99
30387839,1,VEHICULAR FACTOR,99
30387442,3,VEHICULAR FACTOR,99
30387442,2,VEHICULAR FACTOR,99
30387442,1,VEHICULAR FACTOR,99
30386191,3,VEHICULAR FACTOR,99
30386191,2,VEHICULAR FACTOR,99
30386191,1,VEHICULAR FACTOR,99
30377082,2,VEHICULAR FACTOR,99
30377082,1,VEHICULAR FACTOR,99
30372795,2,VEHICULAR FACTOR,99
30368801,1,VEHICULAR FACTOR,99
30364786,2,VEHICULAR FACTOR,99
30364786,1,VEHICULAR FACTOR,99
30360736,2,VEHICULAR FACTOR,99
30360736,1,VEHICULAR FACTOR,99
30359891,2,VEHICULAR FACTOR,99
30355054,2,VEHICULAR FACTOR,99
30359891,1,VEHICULAR FACTOR,99
30355054,1,VEHICULAR FACTOR,99
30352091,1,VEHICULAR FACTOR,99
30349465,2,VEHICULAR FACTOR,99
30347152,2,VEHICULAR FACTOR,99
30349465,1,VEHICULAR FACTOR,99
30347152,1,VEHICULAR FACTOR,99
30344118,3,VEHICULAR FACTOR,99
30344118,2,VEHICULAR FACTOR,99
30344118,1,VEHICULAR FACTOR,99
30338720,3,VEHICULAR FACTOR,99
30338720,2,VEHICULAR FACTOR,99
30338720,1,VEHICULAR FACTOR,99
30337435,2,VEHICULAR FACTOR,99
30337435,1,VEHICULAR FACTOR,99
30336191,2,VEHICULAR FACTOR,99
30336191,1,VEHICULAR FACTOR,99
30333728,3,VEHICULAR FACTOR,99
30333728,2,VEHICULAR FACTOR,99
30333728,1,VEHICULAR FACTOR,99
30333550,2,VEHICULAR FACTOR,99
30333550,1,VEHICULAR FACTOR,97
30332950,1,VEHICULAR FACTOR,99
30331604,1,VEHICULAR FACTOR,99
30330039,2,VEHICULAR FACTOR,99
30330039,1,VEHICULAR FACTOR,99
30329814,2,VEHICULAR FACTOR,99
30329814,1,VEHICULAR FACTOR,99
30329707,2,VEHICULAR FACTOR,97
30329707,1,VEHICULAR FACTOR,99
30329379,2,VEHICULAR FACTOR,99
30329379,1,VEHICULAR FACTOR,99
30328740,1,VEHICULAR FACTOR,99
30328739,1,VEHICULAR FACTOR,99
30327249,3,VEHICULAR FACTOR,99
30327249,2,VEHICULAR FACTOR,99
30327249,1,VEHICULAR FACTOR,99
30327247,2,VEHICULAR FACTOR,99
30327247,1,VEHICULAR FACTOR,99
30323784,1,VEHICULAR FACTOR,99
30321063,2,VEHICULAR FACTOR,99
30321063,1,VEHICULAR FACTOR,99
30316932,1,VEHICULAR FACTOR,99
30316263,2,VEHICULAR FACTOR,99
30316263,1,VEHICULAR FACTOR,99
30316167,5,VEHICULAR FACTOR,99
30316167,4,VEHICULAR FACTOR,99
30316167,3,VEHICULAR FACTOR,99
30316167,2,VEHICULAR FACTOR,99
30316167,1,VEHICULAR FACTOR,99
30315882,1,VEHICULAR FACTOR,99
30314861,1,VEHICULAR FACTOR,99
30314387,1,VEHICULAR FACTOR,99
30313183,2,VEHICULAR FACTOR,99
30313183,1,VEHICULAR FACTOR,99
30313119,2,VEHICULAR FACTOR,99
30313119,1,VEHICULAR FACTOR,99
30307312,2,VEHICULAR FACTOR,99
30307312,1,VEHICULAR FACTOR,99
30305497,1,VEHICULAR FACTOR,99
30305496,1,VEHICULAR FACTOR,99
30304661,2,VEHICULAR FACTOR,99
30304661,1,VEHICULAR FACTOR,99
30303925,1,VEHICULAR FACTOR,99
30301590,1,VEHICULAR FACTOR,99
30296974,2,VEHICULAR FACTOR,99
30291962,2,VEHICULAR FACTOR,99
30296974,1,VEHICULAR FACTOR,99
30291962,1,VEHICULAR FACTOR,99
30291698,1,VEHICULAR FACTOR,99
30281676,2,VEHICULAR FACTOR,99
30281676,1,VEHICULAR FACTOR,99
30279085,2,VEHICULAR FACTOR,99
30659145,2,ENVIRON FACTOR,99
30659647,1,ENVIRON FACTOR,2
30659647,2,ENVIRON FACTOR,2
30665125,1,ENVIRON FACTOR,2
30665125,2,ENVIRON FACTOR,2
30666057,1,ENVIRON FACTOR,2
30666057,2,ENVIRON FACTOR,2
30666057,3,ENVIRON FACTOR,2
30666058,1,ENVIRON FACTOR,2
30666058,2,ENVIRON FACTOR,2
30669189,1,ENVIRON FACTOR,17
30669189,1,ENVIRON FACTOR,2
30669189,2,ENVIRON FACTOR,17
30669189,2,ENVIRON FACTOR,2
30669189,3,ENVIRON FACTOR,17
30669189,3,ENVIRON FACTOR,2
30669329,1,ENVIRON FACTOR,2
30669329,2,ENVIRON FACTOR,2
30669329,3,ENVIRON FACTOR,2
30670778,1,ENVIRON FACTOR,2
30672321,1,ENVIRON FACTOR,2
30498722,2,ENVIRON FACTOR,99
30507509,1,ENVIRON FACTOR,2
30507509,1,ENVIRON FACTOR,5
30507509,2,ENVIRON FACTOR,2
30513076,1,ENVIRON FACTOR,2
30513408,1,ENVIRON FACTOR,17
30513408,1,ENVIRON FACTOR,2
30513408,2,ENVIRON FACTOR,17
30513408,2,ENVIRON FACTOR,2
30513408,3,ENVIRON FACTOR,17
30513408,3,ENVIRON FACTOR,2
30514023,1,ENVIRON FACTOR,2
30527458,1,ENVIRON FACTOR,2
30527458,2,ENVIRON FACTOR,99
30527821,1,ENVIRON FACTOR,2
30527821,2,ENVIRON FACTOR,2
30527821,3,ENVIRON FACTOR,2
30530488,1,ENVIRON FACTOR,2
30530488,1,ENVIRON FACTOR,12
30530488,2,ENVIRON FACTOR,99
30531614,1,ENVIRON FACTOR,2
30531614,1,ENVIRON FACTOR,11
30531614,2,ENVIRON FACTOR,2
30531614,2,ENVIRON FACTOR,11
30533673,1,ENVIRON FACTOR,2
30534134,1,ENVIRON FACTOR,2
30534134,1,ENVIRON FACTOR,5
30875659,2,ENVIRON FACTOR,2
30885802,1,ENVIRON FACTOR,2
30885802,2,ENVIRON FACTOR,99
30885802,3,ENVIRON FACTOR,99
30892927,1,ENVIRON FACTOR,2
30904922,1,ENVIRON FACTOR,2
30904922,2,ENVIRON FACTOR,2
30904922,3,ENVIRON FACTOR,2
30904922,4,ENVIRON FACTOR,2
30910220,1,ENVIRON FACTOR,2
30910220,2,ENVIRON FACTOR,2
30911570,1,ENVIRON FACTOR,2
30911570,2,ENVIRON FACTOR,2
30911570,2,ENVIRON FACTOR,3
30942093,1,ENVIRON FACTOR,2
30942093,1,ENVIRON FACTOR,97
30942094,1,ENVIRON FACTOR,2
30942094,2,ENVIRON FACTOR,2
30951006,1,ENVIRON FACTOR,2
30951006,2,ENVIRON FACTOR,99
30956301,1,ENVIRON FACTOR,2
30956301,2,ENVIRON FACTOR,2
30959873,1,ENVIRON FACTOR,2
30959873,2,ENVIRON FACTOR,99
30960089,1,ENVIRON FACTOR,2
30960089,2,ENVIRON FACTOR,2
30960089,3,ENVIRON FACTOR,2
30964992,1,ENVIRON FACTOR,2
30964992,2,ENVIRON FACTOR,2
30965865,1,ENVIRON FACTOR,2
30965865,2,ENVIRON FACTOR,2
31311699,1,ENVIRON FACTOR,2
31311699,2,ENVIRON FACTOR,2
31538417,1,ENVIRON FACTOR,2
31538417,2,ENVIRON FACTOR,2
31666735,1,ENVIRON FACTOR,2
33269749,1,ENVIRON FACTOR,99
33269749,2,ENVIRON FACTOR,2
30229861,1,ENVIRON FACTOR,2
30229861,2,ENVIRON FACTOR,2
30232689,1,ENVIRON FACTOR,2
30232689,1,ENVIRON FACTOR,97
30232689,2,ENVIRON FACTOR,97
30233496,1,ENVIRON FACTOR,2
30233496,2,ENVIRON FACTOR,2
30233496,3,ENVIRON FACTOR,2
30238371,1,ENVIRON FACTOR,2
30238371,2,ENVIRON FACTOR,2
30240858,1,ENVIRON FACTOR,2
30240858,2,ENVIRON FACTOR,2
30243340,1,ENVIRON FACTOR,2
30245275,1,ENVIRON FACTOR,2
30245275,2,ENVIRON FACTOR,99
30245275,3,ENVIRON FACTOR,99
30250170,1,ENVIRON FACTOR,17
30250170,1,ENVIRON FACTOR,2
30250170,2,ENVIRON FACTOR,17
30250170,2,ENVIRON FACTOR,2
30250170,3,ENVIRON FACTOR,2
30260763,1,ENVIRON FACTOR,2
30260763,2,ENVIRON FACTOR,2
30263292,1,ENVIRON FACTOR,2
30263292,2,ENVIRON FACTOR,2
30263340,1,ENVIRON FACTOR,2
30263340,1,ENVIRON FACTOR,6
30263734,1,ENVIRON FACTOR,2
30263734,1,ENVIRON FACTOR,97
30263734,2,ENVIRON FACTOR,99
30268127,1,ENVIRON FACTOR,2
30268334,1,ENVIRON FACTOR,2
30268334,2,ENVIRON FACTOR,9
30279085,1,VEHICULAR FACTOR,99
30279073,2,VEHICULAR FACTOR,99
30268334,1,VEHICULAR FACTOR,99
30268127,1,VEHICULAR FACTOR,99
30263734,2,VEHICULAR FACTOR,99
30263734,1,VEHICULAR FACTOR,99
30263340,1,VEHICULAR FACTOR,99
30263292,2,VEHICULAR FACTOR,99
30263292,1,VEHICULAR FACTOR,99
30260763,2,VEHICULAR FACTOR,99
30260763,1,VEHICULAR FACTOR,99
30250170,3,VEHICULAR FACTOR,99
30250170,2,VEHICULAR FACTOR,99
30250170,1,VEHICULAR FACTOR,99
30245275,3,VEHICULAR FACTOR,99
30245275,2,VEHICULAR FACTOR,99
30245275,1,VEHICULAR FACTOR,99
30243340,1,VEHICULAR FACTOR,99
30240858,2,VEHICULAR FACTOR,99
30240858,1,VEHICULAR FACTOR,99
30238371,2,VEHICULAR FACTOR,99
30238371,1,VEHICULAR FACTOR,99
30233496,3,VEHICULAR FACTOR,99
30233496,2,VEHICULAR FACTOR,99
30233496,1,VEHICULAR FACTOR,99
30232689,2,VEHICULAR FACTOR,99
30232689,1,VEHICULAR FACTOR,99
30229861,2,VEHICULAR FACTOR,99
30229861,1,VEHICULAR FACTOR,99
30227364,2,VEHICULAR FACTOR,99
30227364,1,VEHICULAR FACTOR,99
30225926,2,VEHICULAR FACTOR,99
30225926,1,VEHICULAR FACTOR,99
30224037,2,VEHICULAR FACTOR,99
30223754,2,VEHICULAR FACTOR,99
30224037,1,VEHICULAR FACTOR,99
30223754,1,VEHICULAR FACTOR,99
30223616,2,VEHICULAR FACTOR,99
30223616,1,VEHICULAR FACTOR,99
30220767,2,VEHICULAR FACTOR,99
30220767,1,VEHICULAR FACTOR,99
30212822,1,VEHICULAR FACTOR,99
30210998,2,VEHICULAR FACTOR,99
30210998,1,VEHICULAR FACTOR,99
30209450,2,VEHICULAR FACTOR,99
30209450,1,VEHICULAR FACTOR,99
30204188,1,VEHICULAR FACTOR,99
30203837,2,VEHICULAR FACTOR,99
30203837,1,VEHICULAR FACTOR,99
30203680,3,VEHICULAR FACTOR,99
30203680,2,VEHICULAR FACTOR,99
30203680,1,VEHICULAR FACTOR,99
30203652,2,VEHICULAR FACTOR,99
30199082,2,VEHICULAR FACTOR,99
30203652,1,VEHICULAR FACTOR,99
30199082,1,VEHICULAR FACTOR,99
30195611,2,VEHICULAR FACTOR,99
30195611,1,VEHICULAR FACTOR,99
30195539,2,VEHICULAR FACTOR,99
30195539,1,VEHICULAR FACTOR,99
30192938,2,VEHICULAR FACTOR,99
30192938,1,VEHICULAR FACTOR,99
30190373,2,VEHICULAR FACTOR,99
30190373,1,VEHICULAR FACTOR,99
30182629,2,VEHICULAR FACTOR,99
30181277,2,VEHICULAR FACTOR,99
30181277,1,VEHICULAR FACTOR,99
30180808,1,VEHICULAR FACTOR,99
30176686,2,VEHICULAR FACTOR,99
30176686,1,VEHICULAR FACTOR,99
30176685,3,VEHICULAR FACTOR,99
30176685,2,VEHICULAR FACTOR,99
30176685,1,VEHICULAR FACTOR,99
30176501,2,VEHICULAR FACTOR,99
30176501,1,VEHICULAR FACTOR,99
30167282,2,VEHICULAR FACTOR,99
30167282,1,VEHICULAR FACTOR,99
30163730,2,VEHICULAR FACTOR,99
30163730,1,VEHICULAR FACTOR,99
30163253,2,VEHICULAR FACTOR,99
30163253,1,VEHICULAR FACTOR,99
30160951,2,VEHICULAR FACTOR,99
30160951,1,VEHICULAR FACTOR,99
30154381,2,VEHICULAR FACTOR,99
30154381,1,VEHICULAR FACTOR,99
30150682,6,VEHICULAR FACTOR,99
30150682,5,VEHICULAR FACTOR,99
30150682,4,VEHICULAR FACTOR,99
30150682,3,VEHICULAR FACTOR,99
30150682,2,VEHICULAR FACTOR,99
30150682,1,VEHICULAR FACTOR,99
30148831,2,VEHICULAR FACTOR,99
30148831,1,VEHICULAR FACTOR,99
30148185,3,VEHICULAR FACTOR,99
30148185,2,VEHICULAR FACTOR,99
30148185,1,VEHICULAR FACTOR,97
30136172,2,VEHICULAR FACTOR,99
30125991,2,VEHICULAR FACTOR,99
30125991,1,VEHICULAR FACTOR,99
30124877,2,VEHICULAR FACTOR,99
30124877,1,VEHICULAR FACTOR,99
30124870,2,VEHICULAR FACTOR,99
30124870,1,VEHICULAR FACTOR,99
30109805,1,VEHICULAR FACTOR,99
30107663,2,VEHICULAR FACTOR,99
30107663,1,VEHICULAR FACTOR,1
30106762,2,VEHICULAR FACTOR,99
30106762,1,VEHICULAR FACTOR,99
30102039,2,VEHICULAR FACTOR,99
30102039,1,VEHICULAR FACTOR,99
30101046,3,VEHICULAR FACTOR,99
30101046,2,VEHICULAR FACTOR,99
30101046,1,VEHICULAR FACTOR,99
30098483,2,VEHICULAR FACTOR,99
30098483,1,VEHICULAR FACTOR,99
30098135,1,VEHICULAR FACTOR,99
30094990,1,VEHICULAR FACTOR,99
30089216,3,VEHICULAR FACTOR,99
30089216,2,VEHICULAR FACTOR,99
30089216,1,VEHICULAR FACTOR,99
30085377,2,VEHICULAR FACTOR,99
30085377,1,VEHICULAR FACTOR,99
30083545,2,VEHICULAR FACTOR,99
30082418,3,VEHICULAR FACTOR,99
30082418,2,VEHICULAR FACTOR,99
30082418,1,VEHICULAR FACTOR,99
30078372,1,VEHICULAR FACTOR,99
30077603,2,VEHICULAR FACTOR,99
30077603,1,VEHICULAR FACTOR,99
30070717,2,VEHICULAR FACTOR,99
30070315,2,VEHICULAR FACTOR,99
30070717,1,VEHICULAR FACTOR,99
30070315,1,VEHICULAR FACTOR,99
30070190,2,VEHICULAR FACTOR,99
30070190,1,VEHICULAR FACTOR,99
30069229,3,VEHICULAR FACTOR,99
30069229,2,VEHICULAR FACTOR,99
30069229,1,VEHICULAR FACTOR,99
30069227,2,VEHICULAR FACTOR,99
30069227,1,VEHICULAR FACTOR,99
30065571,2,VEHICULAR FACTOR,99
30065571,1,VEHICULAR FACTOR,99
30065345,2,VEHICULAR FACTOR,99
30065345,1,VEHICULAR FACTOR,99
30064216,2,VEHICULAR FACTOR,99
30064216,1,VEHICULAR FACTOR,99
30063514,2,VEHICULAR FACTOR,99
30063514,1,VEHICULAR FACTOR,99
30061409,2,VEHICULAR FACTOR,99
30061409,1,VEHICULAR FACTOR,99
30060931,2,VEHICULAR FACTOR,99
30060931,1,VEHICULAR FACTOR,99
30057706,3,VEHICULAR FACTOR,99
30057706,2,VEHICULAR FACTOR,99
30057706,1,VEHICULAR FACTOR,99
30055685,2,VEHICULAR FACTOR,99
30055685,1,VEHICULAR FACTOR,99
30054853,2,VEHICULAR FACTOR,99
30054853,1,VEHICULAR FACTOR,99
30054216,2,VEHICULAR FACTOR,99
30054216,1,VEHICULAR FACTOR,99
30053363,1,VEHICULAR FACTOR,99
30050449,2,VEHICULAR FACTOR,99
30050449,1,VEHICULAR FACTOR,99
30044018,2,VEHICULAR FACTOR,99
30044018,1,VEHICULAR FACTOR,99
30038575,3,VEHICULAR FACTOR,99
30036202,2,VEHICULAR FACTOR,99
30038575,2,VEHICULAR FACTOR,99
30036202,1,VEHICULAR FACTOR,99
30032698,2,VEHICULAR FACTOR,99
30032698,1,VEHICULAR FACTOR,99
30029904,2,VEHICULAR FACTOR,99
30029904,1,VEHICULAR FACTOR,99
30024733,2,VEHICULAR FACTOR,99
30024733,1,VEHICULAR FACTOR,99
30016301,2,VEHICULAR FACTOR,99
30016301,1,VEHICULAR FACTOR,99
30016268,2,VEHICULAR FACTOR,99
30016268,1,VEHICULAR FACTOR,99
30016145,2,VEHICULAR FACTOR,99
30016145,1,VEHICULAR FACTOR,99
30011569,4,VEHICULAR FACTOR,99
30011569,3,VEHICULAR FACTOR,99
30011569,2,VEHICULAR FACTOR,99
30011569,1,VEHICULAR FACTOR,99
30008332,2,VEHICULAR FACTOR,99
30008332,1,VEHICULAR FACTOR,99
30007539,1,VEHICULAR FACTOR,99
30003664,2,VEHICULAR FACTOR,99
30003664,1,VEHICULAR FACTOR,13
30003051,2,VEHICULAR FACTOR,99
30003051,1,VEHICULAR FACTOR,99
30001885,2,VEHICULAR FACTOR,99
30001885,1,VEHICULAR FACTOR,99
30000513,2,VEHICULAR FACTOR,99
30000513,1,VEHICULAR FACTOR,99
29999898,3,VEHICULAR FACTOR,99
29999898,2,VEHICULAR FACTOR,99
29999898,1,VEHICULAR FACTOR,99
29992964,3,VEHICULAR FACTOR,99
29992964,2,VEHICULAR FACTOR,99
29992964,1,VEHICULAR FACTOR,99
29989091,2,VEHICULAR FACTOR,99
29989091,1,VEHICULAR FACTOR,99
29986389,2,VEHICULAR FACTOR,99
29986389,1,VEHICULAR FACTOR,99
29984582,3,VEHICULAR FACTOR,99
29984582,2,VEHICULAR FACTOR,99
29984582,1,VEHICULAR FACTOR,99
29979969,2,VEHICULAR FACTOR,99
29979969,1,VEHICULAR FACTOR,99
29979786,2,VEHICULAR FACTOR,99
29979786,1,VEHICULAR FACTOR,99
29978338,3,VEHICULAR FACTOR,99
29978338,2,VEHICULAR FACTOR,99
29978338,1,VEHICULAR FACTOR,99
29978211,2,VEHICULAR FACTOR,99
29978211,1,VEHICULAR FACTOR,99
29978104,2,VEHICULAR FACTOR,99
29976417,2,VEHICULAR FACTOR,99
29976417,1,VEHICULAR FACTOR,99
29976414,2,VEHICULAR FACTOR,99
29970476,1,VEHICULAR FACTOR,99
29976414,1,VEHICULAR FACTOR,99
29970265,1,VEHICULAR FACTOR,99
29970138,2,VEHICULAR FACTOR,99
29970138,1,VEHICULAR FACTOR,99
29956957,2,VEHICULAR FACTOR,99
29956957,1,VEHICULAR FACTOR,99
29941441,1,VEHICULAR FACTOR,99
29930240,1,VEHICULAR FACTOR,99
29928499,2,VEHICULAR FACTOR,99
29928499,1,VEHICULAR FACTOR,99
29923181,3,VEHICULAR FACTOR,99
29923181,2,VEHICULAR FACTOR,99
29923181,1,VEHICULAR FACTOR,99
29910509,2,VEHICULAR FACTOR,99
29910509,1,VEHICULAR FACTOR,99
29906279,2,VEHICULAR FACTOR,99
29906279,1,VEHICULAR FACTOR,99
29906135,2,VEHICULAR FACTOR,99
29906135,1,VEHICULAR FACTOR,99
29869958,2,VEHICULAR FACTOR,99
29869958,1,VEHICULAR FACTOR,99
29869357,2,VEHICULAR FACTOR,99
29869357,1,VEHICULAR FACTOR,99
29864100,2,VEHICULAR FACTOR,99
29864100,1,VEHICULAR FACTOR,99
29864098,2,VEHICULAR FACTOR,99
29864098,1,VEHICULAR FACTOR,99
29863302,1,VEHICULAR FACTOR,99
29863298,2,VEHICULAR FACTOR,99
29863298,1,VEHICULAR FACTOR,99
29847466,2,VEHICULAR FACTOR,99
29860022,2,VEHICULAR FACTOR,99
29847466,1,VEHICULAR FACTOR,99
29841018,2,VEHICULAR FACTOR,99
29841018,1,VEHICULAR FACTOR,99
29837390,2,VEHICULAR FACTOR,99
29837390,1,VEHICULAR FACTOR,99
29826471,1,VEHICULAR FACTOR,99
29822112,2,VEHICULAR FACTOR,97
29795763,2,VEHICULAR FACTOR,99
29822112,1,VEHICULAR FACTOR,97
29795763,1,VEHICULAR FACTOR,99
29786859,1,VEHICULAR FACTOR,99
29783931,2,VEHICULAR FACTOR,99
29783931,1,VEHICULAR FACTOR,99
29783247,2,VEHICULAR FACTOR,99
29783247,1,VEHICULAR FACTOR,99
29781084,3,VEHICULAR FACTOR,99
29781084,2,VEHICULAR FACTOR,99
29781084,1,VEHICULAR FACTOR,99
29768844,2,VEHICULAR FACTOR,99
29768844,1,VEHICULAR FACTOR,99
29768565,2,VEHICULAR FACTOR,99
29768565,1,VEHICULAR FACTOR,99
29750595,4,VEHICULAR FACTOR,99
29750595,3,VEHICULAR FACTOR,99
29750595,2,VEHICULAR FACTOR,99
29750595,1,VEHICULAR FACTOR,99
29733147,2,VEHICULAR FACTOR,99
29733147,1,VEHICULAR FACTOR,99
29726502,2,VEHICULAR FACTOR,99
29726502,1,VEHICULAR FACTOR,99
29708462,2,VEHICULAR FACTOR,99
29708462,1,VEHICULAR FACTOR,99
29705815,1,VEHICULAR FACTOR,99
29692653,2,VEHICULAR FACTOR,99
29692653,1,VEHICULAR FACTOR,99
29672618,2,VEHICULAR FACTOR,99
29672618,1,VEHICULAR FACTOR,99
29654420,2,VEHICULAR FACTOR,99
29654420,1,VEHICULAR FACTOR,99
29654154,2,VEHICULAR FACTOR,97
29654154,1,VEHICULAR FACTOR,99
29639103,2,VEHICULAR FACTOR,99
29639103,1,VEHICULAR FACTOR,99
29638037,1,VEHICULAR FACTOR,99
29635624,2,VEHICULAR FACTOR,99
29635624,1,VEHICULAR FACTOR,99
29620589,1,VEHICULAR FACTOR,99
29618331,1,VEHICULAR FACTOR,99
29595314,1,VEHICULAR FACTOR,99
29593769,2,VEHICULAR FACTOR,99
29593769,1,VEHICULAR FACTOR,99
29576586,2,VEHICULAR FACTOR,99
29576586,1,VEHICULAR FACTOR,99
29576130,2,VEHICULAR FACTOR,99
29576130,1,VEHICULAR FACTOR,99
29545231,2,VEHICULAR FACTOR,99
29545231,1,VEHICULAR FACTOR,99
30279073,1,VEHICULAR FACTOR,99
30277953,2,VEHICULAR FACTOR,99
30277953,1,VEHICULAR FACTOR,99
30274526,2,VEHICULAR FACTOR,99
30274526,1,VEHICULAR FACTOR,99
30273446,2,VEHICULAR FACTOR,99
30273446,1,VEHICULAR FACTOR,99
30273432,2,VEHICULAR FACTOR,99
30273432,1,VEHICULAR FACTOR,99
30268285,2,VEHICULAR FACTOR,99
30268285,1,VEHICULAR FACTOR,99
30268131,1,VEHICULAR FACTOR,99
30263573,2,VEHICULAR FACTOR,99
30263573,1,VEHICULAR FACTOR,99
30254018,2,VEHICULAR FACTOR,99
30254018,1,VEHICULAR FACTOR,99
30247578,1,VEHICULAR FACTOR,99
30238496,2,VEHICULAR FACTOR,99
30238496,1,VEHICULAR FACTOR,99
30237994,2,VEHICULAR FACTOR,99
30237994,1,VEHICULAR FACTOR,99
30236354,2,VEHICULAR FACTOR,99
30236354,1,VEHICULAR FACTOR,99
30236101,2,VEHICULAR FACTOR,99
30236101,1,VEHICULAR FACTOR,99
30232204,2,VEHICULAR FACTOR,99
30232204,1,VEHICULAR FACTOR,99
30224222,2,VEHICULAR FACTOR,99
30224222,1,VEHICULAR FACTOR,99
30217588,2,VEHICULAR FACTOR,99
30217588,1,VEHICULAR FACTOR,99
30212935,2,VEHICULAR FACTOR,99
30212935,1,VEHICULAR FACTOR,99
30204835,2,VEHICULAR FACTOR,99
30204835,1,VEHICULAR FACTOR,99
30201800,1,VEHICULAR FACTOR,99
30200173,1,VEHICULAR FACTOR,99
30199270,1,VEHICULAR FACTOR,99
30196276,9,VEHICULAR FACTOR,99
30196276,8,VEHICULAR FACTOR,99
30196276,7,VEHICULAR FACTOR,99
30196276,6,VEHICULAR FACTOR,99
30196276,5,VEHICULAR FACTOR,99
30196276,4,VEHICULAR FACTOR,99
30196276,3,VEHICULAR FACTOR,99
30196276,2,VEHICULAR FACTOR,99
30196276,1,VEHICULAR FACTOR,99
30193604,2,VEHICULAR FACTOR,99
30193604,1,VEHICULAR FACTOR,99
30191294,2,VEHICULAR FACTOR,99
30191294,1,VEHICULAR FACTOR,99
30188757,2,VEHICULAR FACTOR,99
30188757,1,VEHICULAR FACTOR,99
30187069,1,VEHICULAR FACTOR,99
30186673,2,VEHICULAR FACTOR,99
30186673,1,VEHICULAR FACTOR,99
30185641,2,VEHICULAR FACTOR,99
30185641,1,VEHICULAR FACTOR,99
30183143,2,VEHICULAR FACTOR,99
30183143,1,VEHICULAR FACTOR,99
30179550,2,VEHICULAR FACTOR,99
30179550,1,VEHICULAR FACTOR,99
30179496,2,VEHICULAR FACTOR,99
30179445,2,VEHICULAR FACTOR,99
30179445,1,VEHICULAR FACTOR,99
30173458,2,VEHICULAR FACTOR,99
30173458,1,VEHICULAR FACTOR,99
30171561,2,VEHICULAR FACTOR,99
30171561,1,VEHICULAR FACTOR,99
30171361,1,VEHICULAR FACTOR,99
30171177,2,VEHICULAR FACTOR,99
30171177,1,VEHICULAR FACTOR,99
30167283,1,VEHICULAR FACTOR,8
30167120,3,VEHICULAR FACTOR,99
30167120,2,VEHICULAR FACTOR,99
30167120,1,VEHICULAR FACTOR,99
30164386,2,VEHICULAR FACTOR,99
30164386,1,VEHICULAR FACTOR,99
30162623,2,VEHICULAR FACTOR,99
30162623,1,VEHICULAR FACTOR,99
30162446,2,VEHICULAR FACTOR,99
30162446,1,VEHICULAR FACTOR,99
30153923,1,VEHICULAR FACTOR,99
30148984,2,VEHICULAR FACTOR,99
30148984,1,VEHICULAR FACTOR,99
30142293,2,VEHICULAR FACTOR,99
30142293,1,VEHICULAR FACTOR,99
30141594,3,VEHICULAR FACTOR,99
30141594,2,VEHICULAR FACTOR,99
30134486,2,VEHICULAR FACTOR,99
30141594,1,VEHICULAR FACTOR,99
30134486,1,VEHICULAR FACTOR,99
30128923,1,VEHICULAR FACTOR,99
30120289,3,VEHICULAR FACTOR,99
30120289,2,VEHICULAR FACTOR,99
30120289,1,VEHICULAR FACTOR,99
30115866,1,VEHICULAR FACTOR,99
30111101,2,VEHICULAR FACTOR,99
30111101,1,VEHICULAR FACTOR,99
30109671,2,VEHICULAR FACTOR,99
30109671,1,VEHICULAR FACTOR,99
30108309,2,VEHICULAR FACTOR,99
30108309,1,VEHICULAR FACTOR,99
30103698,1,VEHICULAR FACTOR,99
30100727,2,VEHICULAR FACTOR,99
30100727,1,VEHICULAR FACTOR,99
30099888,3,VEHICULAR FACTOR,99
30099888,1,VEHICULAR FACTOR,99
30099074,2,VEHICULAR FACTOR,99
30099074,1,VEHICULAR FACTOR,99
30097888,2,VEHICULAR FACTOR,99
30097888,1,VEHICULAR FACTOR,99
30097208,1,VEHICULAR FACTOR,99
30095896,2,VEHICULAR FACTOR,99
30095896,1,VEHICULAR FACTOR,99
30091438,2,VEHICULAR FACTOR,99
30091438,1,VEHICULAR FACTOR,99
30078634,2,VEHICULAR FACTOR,99
30078634,1,VEHICULAR FACTOR,99
30078400,2,VEHICULAR FACTOR,99
30078400,1,VEHICULAR FACTOR,99
30073350,2,VEHICULAR FACTOR,99
30073350,1,VEHICULAR FACTOR,99
30067702,2,VEHICULAR FACTOR,99
30067702,1,VEHICULAR FACTOR,99
30064587,2,VEHICULAR FACTOR,99
30064587,1,VEHICULAR FACTOR,99
30063863,2,VEHICULAR FACTOR,99
30063283,1,VEHICULAR FACTOR,99
30062046,2,VEHICULAR FACTOR,99
30062046,1,VEHICULAR FACTOR,99
30062040,2,VEHICULAR FACTOR,99
30062040,1,VEHICULAR FACTOR,99
30060650,2,VEHICULAR FACTOR,99
30060650,1,VEHICULAR FACTOR,99
30060606,2,VEHICULAR FACTOR,99
30060604,2,VEHICULAR FACTOR,99
30060606,1,VEHICULAR FACTOR,99
30060604,1,VEHICULAR FACTOR,99
30059538,2,VEHICULAR FACTOR,99
30059359,2,VEHICULAR FACTOR,99
30059538,1,VEHICULAR FACTOR,99
30059359,1,VEHICULAR FACTOR,99
30055985,2,VEHICULAR FACTOR,99
30055985,1,VEHICULAR FACTOR,99
30054850,2,VEHICULAR FACTOR,99
30054850,1,VEHICULAR FACTOR,99
30054168,1,VEHICULAR FACTOR,99
30050446,3,VEHICULAR FACTOR,99
30050446,2,VEHICULAR FACTOR,99
30050446,1,VEHICULAR FACTOR,99
30048206,2,VEHICULAR FACTOR,99
30048206,1,VEHICULAR FACTOR,99
30045407,2,VEHICULAR FACTOR,99
30045407,1,VEHICULAR FACTOR,99
30041229,2,VEHICULAR FACTOR,99
30041229,1,VEHICULAR FACTOR,99
30028255,1,VEHICULAR FACTOR,99
30026606,2,VEHICULAR FACTOR,99
30026606,1,VEHICULAR FACTOR,99
30026111,2,VEHICULAR FACTOR,99
30026111,1,VEHICULAR FACTOR,99
30025646,1,VEHICULAR FACTOR,99
30023088,2,VEHICULAR FACTOR,99
30023088,1,VEHICULAR FACTOR,99
30022714,2,VEHICULAR FACTOR,99
30022714,1,VEHICULAR FACTOR,99
30016309,3,VEHICULAR FACTOR,99
30016309,2,VEHICULAR FACTOR,99
30016309,1,VEHICULAR FACTOR,99
30014629,2,VEHICULAR FACTOR,99
30014629,1,VEHICULAR FACTOR,99
30007795,1,VEHICULAR FACTOR,99
29996739,2,VEHICULAR FACTOR,99
29996739,1,VEHICULAR FACTOR,99
29993467,2,VEHICULAR FACTOR,99
29993467,1,VEHICULAR FACTOR,99
29993159,2,VEHICULAR FACTOR,99
29993159,1,VEHICULAR FACTOR,99
29991787,2,VEHICULAR FACTOR,99
29991787,1,VEHICULAR FACTOR,99
29983176,2,VEHICULAR FACTOR,99
29983176,1,VEHICULAR FACTOR,99
29982349,2,VEHICULAR FACTOR,99
29982349,1,VEHICULAR FACTOR,99
29981525,2,VEHICULAR FACTOR,99
29981525,1,VEHICULAR FACTOR,99
29980755,1,VEHICULAR FACTOR,99
29977181,2,VEHICULAR FACTOR,99
29977181,1,VEHICULAR FACTOR,99
29976416,2,VEHICULAR FACTOR,99
29976416,1,VEHICULAR FACTOR,99
29970607,2,VEHICULAR FACTOR,99
29970607,1,VEHICULAR FACTOR,99
29962239,2,VEHICULAR FACTOR,99
29962239,1,VEHICULAR FACTOR,99
29957509,2,VEHICULAR FACTOR,99
29957509,1,VEHICULAR FACTOR,99
29954793,2,VEHICULAR FACTOR,99
29954793,1,VEHICULAR FACTOR,99
29953782,6,VEHICULAR FACTOR,99
29953782,5,VEHICULAR FACTOR,99
29953782,4,VEHICULAR FACTOR,99
29953782,3,VEHICULAR FACTOR,99
29953782,1,VEHICULAR FACTOR,99
29953782,2,VEHICULAR FACTOR,99
29951438,2,VEHICULAR FACTOR,99
29951438,1,VEHICULAR FACTOR,99
29950700,2,VEHICULAR FACTOR,99
29950700,1,VEHICULAR FACTOR,99
29950342,2,VEHICULAR FACTOR,99
29950342,1,VEHICULAR FACTOR,99
29947895,2,VEHICULAR FACTOR,99
29947895,1,VEHICULAR FACTOR,99
29929393,2,VEHICULAR FACTOR,99
29923409,2,VEHICULAR FACTOR,99
29929393,1,VEHICULAR FACTOR,99
29923409,1,VEHICULAR FACTOR,99
29917013,2,VEHICULAR FACTOR,99
29917013,1,VEHICULAR FACTOR,99
29915633,2,VEHICULAR FACTOR,99
29915633,1,VEHICULAR FACTOR,99
29913780,2,VEHICULAR FACTOR,99
29913780,1,VEHICULAR FACTOR,99
29893808,2,VEHICULAR FACTOR,99
29893808,1,VEHICULAR FACTOR,99
29892273,2,VEHICULAR FACTOR,99
29892273,1,VEHICULAR FACTOR,99
29886712,2,VEHICULAR FACTOR,99
29886712,1,VEHICULAR FACTOR,99
29882897,2,VEHICULAR FACTOR,99
29882897,1,VEHICULAR FACTOR,99
29869254,4,VEHICULAR FACTOR,99
29869254,3,VEHICULAR FACTOR,99
29869254,2,VEHICULAR FACTOR,99
29869254,1,VEHICULAR FACTOR,99
29848502,2,VEHICULAR FACTOR,99
29848502,1,VEHICULAR FACTOR,99
29846060,2,VEHICULAR FACTOR,99
29846060,1,VEHICULAR FACTOR,99
29846052,4,VEHICULAR FACTOR,99
29846052,3,VEHICULAR FACTOR,99
29846052,2,VEHICULAR FACTOR,99
29846052,1,VEHICULAR FACTOR,99
29842428,2,VEHICULAR FACTOR,99
29842428,1,VEHICULAR FACTOR,99
29835883,2,VEHICULAR FACTOR,99
30273431,1,ENVIRON FACTOR,2
30273431,2,ENVIRON FACTOR,2
30275773,1,ENVIRON FACTOR,2
30275773,2,ENVIRON FACTOR,2
30279038,1,ENVIRON FACTOR,2
30279038,2,ENVIRON FACTOR,99
30279079,1,ENVIRON FACTOR,2
30279079,2,ENVIRON FACTOR,2
30284930,1,ENVIRON FACTOR,2
30284930,2,ENVIRON FACTOR,2
30287390,1,ENVIRON FACTOR,2
30287390,1,ENVIRON FACTOR,11
30287390,2,ENVIRON FACTOR,11
30288028,1,ENVIRON FACTOR,2
30288028,2,ENVIRON FACTOR,2
30288028,3,ENVIRON FACTOR,2
30288029,1,ENVIRON FACTOR,2
30288029,2,ENVIRON FACTOR,99
30289648,1,ENVIRON FACTOR,2
30289648,1,ENVIRON FACTOR,10
30289650,1,ENVIRON FACTOR,2
30289650,2,ENVIRON FACTOR,99
30292262,1,ENVIRON FACTOR,2
30305089,1,ENVIRON FACTOR,2
30305089,2,ENVIRON FACTOR,2
30310749,1,ENVIRON FACTOR,16
30310749,2,ENVIRON FACTOR,2
30311293,1,ENVIRON FACTOR,2
30314857,1,ENVIRON FACTOR,2
30314857,1,ENVIRON FACTOR,13
30315050,1,ENVIRON FACTOR,2
30315050,2,ENVIRON FACTOR,2
30315050,3,ENVIRON FACTOR,2
30315050,4,ENVIRON FACTOR,2
30315144,1,ENVIRON FACTOR,2
30315144,2,ENVIRON FACTOR,2
30319010,1,ENVIRON FACTOR,2
30319010,2,ENVIRON FACTOR,2
30322406,1,ENVIRON FACTOR,2
30322406,2,ENVIRON FACTOR,2
30327251,1,ENVIRON FACTOR,2
30327251,2,ENVIRON FACTOR,2
30329245,1,ENVIRON FACTOR,2
30329245,2,ENVIRON FACTOR,2
30333729,1,ENVIRON FACTOR,2
30333729,2,ENVIRON FACTOR,99
30333862,1,ENVIRON FACTOR,2
30333862,2,ENVIRON FACTOR,9
30337858,1,ENVIRON FACTOR,2
30337858,2,ENVIRON FACTOR,99
30344419,1,ENVIRON FACTOR,2
30344419,1,ENVIRON FACTOR,3
30347423,1,ENVIRON FACTOR,2
30349318,1,ENVIRON FACTOR,2
30349318,1,ENVIRON FACTOR,16
30349318,2,ENVIRON FACTOR,16
30352284,1,ENVIRON FACTOR,2
30352284,2,ENVIRON FACTOR,2
30355502,1,ENVIRON FACTOR,2
30355792,1,ENVIRON FACTOR,2
30355792,2,ENVIRON FACTOR,99
30358511,1,ENVIRON FACTOR,2
30358511,1,ENVIRON FACTOR,9
30358511,2,ENVIRON FACTOR,2
30358819,1,ENVIRON FACTOR,2
30358819,2,ENVIRON FACTOR,2
30370434,1,ENVIRON FACTOR,2
30370434,2,ENVIRON FACTOR,99
30371400,1,ENVIRON FACTOR,2
30371400,2,ENVIRON FACTOR,2
30371401,1,ENVIRON FACTOR,2
30371401,2,ENVIRON FACTOR,2
30375903,1,ENVIRON FACTOR,2
30375903,2,ENVIRON FACTOR,2
30407436,1,ENVIRON FACTOR,2
30408222,1,ENVIRON FACTOR,2
30408222,1,ENVIRON FACTOR,9
30408222,2,ENVIRON FACTOR,2
30408222,2,ENVIRON FACTOR,9
30408269,1,ENVIRON FACTOR,2
30408269,2,ENVIRON FACTOR,2
30409364,1,ENVIRON FACTOR,17
30409364,1,ENVIRON FACTOR,2
30409364,2,ENVIRON FACTOR,2
30409364,3,ENVIRON FACTOR,2
30411060,1,ENVIRON FACTOR,2
30411426,1,ENVIRON FACTOR,2
30411426,2,ENVIRON FACTOR,99
30411641,1,ENVIRON FACTOR,2
30411641,2,ENVIRON FACTOR,2
30411641,3,ENVIRON FACTOR,2
30411641,4,ENVIRON FACTOR,2
30411641,5,ENVIRON FACTOR,2
30411641,6,ENVIRON FACTOR,2
30411641,7,ENVIRON FACTOR,2
30412479,1,ENVIRON FACTOR,2
30412479,2,ENVIRON FACTOR,2
30414506,1,ENVIRON FACTOR,2
30414506,2,ENVIRON FACTOR,99
30418546,1,ENVIRON FACTOR,2
30418546,2,ENVIRON FACTOR,99
30421610,1,ENVIRON FACTOR,2
30421610,2,ENVIRON FACTOR,2
30430570,1,ENVIRON FACTOR,2
30431724,1,ENVIRON FACTOR,2
30431724,2,ENVIRON FACTOR,2
30431958,1,ENVIRON FACTOR,2
30431958,2,ENVIRON FACTOR,2
30442234,1,ENVIRON FACTOR,2
30442234,1,ENVIRON FACTOR,9
30442234,2,ENVIRON FACTOR,2
30442234,2,ENVIRON FACTOR,9
30443081,1,ENVIRON FACTOR,2
30443081,2,ENVIRON FACTOR,2
30443123,1,ENVIRON FACTOR,2
30443123,2,ENVIRON FACTOR,2
30445175,1,ENVIRON FACTOR,2
30445175,2,ENVIRON FACTOR,9
30445301,1,ENVIRON FACTOR,2
29835883,1,VEHICULAR FACTOR,99
29835364,2,VEHICULAR FACTOR,99
29835364,1,VEHICULAR FACTOR,99
29833003,2,VEHICULAR FACTOR,99
29833003,1,VEHICULAR FACTOR,99
29831059,2,VEHICULAR FACTOR,99
29831059,1,VEHICULAR FACTOR,99
29831047,1,VEHICULAR FACTOR,99
29830529,1,VEHICULAR FACTOR,99
29812119,2,VEHICULAR FACTOR,99
29812119,1,VEHICULAR FACTOR,99
29806440,2,VEHICULAR FACTOR,99
29806440,1,VEHICULAR FACTOR,99
29798528,2,VEHICULAR FACTOR,99
29798528,1,VEHICULAR FACTOR,99
29793192,2,VEHICULAR FACTOR,99
29793192,1,VEHICULAR FACTOR,99
29787796,2,VEHICULAR FACTOR,99
29787796,1,VEHICULAR FACTOR,99
29786850,1,VEHICULAR FACTOR,99
29783623,1,VEHICULAR FACTOR,99
29777540,2,VEHICULAR FACTOR,99
29777540,1,VEHICULAR FACTOR,99
29754591,2,VEHICULAR FACTOR,99
29754591,1,VEHICULAR FACTOR,99
29725678,2,VEHICULAR FACTOR,99
29719170,3,VEHICULAR FACTOR,99
29725678,1,VEHICULAR FACTOR,99
29719170,2,VEHICULAR FACTOR,99
29719170,1,VEHICULAR FACTOR,99
29710941,2,VEHICULAR FACTOR,99
29710941,1,VEHICULAR FACTOR,99
29706000,2,VEHICULAR FACTOR,99
29645853,2,VEHICULAR FACTOR,99
29706000,1,VEHICULAR FACTOR,99
29645853,1,VEHICULAR FACTOR,99
29631522,2,VEHICULAR FACTOR,99
29631522,1,VEHICULAR FACTOR,99
29628996,2,VEHICULAR FACTOR,99
29628996,1,VEHICULAR FACTOR,99
29624885,2,VEHICULAR FACTOR,99
29624885,1,VEHICULAR FACTOR,99
29621209,2,VEHICULAR FACTOR,1
29621209,1,VEHICULAR FACTOR,99
29604683,2,VEHICULAR FACTOR,99
29604683,1,VEHICULAR FACTOR,99
29596028,1,VEHICULAR FACTOR,99
29596028,3,VEHICULAR FACTOR,99
29596028,2,VEHICULAR FACTOR,99
29589574,1,VEHICULAR FACTOR,99
29584268,2,VEHICULAR FACTOR,99
29584268,1,VEHICULAR FACTOR,99
29583737,2,VEHICULAR FACTOR,99
29583737,1,VEHICULAR FACTOR,99
29577097,2,VEHICULAR FACTOR,99
29577097,1,VEHICULAR FACTOR,99
29572470,2,VEHICULAR FACTOR,99
29572470,1,VEHICULAR FACTOR,99
29556449,1,VEHICULAR FACTOR,99
29540000,2,VEHICULAR FACTOR,99
29540000,1,VEHICULAR FACTOR,99
30445301,2,ENVIRON FACTOR,2
30451483,1,ENVIRON FACTOR,2
30451483,2,ENVIRON FACTOR,2
30451483,3,ENVIRON FACTOR,2
30451943,1,ENVIRON FACTOR,2
30451943,2,ENVIRON FACTOR,2
30452053,2,ENVIRON FACTOR,2
30453871,1,ENVIRON FACTOR,17
30453871,1,ENVIRON FACTOR,2
30621223,1,ENVIRON FACTOR,2
30621223,1,ENVIRON FACTOR,9
30621223,2,ENVIRON FACTOR,2
30622439,1,ENVIRON FACTOR,2
30622439,2,ENVIRON FACTOR,99
30622439,3,ENVIRON FACTOR,99
30627106,1,ENVIRON FACTOR,2
30627106,2,ENVIRON FACTOR,2
30627609,1,ENVIRON FACTOR,99
30627609,2,ENVIRON FACTOR,2
30627609,3,ENVIRON FACTOR,2
30627609,4,ENVIRON FACTOR,99
30632753,1,ENVIRON FACTOR,2
30632753,2,ENVIRON FACTOR,2
30638042,1,ENVIRON FACTOR,2
30638042,2,ENVIRON FACTOR,2
30638042,3,ENVIRON FACTOR,2
30638043,1,ENVIRON FACTOR,2
30638043,2,ENVIRON FACTOR,2
30638043,3,ENVIRON FACTOR,2
30640848,1,ENVIRON FACTOR,17
30640848,1,ENVIRON FACTOR,2
30640848,2,ENVIRON FACTOR,17
30640848,2,ENVIRON FACTOR,2
30641097,1,ENVIRON FACTOR,2
30641097,2,ENVIRON FACTOR,2
30645675,1,ENVIRON FACTOR,2
30645927,1,ENVIRON FACTOR,2
30645927,2,ENVIRON FACTOR,2
30645928,1,ENVIRON FACTOR,2
30645928,2,ENVIRON FACTOR,2
30645929,1,ENVIRON FACTOR,2
30645929,2,ENVIRON FACTOR,2
30645929,3,ENVIRON FACTOR,17
30645929,3,ENVIRON FACTOR,2
30645930,1,ENVIRON FACTOR,2
30645930,2,ENVIRON FACTOR,2
30646008,1,ENVIRON FACTOR,2
30646008,2,ENVIRON FACTOR,2
30650807,1,ENVIRON FACTOR,2
30650807,2,ENVIRON FACTOR,2
30653595,1,ENVIRON FACTOR,2
30653595,1,ENVIRON FACTOR,9
30653595,2,ENVIRON FACTOR,2
30654929,1,ENVIRON FACTOR,2
30654929,2,ENVIRON FACTOR,99
30669130,1,ENVIRON FACTOR,2
30669130,2,ENVIRON FACTOR,2
30669192,1,ENVIRON FACTOR,2
30669192,2,ENVIRON FACTOR,2
30669319,1,ENVIRON FACTOR,2
30669319,1,ENVIRON FACTOR,9
30669319,2,ENVIRON FACTOR,2
30669319,3,ENVIRON FACTOR,2
30670034,1,ENVIRON FACTOR,2
30670034,2,ENVIRON FACTOR,99
30670366,1,ENVIRON FACTOR,17
30670366,1,ENVIRON FACTOR,2
30670366,2,ENVIRON FACTOR,17
30670366,2,ENVIRON FACTOR,2
30671169,1,ENVIRON FACTOR,2
30671169,2,ENVIRON FACTOR,99
30673322,1,ENVIRON FACTOR,2
30673322,2,ENVIRON FACTOR,99
30674493,1,ENVIRON FACTOR,2
30674493,2,ENVIRON FACTOR,2
30683778,1,ENVIRON FACTOR,2
30683778,2,ENVIRON FACTOR,2
30686741,1,ENVIRON FACTOR,2
30686741,1,ENVIRON FACTOR,97
30687238,1,ENVIRON FACTOR,2
30687238,2,ENVIRON FACTOR,2
30687238,3,ENVIRON FACTOR,2
30687917,1,ENVIRON FACTOR,2
30687917,1,ENVIRON FACTOR,3
30687917,2,ENVIRON FACTOR,2
30688526,1,ENVIRON FACTOR,2
30688526,1,ENVIRON FACTOR,11
30688848,1,ENVIRON FACTOR,2
30694788,1,ENVIRON FACTOR,2
30694788,2,ENVIRON FACTOR,2
30697204,1,ENVIRON FACTOR,2
30697204,2,ENVIRON FACTOR,2
30697622,1,ENVIRON FACTOR,2
30699489,1,ENVIRON FACTOR,2
30699489,2,ENVIRON FACTOR,2
30699496,1,ENVIRON FACTOR,2
30699496,2,ENVIRON FACTOR,2
30699496,3,ENVIRON FACTOR,2
30699496,4,ENVIRON FACTOR,2
30699509,1,ENVIRON FACTOR,2
30699509,1,ENVIRON FACTOR,97
30699509,3,ENVIRON FACTOR,2
30699509,3,ENVIRON FACTOR,13
30699509,4,ENVIRON FACTOR,2
30700783,2,ENVIRON FACTOR,2
30700783,3,ENVIRON FACTOR,9
30701568,1,ENVIRON FACTOR,2
30701568,2,ENVIRON FACTOR,2
30701568,3,ENVIRON FACTOR,2
30702533,1,ENVIRON FACTOR,2
30702533,2,ENVIRON FACTOR,2
30702738,1,ENVIRON FACTOR,2
30702738,2,ENVIRON FACTOR,2
30706960,1,ENVIRON FACTOR,2
30706960,2,ENVIRON FACTOR,2
30709674,1,ENVIRON FACTOR,2
30709674,2,ENVIRON FACTOR,2
30711978,1,ENVIRON FACTOR,2
30711984,1,ENVIRON FACTOR,2
30711984,2,ENVIRON FACTOR,2
30711984,3,ENVIRON FACTOR,2
30711984,4,ENVIRON FACTOR,2
30714726,2,ENVIRON FACTOR,2
30719666,1,ENVIRON FACTOR,2
30719666,1,ENVIRON FACTOR,97
30719666,2,ENVIRON FACTOR,2
30719666,2,ENVIRON FACTOR,97
30727168,1,ENVIRON FACTOR,2
30727168,2,ENVIRON FACTOR,2
30727172,1,ENVIRON FACTOR,2
30727172,2,ENVIRON FACTOR,2
30728805,1,ENVIRON FACTOR,2
30728805,2,ENVIRON FACTOR,2
30738422,1,ENVIRON FACTOR,2
30739194,1,ENVIRON FACTOR,2
30739194,1,ENVIRON FACTOR,11
30739194,2,ENVIRON FACTOR,99
30740200,1,ENVIRON FACTOR,2
30740200,2,ENVIRON FACTOR,2
30740916,1,ENVIRON FACTOR,2
30740916,2,ENVIRON FACTOR,2
30744575,1,ENVIRON FACTOR,2
30744590,1,ENVIRON FACTOR,2
30744590,2,ENVIRON FACTOR,2
30754712,1,ENVIRON FACTOR,99
30754712,2,ENVIRON FACTOR,2
30754712,2,ENVIRON FACTOR,10
30755382,1,ENVIRON FACTOR,2
30755382,2,ENVIRON FACTOR,2
30755811,1,ENVIRON FACTOR,2
30755811,2,ENVIRON FACTOR,2
30755811,3,ENVIRON FACTOR,2
30758241,1,ENVIRON FACTOR,2
30758241,1,ENVIRON FACTOR,5
30760221,1,ENVIRON FACTOR,2
30760221,1,ENVIRON FACTOR,11
30760221,2,ENVIRON FACTOR,99
30761965,1,ENVIRON FACTOR,2
30761965,2,ENVIRON FACTOR,2
30769601,1,ENVIRON FACTOR,2
30769601,2,ENVIRON FACTOR,2
30770785,1,ENVIRON FACTOR,2
30770785,2,ENVIRON FACTOR,2
30773094,1,ENVIRON FACTOR,2
30773094,2,ENVIRON FACTOR,99
30786512,1,ENVIRON FACTOR,2
30786512,2,ENVIRON FACTOR,2
30786978,1,ENVIRON FACTOR,17
30786978,1,ENVIRON FACTOR,2
30786978,2,ENVIRON FACTOR,99
30789725,1,ENVIRON FACTOR,2
30789725,2,ENVIRON FACTOR,2
30789800,1,ENVIRON FACTOR,2
30789800,2,ENVIRON FACTOR,2
30793200,1,ENVIRON FACTOR,2
30793200,2,ENVIRON FACTOR,99
30794899,1,ENVIRON FACTOR,2
30794899,2,ENVIRON FACTOR,2
30799704,1,ENVIRON FACTOR,2
30799704,2,ENVIRON FACTOR,2
30799704,3,ENVIRON FACTOR,2
30799744,1,ENVIRON FACTOR,2
30799744,2,ENVIRON FACTOR,2
30812116,1,ENVIRON FACTOR,2
30812116,1,ENVIRON FACTOR,11
30812116,2,ENVIRON FACTOR,2
30812116,2,ENVIRON FACTOR,11
30813651,1,ENVIRON FACTOR,2
30813651,2,ENVIRON FACTOR,2
30813680,1,ENVIRON FACTOR,2
30813680,2,ENVIRON FACTOR,2
30814711,1,ENVIRON FACTOR,2
30814711,2,ENVIRON FACTOR,2
30816944,1,ENVIRON FACTOR,2
30816944,2,ENVIRON FACTOR,99
30818303,1,ENVIRON FACTOR,2
30818904,1,ENVIRON FACTOR,2
30818904,1,ENVIRON FACTOR,13
30818956,1,ENVIRON FACTOR,2
30818956,2,ENVIRON FACTOR,2
30819144,1,ENVIRON FACTOR,2
30819144,2,ENVIRON FACTOR,99
30823428,1,ENVIRON FACTOR,2
30823428,2,ENVIRON FACTOR,2
30831154,1,ENVIRON FACTOR,2
30831154,1,ENVIRON FACTOR,3
30831154,2,ENVIRON FACTOR,2
30831154,2,ENVIRON FACTOR,3
30831154,3,ENVIRON FACTOR,2
30831154,3,ENVIRON FACTOR,3
30846145,1,ENVIRON FACTOR,2
30846145,2,ENVIRON FACTOR,99
30851136,1,ENVIRON FACTOR,2
30851136,2,ENVIRON FACTOR,2
30857652,1,ENVIRON FACTOR,2
30857652,2,ENVIRON FACTOR,2
30858250,1,ENVIRON FACTOR,99
30858250,2,ENVIRON FACTOR,2
30865670,1,ENVIRON FACTOR,2
30865670,2,ENVIRON FACTOR,2
30872611,1,ENVIRON FACTOR,99
30872611,2,ENVIRON FACTOR,2
30876252,1,ENVIRON FACTOR,2
30876252,2,ENVIRON FACTOR,2
30885516,1,ENVIRON FACTOR,2
30885516,2,ENVIRON FACTOR,99
30885774,1,ENVIRON FACTOR,2
30885774,2,ENVIRON FACTOR,2
30895578,1,ENVIRON FACTOR,2
30895578,2,ENVIRON FACTOR,2
30899985,1,ENVIRON FACTOR,2
30899985,2,ENVIRON FACTOR,2
30907501,1,ENVIRON FACTOR,2
30907501,2,ENVIRON FACTOR,2
30910545,1,ENVIRON FACTOR,2
30910545,2,ENVIRON FACTOR,2
30911552,1,ENVIRON FACTOR,2
30911552,2,ENVIRON FACTOR,17
30911552,2,ENVIRON FACTOR,2
30911552,3,ENVIRON FACTOR,17
30911552,3,ENVIRON FACTOR,2
30911552,4,ENVIRON FACTOR,99
30923136,1,ENVIRON FACTOR,2
30923136,2,ENVIRON FACTOR,2
30924641,1,ENVIRON FACTOR,2
30924641,2,ENVIRON FACTOR,2
30928608,1,ENVIRON FACTOR,2
30928608,2,ENVIRON FACTOR,9
30931244,1,ENVIRON FACTOR,2
30931244,1,ENVIRON FACTOR,11
30931244,2,ENVIRON FACTOR,11
30933846,1,ENVIRON FACTOR,2
30933846,2,ENVIRON FACTOR,2
30945862,1,ENVIRON FACTOR,2
30945862,2,ENVIRON FACTOR,2
30945862,2,ENVIRON FACTOR,9
30983788,1,ENVIRON FACTOR,16
30983788,2,ENVIRON FACTOR,2
30987621,1,ENVIRON FACTOR,17
30987621,1,ENVIRON FACTOR,2
30987621,2,ENVIRON FACTOR,17
30987621,2,ENVIRON FACTOR,2
30997413,1,ENVIRON FACTOR,2
30997413,2,ENVIRON FACTOR,97
30997863,1,ENVIRON FACTOR,2
30997863,1,ENVIRON FACTOR,9
31014534,1,ENVIRON FACTOR,2
31014534,1,ENVIRON FACTOR,11
31014534,2,ENVIRON FACTOR,2
31059529,1,ENVIRON FACTOR,2
31059529,2,ENVIRON FACTOR,99
31059529,3,ENVIRON FACTOR,99
31154772,1,ENVIRON FACTOR,2
31154772,1,ENVIRON FACTOR,14
31154772,2,ENVIRON FACTOR,2
31154772,2,ENVIRON FACTOR,14
31173570,1,ENVIRON FACTOR,2
31329313,1,ENVIRON FACTOR,2
31329313,2,ENVIRON FACTOR,2
31418946,1,ENVIRON FACTOR,2
31418946,1,ENVIRON FACTOR,5
31432635,1,ENVIRON FACTOR,2
31432635,2,ENVIRON FACTOR,2
31758507,1,ENVIRON FACTOR,2
31758507,2,ENVIRON FACTOR,99
32273923,1,ENVIRON FACTOR,2
32273923,1,ENVIRON FACTOR,9
32273923,2,ENVIRON FACTOR,2
32273923,2,ENVIRON FACTOR,9
30440532,1,ENVIRON FACTOR,2
30440532,2,ENVIRON FACTOR,2
30442010,1,ENVIRON FACTOR,2
30442010,2,ENVIRON FACTOR,2
30443896,1,ENVIRON FACTOR,2
30864495,2,ENVIRON FACTOR,2
30872584,1,ENVIRON FACTOR,2
30872584,1,ENVIRON FACTOR,10
30872584,2,ENVIRON FACTOR,99
30875659,1,ENVIRON FACTOR,2
30462131,1,ENVIRON FACTOR,2
30462131,2,ENVIRON FACTOR,2
30468824,1,ENVIRON FACTOR,2
30478157,1,ENVIRON FACTOR,2
30478157,2,ENVIRON FACTOR,2
30478816,1,ENVIRON FACTOR,2
30478816,2,ENVIRON FACTOR,2
30480837,1,ENVIRON FACTOR,2
30480837,2,ENVIRON FACTOR,2
30482368,1,ENVIRON FACTOR,2
30491616,1,ENVIRON FACTOR,2
30491616,2,ENVIRON FACTOR,2
30491617,1,ENVIRON FACTOR,2
30491617,2,ENVIRON FACTOR,2
30497003,1,ENVIRON FACTOR,2
30497003,2,ENVIRON FACTOR,2
30497003,2,ENVIRON FACTOR,9
30504100,1,ENVIRON FACTOR,2
30504100,1,ENVIRON FACTOR,13
30506701,1,ENVIRON FACTOR,2
30507171,1,ENVIRON FACTOR,2
30507171,2,ENVIRON FACTOR,2
30507171,3,ENVIRON FACTOR,2
30507424,1,ENVIRON FACTOR,2
30507424,2,ENVIRON FACTOR,2
30507506,1,ENVIRON FACTOR,2
30527186,2,ENVIRON FACTOR,2
30533793,1,ENVIRON FACTOR,2
30533793,2,ENVIRON FACTOR,2
30534531,1,ENVIRON FACTOR,2
30534533,1,ENVIRON FACTOR,99
30534533,2,ENVIRON FACTOR,2
30536572,1,ENVIRON FACTOR,2
30536572,2,ENVIRON FACTOR,9
30539402,1,ENVIRON FACTOR,2
30539402,1,ENVIRON FACTOR,11
30541430,1,ENVIRON FACTOR,2
30541430,2,ENVIRON FACTOR,2
30541431,1,ENVIRON FACTOR,2
30541431,2,ENVIRON FACTOR,2
30541431,3,ENVIRON FACTOR,2
30542775,2,ENVIRON FACTOR,2
30542775,2,ENVIRON FACTOR,12
30544474,1,ENVIRON FACTOR,2
30544474,2,ENVIRON FACTOR,2
30545594,1,ENVIRON FACTOR,2
30545594,2,ENVIRON FACTOR,2
30549435,1,ENVIRON FACTOR,2
30549435,1,ENVIRON FACTOR,6
30550983,1,ENVIRON FACTOR,2
30550983,1,ENVIRON FACTOR,9
30550983,2,ENVIRON FACTOR,2
30550983,2,ENVIRON FACTOR,9
30551881,1,ENVIRON FACTOR,2
30551881,2,ENVIRON FACTOR,2
30560914,1,ENVIRON FACTOR,2
30560914,1,ENVIRON FACTOR,6
30566569,1,ENVIRON FACTOR,2
30566569,2,ENVIRON FACTOR,2
30566932,1,ENVIRON FACTOR,2
30566932,2,ENVIRON FACTOR,2
30567775,1,ENVIRON FACTOR,2
30567775,1,ENVIRON FACTOR,9
30567775,2,ENVIRON FACTOR,2
30571027,1,ENVIRON FACTOR,2
30571027,2,ENVIRON FACTOR,2
30574768,1,ENVIRON FACTOR,2
30507506,2,ENVIRON FACTOR,2
30509764,1,ENVIRON FACTOR,2
30509764,2,ENVIRON FACTOR,99
30512991,1,ENVIRON FACTOR,2
30512991,2,ENVIRON FACTOR,2
30513005,1,ENVIRON FACTOR,2
30513005,2,ENVIRON FACTOR,2
30513005,3,ENVIRON FACTOR,2
30519641,1,ENVIRON FACTOR,2
30519641,2,ENVIRON FACTOR,2
30520867,1,ENVIRON FACTOR,2
30520867,2,ENVIRON FACTOR,2
30526462,1,ENVIRON FACTOR,2
30526462,2,ENVIRON FACTOR,2
30527186,1,ENVIRON FACTOR,2
30527186,1,ENVIRON FACTOR,9
30574768,2,ENVIRON FACTOR,2
30575383,1,ENVIRON FACTOR,2
30575383,2,ENVIRON FACTOR,99
30577665,1,ENVIRON FACTOR,2
30577665,2,ENVIRON FACTOR,2
30580871,1,ENVIRON FACTOR,17
30580871,1,ENVIRON FACTOR,2
30580871,2,ENVIRON FACTOR,99
30582909,1,ENVIRON FACTOR,2
30582909,2,ENVIRON FACTOR,2
30582917,1,ENVIRON FACTOR,2
30582917,2,ENVIRON FACTOR,2
30582917,3,ENVIRON FACTOR,2
30582917,4,ENVIRON FACTOR,2
30582917,5,ENVIRON FACTOR,2
30582917,6,ENVIRON FACTOR,2
30582919,1,ENVIRON FACTOR,2
30582919,2,ENVIRON FACTOR,2
30586013,1,ENVIRON FACTOR,17
30586013,1,ENVIRON FACTOR,2
30586013,2,ENVIRON FACTOR,99
30586292,1,ENVIRON FACTOR,2
30586292,2,ENVIRON FACTOR,2
30587312,1,ENVIRON FACTOR,2
30587312,2,ENVIRON FACTOR,2
30589672,1,ENVIRON FACTOR,2
30589672,2,ENVIRON FACTOR,99
30591119,1,ENVIRON FACTOR,17
30591119,1,ENVIRON FACTOR,2
30591119,2,ENVIRON FACTOR,17
30591119,2,ENVIRON FACTOR,2
30601011,1,ENVIRON FACTOR,2
30602508,1,ENVIRON FACTOR,2
30602508,2,ENVIRON FACTOR,2
30612771,1,ENVIRON FACTOR,2
30612771,2,ENVIRON FACTOR,2
30612810,1,ENVIRON FACTOR,2
30613261,1,ENVIRON FACTOR,2
30613261,2,ENVIRON FACTOR,2
30613868,2,ENVIRON FACTOR,2
30613868,1,ENVIRON FACTOR,2
30617041,1,ENVIRON FACTOR,2
30617041,1,ENVIRON FACTOR,3
30617041,2,ENVIRON FACTOR,2
30617041,2,ENVIRON FACTOR,3
30620998,1,ENVIRON FACTOR,2
30620998,1,ENVIRON FACTOR,15
30453871,2,ENVIRON FACTOR,17
30453871,2,ENVIRON FACTOR,2
30457129,1,ENVIRON FACTOR,2
30457129,2,ENVIRON FACTOR,2
30461376,1,ENVIRON FACTOR,2
30329814,2,ENVIRON FACTOR,99
30330039,1,ENVIRON FACTOR,2
30330039,1,DRIVER DISTRACTED BY,3
30461376,1,DRIVER DISTRACTED BY,4
30620998,1,DRIVER DISTRACTED BY,5
30582919,1,DRIVER DISTRACTED BY,3
30527186,1,DRIVER DISTRACTED BY,4
30574768,1,DRIVER DISTRACTED BY,3
30507506,1,DRIVER DISTRACTED BY,1
30491616,1,DRIVER DISTRACTED BY,4
30875659,1,DRIVER DISTRACTED BY,2
30443896,1,DRIVER DISTRACTED BY,4
30453871,1,DRIVER DISTRACTED BY,3
30268334,1,DRIVER DISTRACTED BY,5
30942094,1,DRIVER DISTRACTED BY,5
30534134,1,DRIVER DISTRACTED BY,4
30672321,1,DRIVER DISTRACTED BY,4
30864495,1,DRIVER DISTRACTED BY,3
30616237,1,DRIVER DISTRACTED BY,1
30591147,1,DRIVER DISTRACTED BY,4
30498722,1,DRIVER DISTRACTED BY,3
30487947,1,DRIVER DISTRACTED BY,3
30476755,1,DRIVER DISTRACTED BY,3
30435716,1,DRIVER DISTRACTED BY,4
30355054,1,DRIVER DISTRACTED BY,4
30418673,1,DRIVER DISTRACTED BY,5
29984582,1,DRIVER DISTRACTED BY,1
29984582,1,DRIVER DISTRACTED BY,3
29981525,1,DRIVER DISTRACTED BY,4
29970607,1,DRIVER DISTRACTED BY,4
30089216,1,DRIVER DISTRACTED BY,3
30329814,1,DRIVER DISTRACTED BY,3
29978338,1,DRIVER DISTRACTED BY,4
30141594,1,DRIVER DISTRACTED BY,4
29915633,1,DRIVER DISTRACTED BY,1
